Scenario,TaskCount,Run,Algorithm,Cost,Carbon,SLASatisfaction,SLAViolationRate,RenewableUtilization,LoadImbalance,Runtime
Static Environment,50,0,FCFS,9.644999999999998,79.69999999999999,0.82,0.18000000000000005,0.619,8.98262211161084,0.0007577999494969845
Static Environment,50,0,Round Robin,9.644999999999998,79.69999999999999,0.82,0.18000000000000005,0.619,8.98262211161084,0.0006341999978758395
Static Environment,50,0,Min-Min,7.720000000000005,77.19999999999999,0.42,0.5800000000000001,0.7000000000000002,83.57145146519834,0.0006626999820582569
Static Environment,50,0,Max-Min,11.579999999999998,38.599999999999994,1.0,0.0,0.85,83.57145146519834,0.0007252999930642545
Static Environment,50,0,GA,11.579999999999998,38.599999999999994,1.0,0.0,0.85,83.57145146519834,0.001479300030041486
Static Environment,50,0,Classical,11.579999999999998,38.599999999999994,1.0,0.0,0.85,83.57145146519834,0.0016598000074736774
Static Environment,50,0,Proposed Quantum-Inspired,9.490000000000002,75.39999999999998,0.86,0.14,0.6549999999999998,12.376893794486563,0.002659899997524917
Static Environment,50,1,FCFS,10.254999999999997,88.90000000000002,0.8,0.19999999999999996,0.619,5.385164807134504,0.0006767000304535031
Static Environment,50,1,Round Robin,10.254999999999997,88.90000000000002,0.8,0.19999999999999996,0.619,5.385164807134504,0.0006056000129319727
Static Environment,50,1,Min-Min,8.320000000000004,83.19999999999997,0.56,0.43999999999999995,0.7000000000000002,90.06664199358161,0.0007463999791070819
Static Environment,50,1,Max-Min,12.479999999999999,41.59999999999999,1.0,0.0,0.85,90.06664199358161,0.0007294000242836773
Static Environment,50,1,GA,12.479999999999999,41.59999999999999,1.0,0.0,0.85,90.06664199358161,0.001374299987219274
Static Environment,50,1,Classical,12.479999999999999,41.59999999999999,1.0,0.0,0.85,90.06664199358161,0.0021049000206403434
Static Environment,50,1,Proposed Quantum-Inspired,10.175,83.09999999999998,0.8,0.19999999999999996,0.64,10.319883720275147,0.0030402999836951494
Static Environment,50,2,FCFS,11.51,101.39999999999998,0.84,0.16000000000000003,0.619,4.656984002549289,0.0010541000519879162
Static Environment,50,2,Round Robin,11.51,101.39999999999998,0.84,0.16000000000000003,0.619,4.656984002549289,0.0007629000465385616
Static Environment,50,2,Min-Min,9.400000000000002,94.00000000000003,0.56,0.43999999999999995,0.7000000000000002,101.75798494467153,0.0008020999957807362
Static Environment,50,2,Max-Min,14.1,47.000000000000014,1.0,0.0,0.85,101.75798494467153,0.0006781999836675823
Static Environment,50,2,GA,14.1,47.000000000000014,1.0,0.0,0.85,101.75798494467153,0.0012642000219784677
Static Environment,50,2,Classical,14.1,47.000000000000014,1.0,0.0,0.85,101.75798494467153,0.00211269996361807
Static Environment,50,2,Proposed Quantum-Inspired,11.54,90.59999999999998,0.84,0.16000000000000003,0.6459999999999999,17.09349291397168,0.0032009000424295664
Static Environment,50,3,FCFS,10.714999999999996,94.10000000000001,0.8,0.19999999999999996,0.619,2.277608394786075,0.0005955999949947
Static Environment,50,3,Round Robin,10.714999999999996,94.10000000000001,0.8,0.19999999999999996,0.619,2.277608394786075,0.0006098999874666333
Static Environment,50,3,Min-Min,8.840000000000003,88.39999999999998,0.48,0.52,0.7000000000000002,95.69580711818047,0.0007285999599844217
Static Environment,50,3,Max-Min,13.259999999999998,44.19999999999999,1.0,0.0,0.85,95.69580711818047,0.0006794999935664237
Static Environment,50,3,GA,13.259999999999998,44.19999999999999,1.0,0.0,0.85,95.69580711818047,0.0011236999998800457
Static Environment,50,3,Classical,12.979999999999997,46.999999999999986,0.94,0.06000000000000005,0.841,87.79913154467987,0.0014970000484026968
Static Environment,50,3,Proposed Quantum-Inspired,11.064999999999996,85.50000000000003,0.92,0.07999999999999996,0.6460000000000001,23.54118731075389,0.002640599966980517
Static Environment,50,4,FCFS,10.084999999999999,89.70000000000002,0.8,0.19999999999999996,0.619,5.244044240850758,0.0005943000433035195
Static Environment,50,4,Round Robin,10.084999999999999,89.70000000000002,0.8,0.19999999999999996,0.619,5.244044240850758,0.0005864999839104712
Static Environment,50,4,Min-Min,8.320000000000004,83.2,0.48,0.52,0.7000000000000002,90.06664199358161,0.0006398999830707908
Static Environment,50,4,Max-Min,12.48,41.6,1.0,0.0,0.85,90.06664199358161,0.0006209999555721879
Static Environment,50,4,GA,12.48,41.6,1.0,0.0,0.85,90.06664199358161,0.0010716000106185675
Static Environment,50,4,Classical,12.32,43.2,0.98,0.020000000000000018,0.847,85.5102333057278,0.0015038000419735909
Static Environment,50,4,Proposed Quantum-Inspired,9.854999999999999,92.90000000000002,0.86,0.14,0.598,26.095976701399778,0.0024337000213563442
Static Environment,50,5,FCFS,10.97,95.19999999999999,0.82,0.18000000000000005,0.619,3.766629793329841,0.0005966000026091933
Static Environment,50,5,Round Robin,10.97,95.19999999999999,0.82,0.18000000000000005,0.619,3.766629793329841,0.0005865999846719205
Static Environment,50,5,Min-Min,9.000000000000005,90.00000000000004,0.54,0.45999999999999996,0.7000000000000002,97.42785792574935,0.0006366000161506236
Static Environment,50,5,Max-Min,13.499999999999998,45.00000000000002,1.0,0.0,0.85,97.42785792574935,0.0006312999757938087
Static Environment,50,5,GA,13.499999999999998,45.00000000000002,1.0,0.0,0.85,97.42785792574935,0.0011599999852478504
Static Environment,50,5,Classical,13.299999999999999,47.00000000000002,0.96,0.040000000000000036,0.8440000000000001,91.74523148371254,0.0015019000275060534
Static Environment,50,5,Proposed Quantum-Inspired,10.595000000000002,94.3,0.84,0.16000000000000003,0.6489999999999999,20.191272867256288,0.002697399992030114
Static Environment,50,6,FCFS,10.394999999999994,92.1,0.76,0.24,0.619,4.602988159880492,0.000679899996612221
Static Environment,50,6,Round Robin,10.394999999999994,92.1,0.76,0.24,0.619,4.602988159880492,0.0006070999661460519
Static Environment,50,6,Min-Min,8.520000000000003,85.19999999999997,0.38,0.62,0.7000000000000002,92.23170550304272,0.0007108999998308718
Static Environment,50,6,Max-Min,12.779999999999996,42.59999999999999,1.0,0.0,0.85,92.23170550304272,0.000723700039088726
Static Environment,50,6,GA,12.779999999999996,42.59999999999999,1.0,0.0,0.85,92.23170550304272,0.001128799980506301
Static Environment,50,6,Classical,12.479999999999995,45.59999999999998,0.94,0.06000000000000005,0.841,83.79551002291232,0.0014810999855399132
Static Environment,50,6,Proposed Quantum-Inspired,10.684999999999999,85.29999999999998,0.76,0.24,0.643,20.327014045353536,0.002520900045055896
Static Environment,50,7,FCFS,10.430000000000001,93.2,0.76,0.24,0.619,3.191786333700926,0.0007003000355325639
Static Environment,50,7,Round Robin,10.430000000000001,93.2,0.76,0.24,0.619,3.191786333700926,0.0008895999635569751
Static Environment,50,7,Min-Min,8.600000000000003,85.99999999999997,0.48,0.52,0.7000000000000002,93.09773090682715,0.0008270000107586384
Static Environment,50,7,Max-Min,12.9,42.999999999999986,1.0,0.0,0.85,93.09773090682715,0.0008158999844454229
Static Environment,50,7,GA,12.9,42.999999999999986,1.0,0.0,0.85,93.09773090682715,0.0012185000232420862
Static Environment,50,7,Classical,12.78,44.19999999999998,0.94,0.06000000000000005,0.841,89.66709262600187,0.0018099000444635749
Static Environment,50,7,Proposed Quantum-Inspired,10.454999999999997,93.70000000000002,0.82,0.18000000000000005,0.616,16.269219403523945,0.002732599969021976
Static Environment,50,8,FCFS,11.209999999999999,98.99999999999997,0.82,0.18000000000000005,0.619,6.609652033201143,0.0006249999860301614
Static Environment,50,8,Round Robin,11.209999999999999,98.99999999999997,0.82,0.18000000000000005,0.619,6.609652033201143,0.0005953999934718013
Static Environment,50,8,Min-Min,9.160000000000002,91.6,0.4,0.6,0.7000000000000002,99.15990873331822,0.0006526000215671957
Static Environment,50,8,Max-Min,13.74,45.8,1.0,0.0,0.85,99.15990873331822,0.0006484999903477728
Static Environment,50,8,GA,13.74,45.8,1.0,0.0,0.85,99.15990873331822,0.0011516999802552164
Static Environment,50,8,Classical,13.3,50.199999999999996,0.94,0.06000000000000005,0.841,86.92345770849201,0.0017586000030860305
Static Environment,50,8,Proposed Quantum-Inspired,11.075,95.10000000000001,0.78,0.21999999999999997,0.6249999999999999,7.495832175282475,0.0030901000136509538
Static Environment,50,9,FCFS,11.515,100.89999999999999,0.84,0.16000000000000003,0.619,6.5383484153110105,0.000915899989195168
Static Environment,50,9,Round Robin,11.515,100.89999999999999,0.84,0.16000000000000003,0.619,6.5383484153110105,0.0010199000244028866
Static Environment,50,9,Min-Min,9.52,95.20000000000005,0.7,0.30000000000000004,0.7000000000000002,103.05702305034819,0.0011691999970935285
Static Environment,50,9,Max-Min,14.280000000000001,47.60000000000002,1.0,0.0,0.85,103.05702305034819,0.0009737000218592584
Static Environment,50,9,GA,14.280000000000001,47.60000000000002,1.0,0.0,0.85,103.05702305034819,0.0012836999958381057
Static Environment,50,9,Classical,13.96,50.80000000000001,0.92,0.07999999999999996,0.8380000000000001,94.04653103650341,0.0022502000210806727
Static Environment,50,9,Proposed Quantum-Inspired,11.284999999999998,107.10000000000002,0.88,0.12,0.61,11.863810517704673,0.004797300032805651
Static Environment,50,10,FCFS,11.950000000000001,103.99999999999999,0.8,0.19999999999999996,0.619,7.980444849756184,0.0006329999887384474
Static Environment,50,10,Round Robin,11.950000000000001,103.99999999999999,0.8,0.19999999999999996,0.619,7.980444849756184,0.0005799999926239252
Static Environment,50,10,Min-Min,9.72,97.20000000000005,0.52,0.48,0.7000000000000002,105.2220865598093,0.000987800012808293
Static Environment,50,10,Max-Min,14.580000000000005,48.60000000000002,1.0,0.0,0.85,105.2220865598093,0.0006448000203818083
Static Environment,50,10,GA,14.580000000000005,48.60000000000002,1.0,0.0,0.85,105.2220865598093,0.0011548000038601458
Static Environment,50,10,Classical,14.360000000000003,50.80000000000002,0.94,0.06000000000000005,0.841,98.97316555511398,0.0023083999985828996
Static Environment,50,10,Proposed Quantum-Inspired,11.639999999999997,99.59999999999998,0.76,0.24,0.6580000000000001,14.13108276106258,0.002884300018195063
Static Environment,50,11,FCFS,10.885,92.5,0.86,0.14,0.619,8.870597499605086,0.0009136000298894942
Static Environment,50,11,Round Robin,10.885,92.5,0.86,0.14,0.619,8.870597499605086,0.0009602000354789197
Static Environment,50,11,Min-Min,8.919999999999998,89.20000000000003,0.54,0.45999999999999996,0.7000000000000002,96.5618325219649,0.0010800999589264393
Static Environment,50,11,Max-Min,13.380000000000003,44.600000000000016,1.0,0.0,0.85,96.5618325219649,0.0011452999897301197
Static Environment,50,11,GA,13.380000000000003,44.600000000000016,1.0,0.0,0.85,96.5618325219649,0.0020242000464349985
Static Environment,50,11,Classical,13.300000000000002,45.40000000000002,0.98,0.020000000000000018,0.847,94.26657679156489,0.0026941000251099467
Static Environment,50,11,Proposed Quantum-Inspired,10.944999999999997,93.70000000000003,0.8,0.19999999999999996,0.643,7.013380069552769,0.004029800009448081
Static Environment,50,12,FCFS,10.749999999999998,95.39999999999998,0.92,0.07999999999999996,0.619,2.5860201081971503,0.0007736000115983188
Static Environment,50,12,Round Robin,10.749999999999998,95.39999999999998,0.92,0.07999999999999996,0.619,2.5860201081971503,0.000622799969278276
Static Environment,50,12,Min-Min,8.840000000000002,88.39999999999999,0.52,0.48,0.7000000000000002,95.69580711818047,0.0006741000106558204
Static Environment,50,12,Max-Min,13.259999999999998,44.199999999999996,1.0,0.0,0.85,95.69580711818047,0.0010295999818481505
Static Environment,50,12,GA,13.259999999999998,44.199999999999996,1.0,0.0,0.85,95.69580711818047,0.0019262999994680285
Static Environment,50,12,Classical,13.179999999999998,45.0,0.98,0.020000000000000018,0.847,93.40068254568592,0.0026907999999821186
Static Environment,50,12,Proposed Quantum-Inspired,10.839999999999996,93.60000000000002,0.82,0.18000000000000005,0.634,4.548351349665063,0.0030391000327654183
Static Environment,50,13,FCFS,11.01,99.6,0.82,0.18000000000000005,0.619,4.949747468305833,0.0009083999902941287
Static Environment,50,13,Round Robin,11.01,99.6,0.82,0.18000000000000005,0.619,4.949747468305833,0.0008338000043295324
Static Environment,50,13,Min-Min,9.12,91.20000000000002,0.54,0.45999999999999996,0.7000000000000002,98.72689603142601,0.000880400009918958
Static Environment,50,13,Max-Min,13.680000000000001,45.60000000000001,1.0,0.0,0.85,98.72689603142601,0.0008508000173605978
Static Environment,50,13,GA,13.680000000000001,45.60000000000001,1.0,0.0,0.85,98.72689603142601,0.0011368999839760363
Static Environment,50,13,Classical,13.48,47.6,0.94,0.06000000000000005,0.841,93.04300081145277,0.0017713999841362238
Static Environment,50,13,Proposed Quantum-Inspired,11.129999999999994,91.80000000000003,0.9,0.09999999999999998,0.643,11.683321445547923,0.003875099995639175
Static Environment,50,14,FCFS,10.599999999999998,92.60000000000005,0.88,0.12,0.619,4.527692569068709,0.0011059999815188348
Static Environment,50,14,Round Robin,10.599999999999998,92.60000000000005,0.88,0.12,0.619,4.527692569068709,0.0011121000279672444
Static Environment,50,14,Min-Min,8.64,86.4,0.5,0.5,0.7000000000000002,93.53074360871938,0.0006423000013455749
Static Environment,50,14,Max-Min,12.959999999999999,43.2,1.0,0.0,0.85,93.53074360871938,0.0006471999804489315
Static Environment,50,14,GA,12.959999999999999,43.2,1.0,0.0,0.85,93.53074360871938,0.001936199958436191
Static Environment,50,14,Classical,12.599999999999998,46.800000000000004,0.94,0.06000000000000005,0.8410000000000001,83.46256645946133,0.0027990000089630485
Static Environment,50,14,Proposed Quantum-Inspired,10.799999999999999,88.20000000000002,0.82,0.18000000000000005,0.655,10.173494974687902,0.003303599951323122
Static Environment,50,15,FCFS,9.985,86.7,0.8,0.19999999999999996,0.619,6.726812023536855,0.0006397999823093414
Static Environment,50,15,Round Robin,9.985,86.7,0.8,0.19999999999999996,0.619,6.726812023536855,0.0005872000474482775
Static Environment,50,15,Min-Min,8.240000000000004,82.4,0.44,0.56,0.7000000000000002,89.20061658979718,0.0011563000152818859
Static Environment,50,15,Max-Min,12.36,41.2,1.0,0.0,0.85,89.20061658979718,0.0011676999856717885
Static Environment,50,15,GA,12.36,41.2,1.0,0.0,0.85,89.20061658979718,0.001451199990697205
Static Environment,50,15,Classical,12.199999999999998,42.8,0.96,0.040000000000000036,0.8440000000000001,84.64484626957508,0.0015025000320747495
Static Environment,50,15,Proposed Quantum-Inspired,10.284999999999997,81.30000000000003,0.88,0.12,0.631,12.093386622447824,0.003262299986090511
Static Environment,50,16,FCFS,10.155,92.10000000000001,0.88,0.12,0.619,6.06217782649107,0.0008430000161752105
Static Environment,50,16,Round Robin,10.155,92.10000000000001,0.88,0.12,0.619,6.06217782649107,0.0007730000070296228
Static Environment,50,16,Min-Min,8.400000000000006,83.99999999999999,0.46,0.54,0.7000000000000002,90.93266739736606,0.00102980004157871
Static Environment,50,16,Max-Min,12.600000000000001,41.99999999999999,1.0,0.0,0.85,90.93266739736606,0.0008155999821610749
Static Environment,50,16,GA,12.600000000000001,41.99999999999999,1.0,0.0,0.85,90.93266739736606,0.0011952000204473734
Static Environment,50,16,Classical,12.42,43.8,0.96,0.040000000000000036,0.8440000000000001,85.81520844232682,0.0017724999925121665
Static Environment,50,16,Proposed Quantum-Inspired,10.099999999999998,88.00000000000001,0.76,0.24,0.6219999999999999,11.84271928232701,0.003687500022351742
Static Environment,50,17,FCFS,11.415,99.1,0.78,0.21999999999999997,0.619,6.179603547154137,0.0006542999763041735
Static Environment,50,17,Round Robin,11.415,99.1,0.78,0.21999999999999997,0.619,6.179603547154137,0.0006427000043913722
Static Environment,50,17,Min-Min,9.320000000000002,93.19999999999999,0.46,0.54,0.7000000000000002,100.8919595408871,0.0009190999553538859
Static Environment,50,17,Max-Min,13.979999999999999,46.599999999999994,1.0,0.0,0.85,100.8919595408871,0.0009877000120468438
Static Environment,50,17,GA,13.979999999999999,46.599999999999994,1.0,0.0,0.85,100.8919595408871,0.0017499999958090484
Static Environment,50,17,Classical,13.759999999999998,48.8,0.96,0.040000000000000036,0.8440000000000001,94.64770203232618,0.002130500040948391
Static Environment,50,17,Proposed Quantum-Inspired,11.114999999999998,105.69999999999997,0.86,0.14,0.592,21.533404282648853,0.0032356000156141818
Static Environment,50,18,FCFS,10.654999999999996,96.5,0.84,0.16000000000000003,0.619,5.11737237261468,0.0009290000307373703
Static Environment,50,18,Round Robin,10.654999999999996,96.5,0.84,0.16000000000000003,0.619,5.11737237261468,0.0009754999773576856
Static Environment,50,18,Min-Min,8.840000000000002,88.39999999999999,0.64,0.36,0.7000000000000002,95.69580711818047,0.0011666000355035067
Static Environment,50,18,Max-Min,13.260000000000002,44.199999999999996,1.0,0.0,0.85,95.69580711818047,0.0012075999984517694
Static Environment,50,18,GA,13.260000000000002,44.199999999999996,1.0,0.0,0.85,95.69580711818047,0.0010953000164590776
Static Environment,50,18,Classical,13.120000000000001,45.599999999999994,0.98,0.020000000000000018,0.847,91.69889584940486,0.0026270999806001782
Static Environment,50,18,Proposed Quantum-Inspired,11.004999999999999,91.49999999999997,0.86,0.14,0.64,9.12071817347735,0.004258700006175786
Static Environment,50,19,FCFS,11.73,104.4,0.8,0.19999999999999996,0.619,5.673402858955108,0.0008091000490821898
Static Environment,50,19,Round Robin,11.73,104.4,0.8,0.19999999999999996,0.619,5.673402858955108,0.0007171999895945191
Static Environment,50,19,Min-Min,9.720000000000002,97.20000000000005,0.44,0.56,0.7000000000000002,105.2220865598093,0.0008375000325031579
Static Environment,50,19,Max-Min,14.58,48.60000000000002,1.0,0.0,0.85,105.2220865598093,0.0011242000036872923
Static Environment,50,19,GA,14.58,48.60000000000002,1.0,0.0,0.85,105.2220865598093,0.0013106000260449946
Static Environment,50,19,Classical,14.459999999999999,49.800000000000026,0.96,0.040000000000000036,0.8440000000000001,101.78746239100374,0.00166229996830225
Static Environment,50,19,Proposed Quantum-Inspired,12.084999999999999,104.89999999999998,0.86,0.14,0.622,11.712706775122479,0.0062970000435598195
Static Environment,50,20,FCFS,11.099999999999996,96.2,0.88,0.12,0.619,4.387482193696061,0.001242399972397834
Static Environment,50,20,Round Robin,11.099999999999996,96.2,0.88,0.12,0.619,4.387482193696061,0.001144499983638525
Static Environment,50,20,Min-Min,9.040000000000001,90.40000000000002,0.48,0.52,0.7000000000000002,97.86087062764156,0.0014183000312186778
Static Environment,50,20,Max-Min,13.560000000000002,45.20000000000001,1.0,0.0,0.85,97.86087062764156,0.000743200012948364
Static Environment,50,20,GA,13.560000000000002,45.20000000000001,1.0,0.0,0.85,97.86087062764156,0.0013722000294364989
Static Environment,50,20,Classical,13.320000000000004,47.6,0.96,0.040000000000000036,0.8440000000000001,91.06453755441797,0.0033087999909184873
Static Environment,50,20,Proposed Quantum-Inspired,11.01,85.99999999999999,0.86,0.14,0.67,20.838665984174707,0.003943399991840124
Static Environment,50,21,FCFS,9.879999999999999,93.00000000000001,0.8,0.19999999999999996,0.619,15.514106484100203,0.0012359999818727374
Static Environment,50,21,Round Robin,9.879999999999999,93.00000000000001,0.8,0.19999999999999996,0.619,15.514106484100203,0.0011972999782301486
Static Environment,50,21,Min-Min,8.120000000000003,81.20000000000002,0.5,0.5,0.7000000000000002,87.90157848412052,0.0013942999648861587
Static Environment,50,21,Max-Min,12.180000000000001,40.60000000000001,1.0,0.0,0.85,87.90157848412052,0.0014668000512756407
Static Environment,50,21,GA,12.180000000000001,40.60000000000001,1.0,0.0,0.85,87.90157848412052,0.0015241000219248235
Static Environment,50,21,Classical,12.02,42.2,0.94,0.06000000000000005,0.841,83.34679058008173,0.0020554999937303364
Static Environment,50,21,Proposed Quantum-Inspired,10.395,77.5,0.86,0.14,0.655,18.619546181365433,0.00507010001456365
Static Environment,50,22,FCFS,9.135,81.29999999999998,0.82,0.18000000000000005,0.619,8.874119674649425,0.0012030999641865492
Static Environment,50,22,Round Robin,9.135,81.29999999999998,0.82,0.18000000000000005,0.619,8.874119674649425,0.0005884999991394579
Static Environment,50,22,Min-Min,7.440000000000004,74.4,0.44,0.56,0.7000000000000002,80.5403625519528,0.0006385999731719494
Static Environment,50,22,Max-Min,11.16,37.2,1.0,0.0,0.85,80.5403625519528,0.0009987999801523983
Static Environment,50,22,GA,11.16,37.2,1.0,0.0,0.85,80.5403625519528,0.0021002000430598855
Static Environment,50,22,Classical,11.08,38.0,0.98,0.020000000000000018,0.847,78.24800316941001,0.0022458999883383512
Static Environment,50,22,Proposed Quantum-Inspired,9.044999999999998,78.3,0.76,0.24,0.643,2.29128784747792,0.0025605999981053174
Static Environment,50,23,FCFS,12.065,106.30000000000003,0.82,0.18000000000000005,0.619,9.604686356149273,0.000749400001950562
Static Environment,50,23,Round Robin,12.065,106.30000000000003,0.82,0.18000000000000005,0.619,9.604686356149273,0.000964700011536479
Static Environment,50,23,Min-Min,9.840000000000003,98.40000000000002,0.48,0.52,0.7000000000000002,106.52112466548596,0.0008285000221803784
Static Environment,50,23,Max-Min,14.760000000000003,49.20000000000001,1.0,0.0,0.85,106.52112466548596,0.0006386999739333987
Static Environment,50,23,GA,14.760000000000003,49.20000000000001,1.0,0.0,0.85,106.52112466548596,0.0012605999945662916
Static Environment,50,23,Classical,14.600000000000003,50.80000000000001,0.98,0.020000000000000018,0.847,101.9546467798305,0.001820000004954636
Static Environment,50,23,Proposed Quantum-Inspired,12.44,99.39999999999998,0.86,0.14,0.649,16.740669042783207,0.004613200027961284
Static Environment,50,24,FCFS,10.349999999999993,88.20000000000002,0.9,0.09999999999999998,0.619,6.87386354243376,0.0007578000077046454
Static Environment,50,24,Round Robin,10.349999999999993,88.20000000000002,0.9,0.09999999999999998,0.619,6.87386354243376,0.0006560000474564731
Static Environment,50,24,Min-Min,8.400000000000004,83.99999999999997,0.54,0.45999999999999996,0.7000000000000002,90.93266739736606,0.0006976000149734318
Static Environment,50,24,Max-Min,12.599999999999996,41.999999999999986,1.0,0.0,0.85,90.93266739736606,0.0006696000345982611
Static Environment,50,24,GA,12.599999999999996,41.999999999999986,1.0,0.0,0.85,90.93266739736606,0.0013547000125981867
Static Environment,50,24,Classical,12.519999999999996,42.79999999999999,0.98,0.020000000000000018,0.847,88.6383100019399,0.0027691000141203403
Static Environment,50,24,Proposed Quantum-Inspired,10.689999999999992,79.4,0.86,0.14,0.6669999999999999,18.282505298782223,0.0036291999858804047
Static Environment,50,25,FCFS,11.409999999999998,101.6,0.84,0.16000000000000003,0.619,4.6097722286464435,0.000618399993982166
Static Environment,50,25,Round Robin,11.409999999999998,101.6,0.84,0.16000000000000003,0.619,4.6097722286464435,0.0005780999781563878
Static Environment,50,25,Min-Min,9.360000000000003,93.60000000000004,0.54,0.45999999999999996,0.7000000000000002,101.32497224277932,0.0012949000229127705
Static Environment,50,25,Max-Min,14.040000000000001,46.80000000000002,1.0,0.0,0.85,101.32497224277932,0.0006988000241108239
Static Environment,50,25,GA,14.040000000000001,46.80000000000002,1.0,0.0,0.85,101.32497224277932,0.0011111999629065394
Static Environment,50,25,Classical,13.98,47.40000000000001,0.96,0.040000000000000036,0.8440000000000001,99.60045180620418,0.001770299975760281
Static Environment,50,25,Proposed Quantum-Inspired,11.744999999999997,84.9,0.78,0.21999999999999997,0.6820000000000002,25.22399651125888,0.002836100000422448
Static Environment,50,26,FCFS,11.49,102.6,0.84,0.16000000000000003,0.619,10.894379284750462,0.000982099969405681
Static Environment,50,26,Round Robin,11.49,102.6,0.84,0.16000000000000003,0.619,10.894379284750462,0.0009248999995179474
Static Environment,50,26,Min-Min,9.480000000000004,94.80000000000001,0.64,0.36,0.7000000000000002,102.62401034845598,0.0010547999991104007
Static Environment,50,26,Max-Min,14.219999999999999,47.400000000000006,1.0,0.0,0.85,102.62401034845598,0.000914399977773428
Static Environment,50,26,GA,14.219999999999999,47.400000000000006,1.0,0.0,0.85,102.62401034845598,0.0015422999858856201
Static Environment,50,26,Classical,13.799999999999999,51.6,0.92,0.07999999999999996,0.8380000000000001,90.90482660453183,0.0023412000155076385
Static Environment,50,26,Proposed Quantum-Inspired,11.200000000000001,100.99999999999999,0.84,0.16000000000000003,0.631,15.400892831261439,0.002514599997084588
Static Environment,50,27,FCFS,11.650000000000002,106.19999999999997,0.8,0.19999999999999996,0.619,6.224949798994366,0.0006776999798603356
Static Environment,50,27,Round Robin,11.650000000000002,106.19999999999997,0.8,0.19999999999999996,0.619,6.224949798994366,0.0007410999969579279
Static Environment,50,27,Min-Min,9.68,96.80000000000003,0.42,0.5800000000000001,0.7000000000000002,104.78907385791707,0.0008636999991722405
Static Environment,50,27,Max-Min,14.520000000000001,48.40000000000001,1.0,0.0,0.85,104.78907385791707,0.0006711999885737896
Static Environment,50,27,GA,14.520000000000001,48.40000000000001,1.0,0.0,0.85,104.78907385791707,0.0010811000247485936
Static Environment,50,27,Classical,14.0,53.600000000000016,0.9,0.09999999999999998,0.8350000000000002,90.4032632154393,0.0017574000521562994
Static Environment,50,27,Proposed Quantum-Inspired,11.819999999999999,104.2,0.84,0.16000000000000003,0.607,12.093386622447824,0.0026291999965906143
Static Environment,50,28,FCFS,9.845000000000002,84.89999999999999,0.82,0.18000000000000005,0.619,2.0615528128088303,0.0006021999870426953
Static Environment,50,28,Round Robin,9.845000000000002,84.89999999999999,0.82,0.18000000000000005,0.619,2.0615528128088303,0.0005727999960072339
Static Environment,50,28,Min-Min,8.080000000000004,80.80000000000003,0.58,0.42000000000000004,0.7000000000000002,87.4685657822283,0.0006398999830707908
Static Environment,50,28,Max-Min,12.120000000000001,40.40000000000001,1.0,0.0,0.85,87.4685657822283,0.0006270000012591481
Static Environment,50,28,GA,12.120000000000001,40.40000000000001,1.0,0.0,0.85,87.4685657822283,0.0010512000299058855
Static Environment,50,28,Classical,12.120000000000001,40.40000000000001,1.0,0.0,0.85,87.4685657822283,0.0014881000388413668
Static Environment,50,28,Proposed Quantum-Inspired,9.534999999999998,82.90000000000002,0.82,0.18000000000000005,0.6550000000000001,21.880356487041066,0.002446600003167987
Static Environment,50,29,FCFS,12.169999999999996,106.0,0.84,0.16000000000000003,0.619,6.299801584177076,0.0007226000307127833
Static Environment,50,29,Round Robin,12.169999999999996,106.0,0.84,0.16000000000000003,0.619,6.299801584177076,0.0006333999917842448
Static Environment,50,29,Min-Min,9.96,99.60000000000004,0.6,0.4,0.7000000000000002,107.82016277116261,0.0006976000149734318
Static Environment,50,29,Max-Min,14.940000000000003,49.80000000000002,1.0,0.0,0.85,107.82016277116261,0.0006989999674260616
Static Environment,50,29,GA,14.940000000000003,49.80000000000002,1.0,0.0,0.85,107.82016277116261,0.0011566000175662339
Static Environment,50,29,Classical,14.820000000000002,51.00000000000002,0.96,0.040000000000000036,0.8440000000000001,104.38480492868682,0.0016273999935947359
Static Environment,50,29,Proposed Quantum-Inspired,12.284999999999997,104.1,0.84,0.16000000000000003,0.64,15.896147331979533,0.002552000049035996
Static Environment,100,0,FCFS,19.475,168.29999999999993,0.81,0.18999999999999995,0.6249999999999999,6.057020719792859,0.0016823000041767955
Static Environment,100,0,Round Robin,19.475,168.29999999999993,0.81,0.18999999999999995,0.6249999999999999,6.057020719792859,0.001616799971088767
Static Environment,100,0,Min-Min,15.879999999999992,158.8,0.46,0.54,0.7000000000000002,171.90604265121107,0.0014507000450976193
Static Environment,100,0,Max-Min,23.819999999999997,79.4,1.0,0.0,0.8499999999999995,171.90604265121107,0.0022350000217556953
Static Environment,100,0,GA,23.819999999999997,79.4,1.0,0.0,0.8499999999999995,171.90604265121107,0.0028529000119306147
Static Environment,100,0,Classical,22.02499999999999,98.10000000000004,0.86,0.14,0.8124999999999997,124.15187272047088,0.004818700021132827
Static Environment,100,0,Proposed Quantum-Inspired,19.090000000000003,164.19999999999993,0.84,0.16000000000000003,0.6295000000000001,21.833174299675253,0.006181099975947291
Static Environment,100,1,FCFS,22.504999999999995,197.50000000000003,0.81,0.18999999999999995,0.6249999999999999,2.598076211353316,0.0013151000021025538
Static Environment,100,1,Round Robin,22.504999999999995,197.50000000000003,0.81,0.18999999999999995,0.6249999999999999,2.598076211353316,0.001532799971755594
Static Environment,100,1,Min-Min,18.480000000000004,184.79999999999998,0.54,0.45999999999999996,0.7000000000000002,200.05186827420533,0.0014167000190354884
Static Environment,100,1,Max-Min,27.719999999999995,92.39999999999999,1.0,0.0,0.8499999999999995,200.05186827420533,0.0014378000050783157
Static Environment,100,1,GA,27.719999999999995,92.39999999999999,1.0,0.0,0.8499999999999995,200.05186827420533,0.003116799984127283
Static Environment,100,1,Classical,25.450000000000003,117.79999999999997,0.88,0.12,0.8064999999999998,137.20331628645133,0.003962600021623075
Static Environment,100,1,Proposed Quantum-Inspired,22.07,194.79999999999993,0.83,0.17000000000000004,0.6204999999999999,30.890937182286976,0.006558900000527501
Static Environment,100,2,FCFS,22.004999999999992,190.2999999999999,0.79,0.20999999999999996,0.6249999999999999,4.69041575982343,0.0012880000285804272
Static Environment,100,2,Round Robin,22.004999999999992,190.2999999999999,0.79,0.20999999999999996,0.6249999999999999,4.69041575982343,0.0011879999656230211
Static Environment,100,2,Min-Min,18.079999999999988,180.80000000000007,0.5,0.5,0.7000000000000002,195.72174125528312,0.0012579999747686088
Static Environment,100,2,Max-Min,27.11999999999999,90.40000000000003,1.0,0.0,0.8499999999999995,195.72174125528312,0.0013129999861121178
Static Environment,100,2,GA,27.11999999999999,90.40000000000003,1.0,0.0,0.8499999999999995,195.72174125528312,0.002112499962095171
Static Environment,100,2,Classical,24.399999999999988,120.00000000000006,0.86,0.14,0.8049999999999998,124.39855304624729,0.002949699992313981
Static Environment,100,2,Proposed Quantum-Inspired,22.334999999999997,181.89999999999995,0.83,0.17000000000000004,0.6295,17.277152543170995,0.005161599954590201
Static Environment,100,3,FCFS,22.159999999999997,189.20000000000005,0.81,0.18999999999999995,0.6249999999999999,9.54921462739214,0.001368400000501424
Static Environment,100,3,Round Robin,22.159999999999997,189.20000000000005,0.81,0.18999999999999995,0.6249999999999999,9.54921462739214,0.0012209999840706587
Static Environment,100,3,Min-Min,18.19999999999998,182.0,0.52,0.48,0.7000000000000002,197.02077936095978,0.0013138999929651618
Static Environment,100,3,Max-Min,27.300000000000008,91.0,1.0,0.0,0.8499999999999995,197.02077936095978,0.0012408000184223056
Static Environment,100,3,GA,27.300000000000008,91.0,1.0,0.0,0.8499999999999995,197.02077936095978,0.002252900041639805
Static Environment,100,3,Classical,24.579999999999988,119.39999999999999,0.86,0.14,0.8035,128.15688627615762,0.003081000002566725
Static Environment,100,3,Proposed Quantum-Inspired,23.035000000000007,174.29999999999998,0.89,0.10999999999999999,0.6459999999999999,40.28259549731124,0.005795700009912252
Static Environment,100,4,FCFS,22.230000000000004,196.2,0.81,0.18999999999999995,0.6249999999999999,9.41740410091868,0.0013139000511728227
Static Environment,100,4,Round Robin,22.230000000000004,196.2,0.81,0.18999999999999995,0.6249999999999999,9.41740410091868,0.0015544999623671174
Static Environment,100,4,Min-Min,18.359999999999992,183.60000000000005,0.51,0.49,0.7000000000000002,198.75283016852867,0.00169779994757846
Static Environment,100,4,Max-Min,27.540000000000006,91.80000000000003,1.0,0.0,0.8499999999999995,198.75283016852867,0.001666500000283122
Static Environment,100,4,GA,27.540000000000006,91.80000000000003,1.0,0.0,0.8499999999999995,198.75283016852867,0.0031012999825179577
Static Environment,100,4,Classical,24.38,124.60000000000007,0.88,0.12,0.7989999999999999,122.37110565815772,0.005244400002993643
Static Environment,100,4,Proposed Quantum-Inspired,22.295000000000005,195.7,0.89,0.10999999999999999,0.6204999999999999,16.768646337734005,0.0064901000005193055
Static Environment,100,5,FCFS,23.42000000000001,196.59999999999997,0.84,0.16000000000000003,0.6249999999999999,10.985786271359915,0.0012239999487064779
Static Environment,100,5,Round Robin,23.42000000000001,196.59999999999997,0.84,0.16000000000000003,0.6249999999999999,10.985786271359915,0.0011710000107996166
Static Environment,100,5,Min-Min,19.079999999999995,190.80000000000013,0.53,0.47,0.7000000000000002,206.54705880258862,0.0022297000396065414
Static Environment,100,5,Max-Min,28.620000000000015,95.40000000000006,1.0,0.0,0.8499999999999995,206.54705880258862,0.002380100020673126
Static Environment,100,5,GA,28.620000000000015,95.40000000000006,1.0,0.0,0.8499999999999995,206.54705880258862,0.0026968999882228673
Static Environment,100,5,Classical,25.395,129.90000000000003,0.82,0.18000000000000005,0.7944999999999999,125.68487379155854,0.005437800020445138
Static Environment,100,5,Proposed Quantum-Inspired,23.25000000000001,194.99999999999997,0.89,0.10999999999999999,0.6489999999999999,21.878928218722233,0.006321200053207576
Static Environment,100,6,FCFS,20.675,184.29999999999998,0.8,0.19999999999999996,0.6249999999999999,11.366067921669305,0.0020744000212289393
Static Environment,100,6,Round Robin,20.675,184.29999999999998,0.8,0.19999999999999996,0.6249999999999999,11.366067921669305,0.0016147999558597803
Static Environment,100,6,Min-Min,16.919999999999987,169.20000000000007,0.48,0.52,0.7000000000000002,183.16437290040878,0.0014153000083751976
Static Environment,100,6,Max-Min,25.37999999999999,84.60000000000004,1.0,0.0,0.8499999999999995,183.16437290040878,0.0016307999612763524
Static Environment,100,6,GA,25.37999999999999,84.60000000000004,1.0,0.0,0.8499999999999995,183.16437290040878,0.003167899965774268
Static Environment,100,6,Classical,23.19999999999999,106.40000000000002,0.87,0.13,0.8094999999999998,128.20369534455705,0.004890899988822639
Static Environment,100,6,Proposed Quantum-Inspired,20.93499999999999,173.90000000000003,0.84,0.16000000000000003,0.6309999999999999,29.38005275693017,0.006911500007845461
Static Environment,100,7,FCFS,20.805000000000003,178.09999999999994,0.8,0.19999999999999996,0.6249999999999999,6.96419413859206,0.0022686999873258173
Static Environment,100,7,Round Robin,20.805000000000003,178.09999999999994,0.8,0.19999999999999996,0.6249999999999999,6.96419413859206,0.0016697999672032893
Static Environment,100,7,Min-Min,16.959999999999987,169.60000000000002,0.49,0.51,0.7000000000000002,183.597385602301,0.0015924000181257725
Static Environment,100,7,Max-Min,25.439999999999994,84.80000000000001,1.0,0.0,0.8499999999999995,183.597385602301,0.001936200016643852
Static Environment,100,7,GA,25.439999999999994,84.80000000000001,1.0,0.0,0.8499999999999995,183.597385602301,0.0040895999991334975
Static Environment,100,7,Classical,23.33999999999999,105.80000000000001,0.87,0.13,0.8109999999999998,130.23248442688944,0.0034303999855183065
Static Environment,100,7,Proposed Quantum-Inspired,20.784999999999986,182.50000000000006,0.81,0.18999999999999995,0.6190000000000001,22.9237867726953,0.006207800004631281
Static Environment,100,8,FCFS,22.369999999999994,198.60000000000002,0.8,0.19999999999999996,0.6249999999999999,7.842193570679061,0.0013619999517686665
Static Environment,100,8,Round Robin,22.369999999999994,198.60000000000002,0.8,0.19999999999999996,0.6249999999999999,7.842193570679061,0.0013161000097170472
Static Environment,100,8,Min-Min,18.399999999999988,184.00000000000003,0.41,0.5900000000000001,0.7000000000000002,199.18584287042088,0.0015222000074572861
Static Environment,100,8,Max-Min,27.600000000000005,92.00000000000001,1.0,0.0,0.8499999999999995,199.18584287042088,0.0012793999630957842
Static Environment,100,8,GA,27.600000000000005,92.00000000000001,1.0,0.0,0.8499999999999995,199.18584287042088,0.0029267999925650656
Static Environment,100,8,Classical,24.664999999999996,123.30000000000004,0.8,0.19999999999999996,0.8064999999999999,124.63747430046871,0.0036433999775908887
Static Environment,100,8,Proposed Quantum-Inspired,22.01499999999999,196.3000000000001,0.8,0.19999999999999996,0.619,15.795568998931314,0.007256599958054721
Static Environment,100,9,FCFS,21.85,188.39999999999995,0.83,0.17000000000000004,0.6249999999999999,9.730750228014282,0.0012396000092849135
Static Environment,100,9,Round Robin,21.85,188.39999999999995,0.83,0.17000000000000004,0.6249999999999999,9.730750228014282,0.0014993000077083707
Static Environment,100,9,Min-Min,17.959999999999976,179.60000000000014,0.62,0.38,0.7000000000000002,194.42270314960646,0.001540199969895184
Static Environment,100,9,Max-Min,26.94000000000001,89.80000000000007,1.0,0.0,0.8499999999999995,194.42270314960646,0.001718499988783151
Static Environment,100,9,GA,26.94000000000001,89.80000000000007,1.0,0.0,0.8499999999999995,194.42270314960646,0.002739100018516183
Static Environment,100,9,Classical,24.584999999999994,114.10000000000001,0.88,0.12,0.8019999999999999,133.7168183139279,0.00514259998453781
Static Environment,100,9,Proposed Quantum-Inspired,21.814999999999998,200.30000000000007,0.85,0.15000000000000002,0.6115,17.75352077758099,0.007171900011599064
Static Environment,100,10,FCFS,23.230000000000008,197.99999999999991,0.79,0.20999999999999996,0.6249999999999999,9.33742469849155,0.0016272999928332865
Static Environment,100,10,Round Robin,23.230000000000008,197.99999999999991,0.79,0.20999999999999996,0.6249999999999999,9.33742469849155,0.0021781999967060983
Static Environment,100,10,Min-Min,18.919999999999984,189.2000000000001,0.52,0.48,0.7000000000000002,204.81500799501973,0.002332500007469207
Static Environment,100,10,Max-Min,28.38000000000002,94.60000000000005,1.0,0.0,0.8499999999999995,204.81500799501973,0.0013009000103920698
Static Environment,100,10,GA,28.38000000000002,94.60000000000005,1.0,0.0,0.8499999999999995,204.81500799501973,0.0028487000381574035
Static Environment,100,10,Classical,25.325000000000006,128.30000000000004,0.84,0.16000000000000003,0.7899999999999998,125.00274996975067,0.0038213999941945076
Static Environment,100,10,Proposed Quantum-Inspired,22.735000000000003,197.0999999999999,0.79,0.20999999999999996,0.6415000000000001,18.833148966649205,0.005650899955071509
Static Environment,100,11,FCFS,21.004999999999995,181.09999999999997,0.82,0.18000000000000005,0.6249999999999999,6.684870978560469,0.001396200037561357
Static Environment,100,11,Round Robin,21.004999999999995,181.09999999999997,0.82,0.18000000000000005,0.6249999999999999,6.684870978560469,0.0012923000031150877
Static Environment,100,11,Min-Min,17.239999999999988,172.39999999999995,0.49,0.51,0.7000000000000002,186.62847451554651,0.0013871999690309167
Static Environment,100,11,Max-Min,25.86,86.19999999999997,1.0,0.0,0.8499999999999995,186.62847451554651,0.0013099000207148492
Static Environment,100,11,GA,25.86,86.19999999999997,1.0,0.0,0.8499999999999995,186.62847451554651,0.003209399990737438
Static Environment,100,11,Classical,23.429999999999996,111.40000000000005,0.82,0.18000000000000005,0.8004999999999997,124.64825510210723,0.0032516999635845423
Static Environment,100,11,Proposed Quantum-Inspired,20.920000000000005,179.39999999999995,0.79,0.20999999999999996,0.6415,10.280442597476044,0.005539499979931861
Static Environment,100,12,FCFS,22.404999999999994,201.89999999999992,0.86,0.14,0.6249999999999999,9.974968671630002,0.0013612000038847327
Static Environment,100,12,Round Robin,22.404999999999994,201.89999999999992,0.86,0.14,0.6249999999999999,9.974968671630002,0.0012165999505668879
Static Environment,100,12,Min-Min,18.559999999999988,185.6,0.51,0.49,0.7000000000000002,200.91789367798975,0.0013550000148825347
Static Environment,100,12,Max-Min,27.839999999999996,92.8,1.0,0.0,0.8499999999999995,200.91789367798975,0.0013423999771475792
Static Environment,100,12,GA,27.839999999999996,92.8,1.0,0.0,0.8499999999999995,200.91789367798975,0.0024836999946273863
Static Environment,100,12,Classical,24.809999999999988,124.00000000000004,0.84,0.16000000000000003,0.7989999999999999,127.0255879734473,0.0032491000019945204
Static Environment,100,12,Proposed Quantum-Inspired,22.619999999999994,191.8,0.83,0.17000000000000004,0.6339999999999999,18.774983355518586,0.0049223999958485365
Static Environment,100,13,FCFS,22.484999999999996,200.09999999999997,0.81,0.18999999999999995,0.6249999999999999,6.87386354243376,0.0012422000290825963
Static Environment,100,13,Round Robin,22.484999999999996,200.09999999999997,0.81,0.18999999999999995,0.6249999999999999,6.87386354243376,0.0012423000298440456
Static Environment,100,13,Min-Min,18.479999999999986,184.80000000000007,0.52,0.48,0.7000000000000002,200.05186827420533,0.0012933000107295811
Static Environment,100,13,Max-Min,27.72000000000001,92.40000000000003,1.0,0.0,0.8499999999999995,200.05186827420533,0.0012434999807737768
Static Environment,100,13,GA,27.72000000000001,92.40000000000003,1.0,0.0,0.8499999999999995,200.05186827420533,0.0023810999700799584
Static Environment,100,13,Classical,24.834999999999994,122.90000000000002,0.83,0.17000000000000004,0.7974999999999998,126.9655465077042,0.003073300002142787
Static Environment,100,13,Proposed Quantum-Inspired,22.559999999999995,191.99999999999994,0.88,0.12,0.6325,19.30673457630782,0.00576189998537302
Static Environment,100,14,FCFS,21.57000000000001,182.20000000000002,0.86,0.14,0.6249999999999999,10.173494974687902,0.002527399978134781
Static Environment,100,14,Round Robin,21.57000000000001,182.20000000000002,0.86,0.14,0.6249999999999999,10.173494974687902,0.0012469000066630542
Static Environment,100,14,Min-Min,17.599999999999984,176.0,0.51,0.49,0.7000000000000002,190.5255888325765,0.0023662999738007784
Static Environment,100,14,Max-Min,26.400000000000002,88.0,1.0,0.0,0.8499999999999995,190.5255888325765,0.0014683000044897199
Static Environment,100,14,GA,26.400000000000002,88.0,1.0,0.0,0.8499999999999995,190.5255888325765,0.0025836999993771315
Static Environment,100,14,Classical,23.875000000000007,114.90000000000008,0.85,0.15000000000000002,0.8004999999999999,124.86592809890135,0.0033300999784842134
Static Environment,100,14,Proposed Quantum-Inspired,21.900000000000006,179.20000000000005,0.82,0.18000000000000005,0.6444999999999999,18.81488772222678,0.005555599986109883
Static Environment,100,15,FCFS,21.244999999999997,185.09999999999994,0.83,0.17000000000000004,0.6249999999999999,1.4142135623730951,0.0013942000223323703
Static Environment,100,15,Round Robin,21.244999999999997,185.09999999999994,0.83,0.17000000000000004,0.6249999999999999,1.4142135623730951,0.0013761000009253621
Static Environment,100,15,Min-Min,17.439999999999987,174.39999999999995,0.46,0.54,0.7000000000000002,188.79353802500762,0.0014587999903596938
Static Environment,100,15,Max-Min,26.160000000000014,87.19999999999997,1.0,0.0,0.8499999999999995,188.79353802500762,0.001348600024357438
Static Environment,100,15,GA,26.160000000000014,87.19999999999997,1.0,0.0,0.8499999999999995,188.79353802500762,0.0025984999956563115
Static Environment,100,15,Classical,23.819999999999993,111.80000000000004,0.83,0.17000000000000004,0.8034999999999998,127.81823031164217,0.0035508000291883945
Static Environment,100,15,Proposed Quantum-Inspired,21.209999999999983,180.8,0.87,0.13,0.6295000000000001,16.38596960817394,0.005863099999260157
Static Environment,100,16,FCFS,21.324999999999992,188.10000000000005,0.82,0.18000000000000005,0.6249999999999999,4.636809247747852,0.0013420999748632312
Static Environment,100,16,Round Robin,21.324999999999992,188.10000000000005,0.82,0.18000000000000005,0.6249999999999999,4.636809247747852,0.0016147999558597803
Static Environment,100,16,Min-Min,17.599999999999994,176.0,0.42,0.5800000000000001,0.7000000000000002,190.5255888325765,0.001462700020056218
Static Environment,100,16,Max-Min,26.4,88.0,1.0,0.0,0.8499999999999995,190.5255888325765,0.0013744999887421727
Static Environment,100,16,GA,26.4,88.0,1.0,0.0,0.8499999999999995,190.5255888325765,0.002413799986243248
Static Environment,100,16,Classical,24.034999999999997,112.70000000000002,0.82,0.18000000000000005,0.8049999999999997,129.24588968319264,0.0031790000502951443
Static Environment,100,16,Proposed Quantum-Inspired,21.474999999999994,179.70000000000005,0.78,0.21999999999999997,0.631,14.317821063276353,0.005699399975128472
Static Environment,100,17,FCFS,22.435000000000002,191.5,0.84,0.16000000000000003,0.6249999999999999,8.347903928532,0.0013337000273168087
Static Environment,100,17,Round Robin,22.435000000000002,191.5,0.84,0.16000000000000003,0.6249999999999999,8.347903928532,0.0013562000240199268
Static Environment,100,17,Min-Min,18.27999999999999,182.79999999999998,0.48,0.52,0.7000000000000002,197.88680476474423,0.001699000014923513
Static Environment,100,17,Max-Min,27.42,91.39999999999999,1.0,0.0,0.8499999999999995,197.88680476474423,0.002318300015758723
Static Environment,100,17,GA,27.42,91.39999999999999,1.0,0.0,0.8499999999999995,197.88680476474423,0.002986099978443235
Static Environment,100,17,Classical,24.39999999999999,122.2,0.8,0.19999999999999996,0.8005,125.23253371229059,0.003888299979735166
Static Environment,100,17,Proposed Quantum-Inspired,22.059999999999995,198.99999999999994,0.86,0.14,0.6175,23.370654676324325,0.006009599950630218
Static Environment,100,18,FCFS,21.73999999999999,194.99999999999997,0.86,0.14,0.6249999999999999,8.584142356694699,0.001639300025999546
Static Environment,100,18,Round Robin,21.73999999999999,194.99999999999997,0.86,0.14,0.6249999999999999,8.584142356694699,0.001420099986717105
Static Environment,100,18,Min-Min,18.03999999999999,180.4,0.6,0.4,0.7000000000000002,195.2887285533909,0.0014471000176854432
Static Environment,100,18,Max-Min,27.06,90.2,1.0,0.0,0.8499999999999995,195.2887285533909,0.0013979999930597842
Static Environment,100,18,GA,27.06,90.2,1.0,0.0,0.8499999999999995,195.2887285533909,0.0029226000187918544
Static Environment,100,18,Classical,24.69499999999999,115.50000000000004,0.9,0.09999999999999998,0.8065000000000001,132.5431533501448,0.0036430999753065407
Static Environment,100,18,Proposed Quantum-Inspired,22.584999999999997,187.29999999999984,0.88,0.12,0.6355,31.751968442917047,0.005337800015695393
Static Environment,100,19,FCFS,21.04500000000001,190.29999999999995,0.81,0.18999999999999995,0.6249999999999999,13.96424004376894,0.0013420000323094428
Static Environment,100,19,Round Robin,21.04500000000001,190.29999999999995,0.81,0.18999999999999995,0.6249999999999999,13.96424004376894,0.001248000015038997
Static Environment,100,19,Min-Min,17.599999999999984,176.00000000000009,0.5,0.5,0.7000000000000002,190.5255888325765,0.00132460001623258
Static Environment,100,19,Max-Min,26.4,88.00000000000004,1.0,0.0,0.8499999999999995,190.5255888325765,0.0013185000279918313
Static Environment,100,19,GA,26.4,88.00000000000004,1.0,0.0,0.8499999999999995,190.5255888325765,0.0026517999940551817
Static Environment,100,19,Classical,24.094999999999985,113.30000000000003,0.84,0.16000000000000003,0.7944999999999999,128.14249880504127,0.003596399968955666
Static Environment,100,19,Proposed Quantum-Inspired,21.769999999999996,187.99999999999991,0.88,0.12,0.6235,17.507141400011598,0.005220599996391684
Static Environment,100,20,FCFS,23.04,201.59999999999997,0.81,0.18999999999999995,0.6249999999999999,5.931905258852336,0.0011921999976038933
Static Environment,100,20,Round Robin,23.04,201.59999999999997,0.81,0.18999999999999995,0.6249999999999999,5.931905258852336,0.0011418999638408422
Static Environment,100,20,Min-Min,18.83999999999999,188.40000000000012,0.42,0.5800000000000001,0.7000000000000002,203.9489825912353,0.0012802000273950398
Static Environment,100,20,Max-Min,28.260000000000005,94.20000000000006,1.0,0.0,0.8499999999999995,203.9489825912353,0.002492500003427267
Static Environment,100,20,GA,28.260000000000005,94.20000000000006,1.0,0.0,0.8499999999999995,203.9489825912353,0.0023734000278636813
Static Environment,100,20,Classical,25.059999999999988,129.80000000000004,0.77,0.22999999999999998,0.7944999999999999,120.73188269881324,0.0031162999803200364
Static Environment,100,20,Proposed Quantum-Inspired,22.770000000000014,193.7999999999999,0.83,0.17000000000000004,0.6415000000000001,21.1704392963396,0.005728899966925383
Static Environment,100,21,FCFS,21.785,192.3,0.81,0.18999999999999995,0.6249999999999999,11.96609794377432,0.0012318000080995262
Static Environment,100,21,Round Robin,21.785,192.3,0.81,0.18999999999999995,0.6249999999999999,11.96609794377432,0.0012015000102110207
Static Environment,100,21,Min-Min,17.79999999999999,178.00000000000014,0.56,0.43999999999999995,0.7000000000000002,192.6906523420376,0.0014933000202290714
Static Environment,100,21,Max-Min,26.700000000000003,89.00000000000007,1.0,0.0,0.8499999999999995,192.6906523420376,0.0014173000236041844
Static Environment,100,21,GA,26.700000000000003,89.00000000000007,1.0,0.0,0.8499999999999995,192.6906523420376,0.0025110000278800726
Static Environment,100,21,Classical,23.929999999999993,118.2,0.87,0.13,0.8034999999999998,122.64863431771265,0.0033884000149555504
Static Environment,100,21,Proposed Quantum-Inspired,21.7,182.8,0.88,0.12,0.6385000000000001,13.06474263045392,0.005419799999799579
Static Environment,100,22,FCFS,20.625000000000004,181.69999999999996,0.85,0.15000000000000002,0.6249999999999999,15.2540978100968,0.001359799993224442
Static Environment,100,22,Round Robin,20.625000000000004,181.69999999999996,0.85,0.15000000000000002,0.6249999999999999,15.2540978100968,0.0017260999884456396
Static Environment,100,22,Min-Min,16.83999999999999,168.40000000000006,0.49,0.51,0.7000000000000002,182.29834749662433,0.0014779999619349837
Static Environment,100,22,Max-Min,25.260000000000005,84.20000000000003,1.0,0.0,0.8499999999999995,182.29834749662433,0.0013295999960973859
Static Environment,100,22,GA,25.260000000000005,84.20000000000003,1.0,0.0,0.8499999999999995,182.29834749662433,0.002264500013552606
Static Environment,100,22,Classical,23.13000000000001,107.00000000000001,0.87,0.13,0.8109999999999999,125.43399658784695,0.003098700020927936
Static Environment,100,22,Proposed Quantum-Inspired,20.739999999999995,171.40000000000006,0.79,0.20999999999999996,0.643,12.735285626950029,0.006503599986899644
Static Environment,100,23,FCFS,21.679999999999996,188.2,0.83,0.17000000000000004,0.6249999999999999,12.193748398257199,0.0014473000192083418
Static Environment,100,23,Round Robin,21.679999999999996,188.2,0.83,0.17000000000000004,0.6249999999999999,12.193748398257199,0.0012895999825559556
Static Environment,100,23,Min-Min,17.639999999999986,176.39999999999995,0.53,0.47,0.7000000000000002,190.95860153446873,0.001339700014796108
Static Environment,100,23,Max-Min,26.460000000000008,88.19999999999997,1.0,0.0,0.8499999999999995,190.95860153446873,0.0015984000056050718
Static Environment,100,23,GA,26.460000000000008,88.19999999999997,1.0,0.0,0.8499999999999995,190.95860153446873,0.0023489000159315765
Static Environment,100,23,Classical,24.055,113.90000000000003,0.87,0.13,0.8034999999999998,127.64085356969375,0.0031875999993644655
Static Environment,100,23,Proposed Quantum-Inspired,21.989999999999995,175.1999999999999,0.9,0.09999999999999998,0.6459999999999999,21.775846711436962,0.006015999999362975
Static Environment,100,24,FCFS,22.019999999999982,192.60000000000014,0.88,0.12,0.6249999999999999,8.926785535678562,0.0012787000159732997
Static Environment,100,24,Round Robin,22.019999999999982,192.60000000000014,0.88,0.12,0.6249999999999999,8.926785535678562,0.0012107999646104872
Static Environment,100,24,Min-Min,18.119999999999997,181.2,0.57,0.43000000000000005,0.7000000000000002,196.15475395717536,0.0013475000159814954
Static Environment,100,24,Max-Min,27.17999999999999,90.6,1.0,0.0,0.8499999999999995,196.15475395717536,0.0013156000059098005
Static Environment,100,24,GA,27.17999999999999,90.6,1.0,0.0,0.8499999999999995,196.15475395717536,0.0022732000215910375
Static Environment,100,24,Classical,24.464999999999982,119.69999999999999,0.85,0.15000000000000002,0.8019999999999999,125.83595471883226,0.0029596000094898045
Static Environment,100,24,Proposed Quantum-Inspired,22.58999999999999,179.39999999999998,0.88,0.12,0.6535,23.466731770743024,0.005258699995465577
Static Environment,100,25,FCFS,21.985,192.5,0.83,0.17000000000000004,0.6249999999999999,4.031128874149275,0.0014752999995835125
Static Environment,100,25,Round Robin,21.985,192.5,0.83,0.17000000000000004,0.6249999999999999,4.031128874149275,0.0012486999621614814
Static Environment,100,25,Min-Min,17.99999999999999,180.00000000000009,0.54,0.45999999999999996,0.7000000000000002,194.8557158514987,0.001352999999653548
Static Environment,100,25,Max-Min,26.999999999999993,90.00000000000004,1.0,0.0,0.8499999999999995,194.8557158514987,0.0012784000136889517
Static Environment,100,25,GA,26.999999999999993,90.00000000000004,1.0,0.0,0.8499999999999995,194.8557158514987,0.0024811000330373645
Static Environment,100,25,Classical,24.45999999999999,117.20000000000007,0.84,0.16000000000000003,0.7974999999999999,128.29945440258115,0.003628999984357506
Static Environment,100,25,Proposed Quantum-Inspired,21.890000000000004,177.39999999999998,0.8,0.19999999999999996,0.652,29.778347838656195,0.0058391999918967485
Static Environment,100,26,FCFS,22.124999999999996,192.29999999999995,0.83,0.17000000000000004,0.6249999999999999,7.292976072907411,0.0014788999687880278
Static Environment,100,26,Round Robin,22.124999999999996,192.29999999999995,0.83,0.17000000000000004,0.6249999999999999,7.292976072907411,0.0015270999865606427
Static Environment,100,26,Min-Min,18.119999999999994,181.19999999999993,0.58,0.42000000000000004,0.7000000000000002,196.15475395717536,0.0015461999573744833
Static Environment,100,26,Max-Min,27.179999999999993,90.59999999999997,1.0,0.0,0.8499999999999995,196.15475395717536,0.001398300053551793
Static Environment,100,26,GA,27.179999999999993,90.59999999999997,1.0,0.0,0.8499999999999995,196.15475395717536,0.00241950002964586
Static Environment,100,26,Classical,24.459999999999994,118.39999999999999,0.83,0.17000000000000004,0.7989999999999998,128.7038752330325,0.004344699962530285
Static Environment,100,26,Proposed Quantum-Inspired,21.734999999999996,192.29999999999993,0.79,0.20999999999999996,0.6265,18.046814123273947,0.0053368000080809
Static Environment,100,27,FCFS,22.040000000000006,197.00000000000006,0.81,0.18999999999999995,0.6249999999999999,6.684870978560469,0.001701100030913949
Static Environment,100,27,Round Robin,22.040000000000006,197.00000000000006,0.81,0.18999999999999995,0.6249999999999999,6.684870978560469,0.001297700044233352
Static Environment,100,27,Min-Min,18.199999999999985,182.00000000000009,0.42,0.5800000000000001,0.7000000000000002,197.02077936095978,0.0014540000120177865
Static Environment,100,27,Max-Min,27.300000000000004,91.00000000000004,1.0,0.0,0.8499999999999995,197.02077936095978,0.0013406999642029405
Static Environment,100,27,GA,27.300000000000004,91.00000000000004,1.0,0.0,0.8499999999999995,197.02077936095978,0.002321799984201789
Static Environment,100,27,Classical,24.49499999999999,119.5,0.79,0.20999999999999996,0.8035,128.34791583816232,0.0038495000335387886
Static Environment,100,27,Proposed Quantum-Inspired,21.8,199.40000000000003,0.81,0.18999999999999995,0.6144999999999999,18.73999733191016,0.005077000008895993
Static Environment,100,28,FCFS,19.814999999999994,168.89999999999998,0.85,0.15000000000000002,0.6249999999999999,7.794228634059948,0.0014742999919690192
Static Environment,100,28,Round Robin,19.814999999999994,168.89999999999998,0.85,0.15000000000000002,0.6249999999999999,7.794228634059948,0.0019231000333093107
Static Environment,100,28,Min-Min,16.079999999999984,160.8,0.55,0.44999999999999996,0.7000000000000002,174.07110616067217,0.001408299955073744
Static Environment,100,28,Max-Min,24.11999999999999,80.4,1.0,0.0,0.8499999999999995,174.07110616067217,0.0014426999841816723
Static Environment,100,28,GA,24.11999999999999,80.4,1.0,0.0,0.8499999999999995,174.07110616067217,0.0025934999575838447
Static Environment,100,28,Classical,22.579999999999988,95.80000000000001,0.9,0.09999999999999998,0.8169999999999996,133.37259838512557,0.003008900035638362
Static Environment,100,28,Proposed Quantum-Inspired,19.47,166.20000000000005,0.85,0.15000000000000002,0.6415,13.518505834595775,0.005453999969176948
Static Environment,100,29,FCFS,22.764999999999993,200.49999999999994,0.86,0.14,0.6249999999999999,11.519006033508273,0.0013163000112399459
Static Environment,100,29,Round Robin,22.764999999999993,200.49999999999994,0.86,0.14,0.6249999999999999,11.519006033508273,0.0012604999938048422
Static Environment,100,29,Min-Min,18.759999999999984,187.60000000000002,0.6,0.4,0.7000000000000002,203.08295718745086,0.0013221999979577959
Static Environment,100,29,Max-Min,28.14000000000001,93.80000000000001,1.0,0.0,0.8499999999999995,203.08295718745086,0.0014414000324904919
Static Environment,100,29,GA,28.14000000000001,93.80000000000001,1.0,0.0,0.8499999999999995,203.08295718745086,0.002779299975372851
Static Environment,100,29,Classical,25.05999999999999,125.20000000000007,0.84,0.16000000000000003,0.7929999999999998,128.8630571575888,0.003228000015951693
Static Environment,100,29,Proposed Quantum-Inspired,23.73999999999999,188.19999999999993,0.88,0.12,0.6474999999999999,31.63364506344471,0.005278100026771426
Static Environment,250,0,FCFS,54.85500000000001,473.30000000000007,0.832,0.16800000000000004,0.6237999999999999,8.774964387392123,0.0029780000331811607
Static Environment,250,0,Round Robin,54.85500000000001,473.30000000000007,0.832,0.16800000000000004,0.6237999999999999,8.774964387392123,0.003036899957805872
Static Environment,250,0,Min-Min,44.799999999999955,447.99999999999994,0.496,0.504,0.7,484.9742261192856,0.0034793999511748552
Static Environment,250,0,Max-Min,67.19999999999996,223.99999999999997,1.0,0.0,0.8499999999999998,484.9742261192856,0.003218499943614006
Static Environment,250,0,GA,67.19999999999996,223.99999999999997,1.0,0.0,0.8499999999999998,484.9742261192856,0.006264899973757565
Static Environment,250,0,Classical,53.124999999999986,420.1,0.696,0.30400000000000005,0.7005999999999999,153.6635936062931,0.008316399995237589
Static Environment,250,0,Proposed Quantum-Inspired,53.93499999999998,485.4999999999999,0.836,0.16400000000000003,0.6088000000000001,32.53459696999488,0.014419800019823015
Static Environment,250,1,FCFS,52.36000000000002,460.3999999999998,0.792,0.20799999999999996,0.6237999999999999,17.76759691123141,0.0038631000206805766
Static Environment,250,1,Round Robin,52.36000000000002,460.3999999999998,0.792,0.20799999999999996,0.6237999999999999,17.76759691123141,0.0035868999548256397
Static Environment,250,1,Min-Min,43.07999999999993,430.7999999999997,0.492,0.508,0.7,466.3546799379202,0.0038003000081516802
Static Environment,250,1,Max-Min,64.61999999999996,215.39999999999986,1.0,0.0,0.8499999999999998,466.3546799379202,0.003868900006636977
Static Environment,250,1,GA,64.61999999999996,215.39999999999986,1.0,0.0,0.8499999999999998,466.3546799379202,0.006802000047173351
Static Environment,250,1,Classical,51.33000000000001,389.3999999999999,0.64,0.36,0.703,168.9014135524034,0.009589799970854074
Static Environment,250,1,Proposed Quantum-Inspired,51.24499999999999,457.29999999999984,0.788,0.21199999999999997,0.6232000000000001,58.3839661208452,0.015091800014488399
Static Environment,250,2,FCFS,54.82500000000001,477.09999999999997,0.804,0.19599999999999995,0.6237999999999999,9.256754290786809,0.004700399993453175
Static Environment,250,2,Round Robin,54.82500000000001,477.09999999999997,0.804,0.19599999999999995,0.6237999999999999,9.256754290786809,0.004355099983513355
Static Environment,250,2,Min-Min,45.07999999999994,450.7999999999999,0.5,0.5,0.7,488.0053150325312,0.005043799988925457
Static Environment,250,2,Max-Min,67.62,225.39999999999995,1.0,0.0,0.8499999999999998,488.0053150325312,0.005288999993354082
Static Environment,250,2,GA,67.62,225.39999999999995,1.0,0.0,0.8499999999999998,488.0053150325312,0.006140399957075715
Static Environment,250,2,Classical,53.51999999999998,424.0,0.696,0.30400000000000005,0.6945999999999999,151.15616924227737,0.00973719998728484
Static Environment,250,2,Proposed Quantum-Inspired,55.0,471.5999999999996,0.812,0.18799999999999994,0.622,26.479945241635225,0.01618079998297617
Static Environment,250,3,FCFS,53.91,472.39999999999975,0.848,0.15200000000000002,0.6237999999999999,9.883698700385398,0.003624800010584295
Static Environment,250,3,Round Robin,53.91,472.39999999999975,0.848,0.15200000000000002,0.6237999999999999,9.883698700385398,0.004249799996614456
Static Environment,250,3,Min-Min,44.439999999999934,444.39999999999964,0.552,0.44799999999999995,0.7,481.0771118022557,0.004004099988378584
Static Environment,250,3,Max-Min,66.66000000000001,222.19999999999982,1.0,0.0,0.8499999999999998,481.0771118022557,0.005049100029282272
Static Environment,250,3,GA,66.66000000000001,222.19999999999982,1.0,0.0,0.8499999999999998,481.0771118022557,0.006247100012842566
Static Environment,250,3,Classical,53.084999999999965,409.6999999999999,0.728,0.272,0.6993999999999999,154.72616940905633,0.008331599994562566
Static Environment,250,3,Proposed Quantum-Inspired,55.27999999999998,455.40000000000015,0.868,0.132,0.6262,50.310908359917335,0.015378600044641644
Static Environment,250,4,FCFS,56.069999999999986,491.59999999999997,0.836,0.16400000000000003,0.6237999999999999,13.24764129949177,0.003242500009946525
Static Environment,250,4,Round Robin,56.069999999999986,491.59999999999997,0.836,0.16400000000000003,0.6237999999999999,13.24764129949177,0.004426500003319234
Static Environment,250,4,Min-Min,46.23999999999994,462.3999999999998,0.536,0.46399999999999997,0.7,500.5626833874055,0.004487900005187839
Static Environment,250,4,Max-Min,69.36,231.1999999999999,1.0,0.0,0.8499999999999998,500.5626833874055,0.0046847999910824
Static Environment,250,4,GA,69.36,231.1999999999999,1.0,0.0,0.8499999999999998,500.5626833874055,0.007184399990364909
Static Environment,250,4,Classical,54.86999999999999,441.8000000000001,0.716,0.28400000000000003,0.6861999999999998,142.48684149773268,0.009523399989120662
Static Environment,250,4,Proposed Quantum-Inspired,55.355000000000004,501.2999999999998,0.828,0.17200000000000004,0.622,52.407060593015515,0.017828700016252697
Static Environment,250,5,FCFS,56.329999999999984,485.20000000000016,0.852,0.14800000000000002,0.6237999999999999,13.619838471876236,0.003605000034440309
Static Environment,250,5,Round Robin,56.329999999999984,485.20000000000016,0.852,0.14800000000000002,0.6237999999999999,13.619838471876236,0.002990500011947006
Static Environment,250,5,Min-Min,46.07999999999994,460.7999999999998,0.548,0.45199999999999996,0.7,498.8306325798367,0.004130600020289421
Static Environment,250,5,Max-Min,69.11999999999999,230.3999999999999,1.0,0.0,0.8499999999999998,498.8306325798367,0.0033298000344075263
Static Environment,250,5,GA,69.11999999999999,230.3999999999999,1.0,0.0,0.8499999999999998,498.8306325798367,0.007083400036208332
Static Environment,250,5,Classical,54.50000000000002,441.99999999999994,0.704,0.29600000000000004,0.6825999999999998,144.25671561490648,0.008800400013569742
Static Environment,250,5,Proposed Quantum-Inspired,55.78999999999998,484.59999999999997,0.872,0.128,0.6322000000000001,23.108440016582687,0.014244899968616664
Static Environment,250,6,FCFS,54.04499999999998,483.30000000000024,0.82,0.18000000000000005,0.6237999999999999,21.24852936087578,0.0030818000086583197
Static Environment,250,6,Round Robin,54.04499999999998,483.30000000000024,0.82,0.18000000000000005,0.6237999999999999,21.24852936087578,0.0032186000025831163
Static Environment,250,6,Min-Min,44.63999999999994,446.4,0.496,0.504,0.7,483.2421753117168,0.003534400020726025
Static Environment,250,6,Max-Min,66.95999999999997,223.2,1.0,0.0,0.8499999999999998,483.2421753117168,0.004020299995318055
Static Environment,250,6,GA,66.95999999999997,223.2,1.0,0.0,0.8499999999999998,483.2421753117168,0.0056532000307925045
Static Environment,250,6,Classical,52.81999999999997,416.2000000000001,0.68,0.31999999999999995,0.6981999999999998,161.65549789598867,0.00960220000706613
Static Environment,250,6,Proposed Quantum-Inspired,54.65999999999997,464.40000000000003,0.828,0.17200000000000004,0.6297999999999999,34.18332927027442,0.013700900017283857
Static Environment,250,7,FCFS,52.995000000000005,463.89999999999975,0.812,0.18799999999999994,0.6237999999999999,8.926785535678562,0.0037770000053569674
Static Environment,250,7,Round Robin,52.995000000000005,463.89999999999975,0.812,0.18799999999999994,0.6237999999999999,8.926785535678562,0.003030200023204088
Static Environment,250,7,Min-Min,43.639999999999915,436.3999999999999,0.52,0.48,0.7,472.4168577644113,0.0036920999991707504
Static Environment,250,7,Max-Min,65.45999999999997,218.19999999999996,1.0,0.0,0.8499999999999998,472.4168577644113,0.003815300005953759
Static Environment,250,7,GA,65.45999999999997,218.19999999999996,1.0,0.0,0.8499999999999998,472.4168577644113,0.006037800048943609
Static Environment,250,7,Classical,51.97999999999997,401.5999999999999,0.708,0.29200000000000004,0.7023999999999999,158.10024509784924,0.00841999996919185
Static Environment,250,7,Proposed Quantum-Inspired,53.624999999999964,466.9000000000001,0.824,0.17600000000000005,0.6255999999999999,22.117583502724706,0.014221999968867749
Static Environment,250,8,FCFS,56.11999999999992,497.0,0.808,0.19199999999999995,0.6237999999999999,16.13032857693854,0.0034069999819621444
Static Environment,250,8,Round Robin,56.11999999999992,497.0,0.808,0.19199999999999995,0.6237999999999999,16.13032857693854,0.003470800002105534
Static Environment,250,8,Min-Min,46.03999999999995,460.3999999999997,0.444,0.556,0.7,498.39761987794446,0.003446900052949786
Static Environment,250,8,Max-Min,69.05999999999997,230.19999999999985,1.0,0.0,0.8499999999999998,498.39761987794446,0.0033091999939642847
Static Environment,250,8,GA,69.05999999999997,230.19999999999985,1.0,0.0,0.8499999999999998,498.39761987794446,0.006270800018683076
Static Environment,250,8,Classical,54.30500000000001,436.10000000000014,0.644,0.356,0.6891999999999998,161.0813071091739,0.008690099988598377
Static Environment,250,8,Proposed Quantum-Inspired,55.499999999999986,487.0000000000001,0.824,0.17600000000000005,0.628,33.7888665095472,0.015517899999395013
Static Environment,250,9,FCFS,56.39,497.3999999999995,0.828,0.17200000000000004,0.6237999999999999,19.188212527486765,0.004532099992502481
Static Environment,250,9,Round Robin,56.39,497.3999999999995,0.828,0.17200000000000004,0.6237999999999999,19.188212527486765,0.0037075000000186265
Static Environment,250,9,Min-Min,46.35999999999994,463.5999999999999,0.556,0.44399999999999995,0.7,501.8617214930822,0.003762400010600686
Static Environment,250,9,Max-Min,69.54,231.79999999999995,1.0,0.0,0.8499999999999998,501.8617214930822,0.004564600007142872
Static Environment,250,9,GA,69.54,231.79999999999995,1.0,0.0,0.8499999999999998,501.8617214930822,0.00824530003592372
Static Environment,250,9,Classical,55.374999999999986,430.3,0.692,0.30800000000000005,0.6981999999999998,156.57326559793023,0.008374199969694018
Static Environment,250,9,Proposed Quantum-Inspired,56.23499999999998,505.70000000000005,0.82,0.18000000000000005,0.6106,32.797675222491,0.0150780999683775
Static Environment,250,10,FCFS,55.98999999999997,485.79999999999984,0.84,0.16000000000000003,0.6237999999999999,27.459060435491963,0.0043338999967090786
Static Environment,250,10,Round Robin,55.98999999999997,485.79999999999984,0.84,0.16000000000000003,0.6237999999999999,27.459060435491963,0.004256799991708249
Static Environment,250,10,Min-Min,45.75999999999996,457.59999999999974,0.532,0.46799999999999997,0.7,495.3665309646989,0.003342700016219169
Static Environment,250,10,Max-Min,68.63999999999999,228.79999999999987,1.0,0.0,0.8499999999999998,495.3665309646989,0.003595000016503036
Static Environment,250,10,GA,68.63999999999999,228.79999999999987,1.0,0.0,0.8499999999999998,495.3665309646989,0.007084299984853715
Static Environment,250,10,Classical,54.21500000000005,436.4999999999999,0.684,0.31599999999999995,0.6831999999999998,145.56957099613916,0.011122900003101677
Static Environment,250,10,Proposed Quantum-Inspired,55.15999999999995,488.99999999999983,0.8,0.19999999999999996,0.6286,36.88495628301598,0.05731020000530407
Static Environment,250,11,FCFS,54.154999999999944,475.50000000000006,0.824,0.17600000000000005,0.6237999999999999,6.609652033201143,0.0034499000175856054
Static Environment,250,11,Round Robin,54.154999999999944,475.50000000000006,0.824,0.17600000000000005,0.6237999999999999,6.609652033201143,0.0032112000044435263
Static Environment,250,11,Min-Min,44.43999999999993,444.3999999999997,0.524,0.476,0.7,481.0771118022557,0.003930900013074279
Static Environment,250,11,Max-Min,66.65999999999994,222.19999999999985,1.0,0.0,0.8499999999999998,481.0771118022557,0.0033884000149555504
Static Environment,250,11,GA,66.65999999999994,222.19999999999985,1.0,0.0,0.8499999999999998,481.0771118022557,0.006938099977560341
Static Environment,250,11,Classical,52.68499999999997,416.0999999999999,0.676,0.32399999999999995,0.6981999999999998,155.4049146584496,0.009321099962107837
Static Environment,250,11,Proposed Quantum-Inspired,54.46500000000002,466.09999999999997,0.84,0.16000000000000003,0.6322000000000001,13.198011213815512,0.014923100010491908
Static Environment,250,12,FCFS,55.46499999999996,489.5,0.86,0.14,0.6237999999999999,19.48557158514987,0.0030115999979898334
Static Environment,250,12,Round Robin,55.46499999999996,489.5,0.86,0.14,0.6237999999999999,19.48557158514987,0.002813900006003678
Static Environment,250,12,Min-Min,45.71999999999994,457.1999999999997,0.5,0.5,0.7,494.9335182628067,0.0032363999634981155
Static Environment,250,12,Max-Min,68.57999999999998,228.59999999999985,1.0,0.0,0.8499999999999998,494.9335182628067,0.0031495000002905726
Static Environment,250,12,GA,68.57999999999998,228.59999999999985,1.0,0.0,0.8499999999999998,494.9335182628067,0.005654200038406998
Static Environment,250,12,Classical,54.319999999999986,433.6000000000001,0.68,0.31999999999999995,0.6885999999999999,144.66232232340252,0.007741599984001368
Static Environment,250,12,Proposed Quantum-Inspired,56.53500000000001,461.6999999999999,0.848,0.15200000000000002,0.64,46.25675626327467,0.01364550000289455
Static Environment,250,13,FCFS,56.98999999999998,498.7999999999999,0.82,0.18000000000000005,0.6237999999999999,8.728545125048045,0.0032221999717876315
Static Environment,250,13,Round Robin,56.98999999999998,498.7999999999999,0.82,0.18000000000000005,0.6237999999999999,8.728545125048045,0.0030607000226154923
Static Environment,250,13,Min-Min,46.759999999999906,467.60000000000014,0.5,0.5,0.7,506.1918485120044,0.003940399968996644
Static Environment,250,13,Max-Min,70.14000000000004,233.80000000000007,1.0,0.0,0.8499999999999998,506.1918485120044,0.0037586999824270606
Static Environment,250,13,GA,70.14000000000004,233.80000000000007,1.0,0.0,0.8499999999999998,506.1918485120044,0.006395100033842027
Static Environment,250,13,Classical,55.479999999999976,449.4000000000002,0.672,0.32799999999999996,0.6813999999999999,139.50515223460386,0.009121299954131246
Static Environment,250,13,Proposed Quantum-Inspired,56.70999999999996,489.6,0.84,0.16000000000000003,0.6352000000000001,22.77471185328148,0.015157099987845868
Static Environment,250,14,FCFS,55.430000000000014,472.80000000000007,0.844,0.15600000000000003,0.6237999999999999,17.014699527173555,0.003453299985267222
Static Environment,250,14,Round Robin,55.430000000000014,472.80000000000007,0.844,0.15600000000000003,0.6237999999999999,17.014699527173555,0.003393899998627603
Static Environment,250,14,Min-Min,45.279999999999944,452.79999999999944,0.528,0.472,0.7,490.17037854199225,0.003179799998179078
Static Environment,250,14,Max-Min,67.91999999999992,226.39999999999972,1.0,0.0,0.8499999999999998,490.17037854199225,0.003482299973256886
Static Environment,250,14,GA,67.91999999999992,226.39999999999972,1.0,0.0,0.8499999999999998,490.17037854199225,0.005834199953824282
Static Environment,250,14,Classical,54.17000000000003,427.8,0.708,0.29200000000000004,0.6849999999999997,135.86390249069103,0.008021100016776472
Static Environment,250,14,Proposed Quantum-Inspired,55.47499999999999,465.90000000000026,0.808,0.19199999999999995,0.6388,28.801041647829337,0.01353009999729693
Static Environment,250,15,FCFS,57.129999999999974,495.59999999999997,0.86,0.14,0.6237999999999999,7.790218225441442,0.003543499973602593
Static Environment,250,15,Round Robin,57.129999999999974,495.59999999999997,0.86,0.14,0.6237999999999999,7.790218225441442,0.0030285000102594495
Static Environment,250,15,Min-Min,46.75999999999996,467.5999999999999,0.504,0.496,0.7,506.1918485120044,0.004759399977046996
Static Environment,250,15,Max-Min,70.13999999999993,233.79999999999995,1.0,0.0,0.8499999999999998,506.1918485120044,0.0038104999694041908
Static Environment,250,15,GA,70.13999999999993,233.79999999999995,1.0,0.0,0.8499999999999998,506.1918485120044,0.006246100005228072
Static Environment,250,15,Classical,55.70500000000002,447.9,0.692,0.30800000000000005,0.6838,134.82836311399765,0.007690300000831485
Static Environment,250,15,Proposed Quantum-Inspired,55.94000000000001,502.4,0.816,0.18400000000000005,0.622,37.9366247839736,0.012275899993255734
Static Environment,250,16,FCFS,55.77499999999999,493.6999999999997,0.824,0.17600000000000005,0.6237999999999999,11.903255857117413,0.0029925000271759927
Static Environment,250,16,Round Robin,55.77499999999999,493.6999999999997,0.824,0.17600000000000005,0.6237999999999999,11.903255857117413,0.0029372000135481358
Static Environment,250,16,Min-Min,46.03999999999997,460.39999999999964,0.444,0.556,0.7,498.39761987794446,0.0031498000025749207
Static Environment,250,16,Max-Min,69.05999999999999,230.19999999999982,1.0,0.0,0.8499999999999998,498.39761987794446,0.0034838999854400754
Static Environment,250,16,GA,69.05999999999999,230.19999999999982,1.0,0.0,0.8499999999999998,498.39761987794446,0.006243999989237636
Static Environment,250,16,Classical,54.475,434.70000000000005,0.628,0.372,0.6921999999999998,156.59721421532376,0.007873800001107156
Static Environment,250,16,Proposed Quantum-Inspired,55.83999999999997,465.5999999999998,0.76,0.24,0.643,55.30992225631853,0.017305599991232157
Static Environment,250,17,FCFS,54.13000000000003,473.99999999999966,0.844,0.15600000000000003,0.6237999999999999,3.082207001484488,0.0044166999869048595
Static Environment,250,17,Round Robin,54.13000000000003,473.99999999999966,0.844,0.15600000000000003,0.6237999999999999,3.082207001484488,0.00355150003451854
Static Environment,250,17,Min-Min,44.47999999999993,444.79999999999956,0.508,0.492,0.7,481.5101245041479,0.00570709997555241
Static Environment,250,17,Max-Min,66.72,222.39999999999978,1.0,0.0,0.8499999999999998,481.5101245041479,0.005157999985385686
Static Environment,250,17,GA,66.72,222.39999999999978,1.0,0.0,0.8499999999999998,481.5101245041479,0.006592599966097623
Static Environment,250,17,Classical,52.55000000000002,418.9999999999999,0.66,0.33999999999999997,0.6885999999999999,155.46864635674936,0.010563299991190434
Static Environment,250,17,Proposed Quantum-Inspired,54.30000000000001,464.79999999999967,0.852,0.14800000000000002,0.6292,14.439529078193651,0.014791499997954816
Static Environment,250,18,FCFS,56.444999999999986,493.90000000000003,0.876,0.124,0.6237999999999999,11.20267825120404,0.004007500014267862
Static Environment,250,18,Round Robin,56.444999999999986,493.90000000000003,0.876,0.124,0.6237999999999999,11.20267825120404,0.003625100012868643
Static Environment,250,18,Min-Min,46.39999999999995,463.9999999999997,0.576,0.42400000000000004,0.7,502.2947341949744,0.004227400000672787
Static Environment,250,18,Max-Min,69.59999999999997,231.99999999999986,1.0,0.0,0.8499999999999998,502.2947341949744,0.004237900022417307
Static Environment,250,18,GA,69.59999999999997,231.99999999999986,1.0,0.0,0.8499999999999998,502.2947341949744,0.007230499992147088
Static Environment,250,18,Classical,55.49,441.20000000000005,0.736,0.264,0.6813999999999999,132.77236158176896,0.011285899963695556
Static Environment,250,18,Proposed Quantum-Inspired,57.570000000000014,497.7999999999997,0.86,0.14,0.6172000000000001,47.644516998286385,0.013371200009714812
Static Environment,250,19,FCFS,54.66500000000001,480.4999999999999,0.828,0.17200000000000004,0.6237999999999999,16.80029761641144,0.0031048000091686845
Static Environment,250,19,Round Robin,54.66500000000001,480.4999999999999,0.828,0.17200000000000004,0.6237999999999999,16.80029761641144,0.002972999995108694
Static Environment,250,19,Min-Min,45.199999999999925,452.00000000000006,0.496,0.504,0.7,489.30435313820783,0.0031307999743148685
Static Environment,250,19,Max-Min,67.8,226.00000000000003,1.0,0.0,0.8499999999999998,489.30435313820783,0.0035584000288508832
Static Environment,250,19,GA,67.8,226.00000000000003,1.0,0.0,0.8499999999999998,489.30435313820783,0.006208400009199977
Static Environment,250,19,Classical,53.549999999999976,422.2,0.66,0.33999999999999997,0.6891999999999998,160.12573184844464,0.007857599994167686
Static Environment,250,19,Proposed Quantum-Inspired,55.919999999999966,475.59999999999997,0.848,0.15200000000000002,0.6244,31.212978070027216,0.013551400043070316
Static Environment,250,20,FCFS,57.40500000000003,507.89999999999986,0.804,0.19599999999999995,0.6237999999999999,12.891373084353738,0.00319429999217391
Static Environment,250,20,Round Robin,57.40500000000003,507.89999999999986,0.804,0.19599999999999995,0.6237999999999999,12.891373084353738,0.0029166999738663435
Static Environment,250,20,Min-Min,47.15999999999996,471.6,0.452,0.548,0.7,510.52197553092657,0.004087199980858713
Static Environment,250,20,Max-Min,70.73999999999998,235.8,1.0,0.0,0.8499999999999998,510.52197553092657,0.003463400003965944
Static Environment,250,20,GA,70.73999999999998,235.8,1.0,0.0,0.8499999999999998,510.52197553092657,0.005667599965818226
Static Environment,250,20,Classical,55.475,454.90000000000003,0.624,0.376,0.688,154.23095506415046,0.00745249999454245
Static Environment,250,20,Proposed Quantum-Inspired,56.36500000000003,494.2999999999997,0.8,0.19999999999999996,0.634,53.49006917176309,0.012646800023503602
Static Environment,250,21,FCFS,53.37999999999996,472.39999999999986,0.86,0.14,0.6237999999999999,11.07925990308017,0.0033452999778091908
Static Environment,250,21,Round Robin,53.37999999999996,472.39999999999986,0.86,0.14,0.6237999999999999,11.07925990308017,0.003231300041079521
Static Environment,250,21,Min-Min,43.91999999999995,439.1999999999996,0.548,0.45199999999999996,0.7,475.44794667765683,0.0034840000444091856
Static Environment,250,21,Max-Min,65.87999999999997,219.5999999999998,1.0,0.0,0.8499999999999998,475.44794667765683,0.0033688999828882515
Static Environment,250,21,GA,65.87999999999997,219.5999999999998,1.0,0.0,0.8499999999999998,475.44794667765683,0.007244299980811775
Static Environment,250,21,Classical,52.20000000000002,410.4,0.712,0.28800000000000003,0.6963999999999999,149.45651541501962,0.008512299973517656
Static Environment,250,21,Proposed Quantum-Inspired,54.01999999999995,449.8,0.84,0.16000000000000003,0.643,28.90069203323685,0.013521400047466159
Static Environment,250,22,FCFS,55.02999999999997,489.39999999999986,0.84,0.16000000000000003,0.6237999999999999,14.972892172189045,0.0031852999818511307
Static Environment,250,22,Round Robin,55.02999999999997,489.39999999999986,0.84,0.16000000000000003,0.6237999999999999,14.972892172189045,0.003449199954047799
Static Environment,250,22,Min-Min,45.39999999999998,453.9999999999998,0.548,0.45199999999999996,0.7,491.46941664766894,0.0033670999691821635
Static Environment,250,22,Max-Min,68.09999999999991,226.9999999999999,1.0,0.0,0.8499999999999998,491.46941664766894,0.0031836999696679413
Static Environment,250,22,GA,68.09999999999991,226.9999999999999,1.0,0.0,0.8499999999999998,491.46941664766894,0.005974999978207052
Static Environment,250,22,Classical,54.285000000000025,437.2999999999999,0.736,0.264,0.6873999999999999,120.07992130243923,0.008482700039166957
Static Environment,250,22,Proposed Quantum-Inspired,55.54499999999999,472.6999999999999,0.836,0.16400000000000003,0.6364,17.36915369268175,0.014015499968081713
Static Environment,250,23,FCFS,52.115,460.09999999999985,0.848,0.15200000000000002,0.6237999999999999,9.86154146165801,0.003435899969190359
Static Environment,250,23,Round Robin,52.115,460.09999999999985,0.848,0.15200000000000002,0.6237999999999999,9.86154146165801,0.003058800008147955
Static Environment,250,23,Min-Min,42.79999999999995,427.99999999999966,0.54,0.45999999999999996,0.7,463.32359102467467,0.0037669999874196947
Static Environment,250,23,Max-Min,64.19999999999995,213.99999999999983,1.0,0.0,0.8499999999999998,463.32359102467467,0.003366699966136366
Static Environment,250,23,GA,64.19999999999995,213.99999999999983,1.0,0.0,0.8499999999999998,463.32359102467467,0.00596939999377355
Static Environment,250,23,Classical,51.02499999999997,389.0999999999999,0.7,0.30000000000000004,0.7071999999999998,162.49538454983883,0.008220699965022504
Static Environment,250,23,Proposed Quantum-Inspired,52.25999999999997,450.40000000000003,0.864,0.136,0.6316,11.324751652906125,0.013296599965542555
Static Environment,250,24,FCFS,55.23999999999997,488.4000000000001,0.88,0.12,0.6237999999999999,18.9917745353087,0.003113500017207116
Static Environment,250,24,Round Robin,55.23999999999997,488.4000000000001,0.88,0.12,0.6237999999999999,18.9917745353087,0.003202499996405095
Static Environment,250,24,Min-Min,45.31999999999993,453.2,0.568,0.43200000000000005,0.7,490.6033912438845,0.0033201000187546015
Static Environment,250,24,Max-Min,67.97999999999993,226.6,1.0,0.0,0.8499999999999998,490.6033912438845,0.0033186000073328614
Static Environment,250,24,GA,67.97999999999993,226.6,1.0,0.0,0.8499999999999998,490.6033912438845,0.006046900001820177
Static Environment,250,24,Classical,54.135000000000005,437.5000000000001,0.736,0.264,0.6765999999999999,119.21697655954877,0.008080100000370294
Static Environment,250,24,Proposed Quantum-Inspired,55.85000000000001,475.39999999999986,0.872,0.128,0.631,22.331312097590683,0.012504100042860955
Static Environment,250,25,FCFS,55.73499999999999,482.49999999999983,0.848,0.15200000000000002,0.6237999999999999,10.012492197250394,0.0031469999812543392
Static Environment,250,25,Round Robin,55.73499999999999,482.49999999999983,0.848,0.15200000000000002,0.6237999999999999,10.012492197250394,0.0031214000191539526
Static Environment,250,25,Min-Min,45.51999999999994,455.1999999999997,0.496,0.504,0.7,492.76845475334557,0.0038019000203348696
Static Environment,250,25,Max-Min,68.27999999999997,227.59999999999985,1.0,0.0,0.8499999999999998,492.76845475334557,0.0032873000018298626
Static Environment,250,25,GA,68.27999999999997,227.59999999999985,1.0,0.0,0.8499999999999998,492.76845475334557,0.005881199962459505
Static Environment,250,25,Classical,53.99500000000005,419.5,0.644,0.356,0.7011999999999998,170.84276396733927,0.008063199988100678
Static Environment,250,25,Proposed Quantum-Inspired,55.15499999999999,473.8999999999999,0.796,0.20399999999999996,0.6267999999999999,29.0215437218629,0.01268099999288097
Static Environment,250,26,FCFS,54.014999999999986,474.6999999999998,0.832,0.16800000000000004,0.6237999999999999,12.891373084353738,0.003043400007300079
Static Environment,250,26,Round Robin,54.014999999999986,474.6999999999998,0.832,0.16800000000000004,0.6237999999999999,12.891373084353738,0.003348600002937019
Static Environment,250,26,Min-Min,44.35999999999998,443.5999999999996,0.568,0.43200000000000005,0.7,480.21108639847125,0.003374099964275956
Static Environment,250,26,Max-Min,66.53999999999998,221.7999999999998,1.0,0.0,0.8499999999999998,480.21108639847125,0.003688700031489134
Static Environment,250,26,GA,66.53999999999998,221.7999999999998,1.0,0.0,0.8499999999999998,480.21108639847125,0.006109100009780377
Static Environment,250,26,Classical,53.235000000000035,400.2999999999999,0.716,0.28400000000000003,0.7029999999999998,164.65019738828133,0.008137600030750036
Static Environment,250,26,Proposed Quantum-Inspired,53.53500000000002,471.6999999999997,0.856,0.14400000000000002,0.6166,27.949731662397046,0.013735399988945574
Static Environment,250,27,FCFS,55.61499999999999,484.1000000000002,0.848,0.15200000000000002,0.6237999999999999,3.1622776601683795,0.0034301000414416194
Static Environment,250,27,Round Robin,55.61499999999999,484.1000000000002,0.848,0.15200000000000002,0.6237999999999999,3.1622776601683795,0.0033354999613948166
Static Environment,250,27,Min-Min,45.59999999999995,456.0000000000002,0.448,0.552,0.7,493.63448015713004,0.0036086999461986125
Static Environment,250,27,Max-Min,68.39999999999999,228.0000000000001,1.0,0.0,0.8499999999999998,493.63448015713004,0.0033174999989569187
Static Environment,250,27,GA,68.39999999999999,228.0000000000001,1.0,0.0,0.8499999999999998,493.63448015713004,0.005562799982726574
Static Environment,250,27,Classical,53.90999999999998,429.00000000000006,0.636,0.364,0.6945999999999999,159.439643752738,0.008401800005231053
Static Environment,250,27,Proposed Quantum-Inspired,55.52500000000001,468.50000000000006,0.832,0.16800000000000004,0.643,35.88175023601831,0.013904399995226413
Static Environment,250,28,FCFS,50.17000000000002,440.1999999999999,0.84,0.16000000000000003,0.6237999999999999,11.562331079847178,0.0032219000277109444
Static Environment,250,28,Round Robin,50.17000000000002,440.1999999999999,0.84,0.16000000000000003,0.6237999999999999,11.562331079847178,0.002981300000101328
Static Environment,250,28,Min-Min,41.07999999999994,410.79999999999967,0.532,0.46799999999999997,0.7,444.70404484330925,0.0032768999808467925
Static Environment,250,28,Max-Min,61.61999999999995,205.39999999999984,1.0,0.0,0.8499999999999998,444.70404484330925,0.0033250999986194074
Static Environment,250,28,GA,61.61999999999995,205.39999999999984,1.0,0.0,0.8499999999999998,444.70404484330925,0.005526099994312972
Static Environment,250,28,Classical,49.135000000000005,370.29999999999984,0.708,0.29200000000000004,0.7119999999999997,157.58231975700826,0.0077560999779962
Static Environment,250,28,Proposed Quantum-Inspired,49.75499999999999,433.1000000000001,0.848,0.15200000000000002,0.6202,20.64430914319973,0.013215299986768514
Static Environment,250,29,FCFS,55.82499999999997,493.49999999999983,0.852,0.14800000000000002,0.6237999999999999,15.811388300841896,0.0036053999792784452
Static Environment,250,29,Round Robin,55.82499999999997,493.49999999999983,0.852,0.14800000000000002,0.6237999999999999,15.811388300841896,0.003002100042067468
Static Environment,250,29,Min-Min,45.91999999999995,459.19999999999993,0.544,0.45599999999999996,0.7,497.0985817722678,0.0035017000045627356
Static Environment,250,29,Max-Min,68.88000000000001,229.59999999999997,1.0,0.0,0.8499999999999998,497.0985817722678,0.00327440002001822
Static Environment,250,29,GA,68.88000000000001,229.59999999999997,1.0,0.0,0.8499999999999998,497.0985817722678,0.00645390001591295
Static Environment,250,29,Classical,54.48000000000001,436.6000000000001,0.68,0.31999999999999995,0.6867999999999999,145.26011152412076,0.00839470000937581
Static Environment,250,29,Proposed Quantum-Inspired,56.34999999999998,477.5999999999998,0.848,0.15200000000000002,0.637,18.748333259252675,0.01306640001712367
Static Environment,500,0,FCFS,110.4700000000001,961.6000000000009,0.818,0.18200000000000005,0.625,20.753011829611623,0.006439199962187558
Static Environment,500,0,Round Robin,110.4700000000001,961.6000000000009,0.818,0.18200000000000005,0.625,20.753011829611623,0.007052000029943883
Static Environment,500,0,Min-Min,90.27999999999983,902.799999999999,0.512,0.488,0.7,977.309668170739,0.007237000041641295
Static Environment,500,0,Max-Min,135.42000000000036,451.3999999999995,1.0,0.0,0.8499999999999998,977.309668170739,0.008198100025765598
Static Environment,500,0,GA,135.42000000000036,451.3999999999995,1.0,0.0,0.8499999999999998,977.309668170739,0.013071299996227026
Static Environment,500,0,Classical,105.07500000000002,996.5000000000001,0.65,0.35,0.6187,178.85102040525237,0.017194700019899756
Static Environment,500,0,Proposed Quantum-Inspired,109.89500000000015,949.5000000000005,0.84,0.16000000000000003,0.6253,34.16412592179112,0.0296871000318788
Static Environment,500,1,FCFS,108.01000000000012,943.9999999999999,0.812,0.18799999999999994,0.625,26.818836663807772,0.006840299989562482
Static Environment,500,1,Round Robin,108.01000000000012,943.9999999999999,0.812,0.18799999999999994,0.625,26.818836663807772,0.00708349997876212
Static Environment,500,1,Min-Min,88.55999999999987,885.5999999999999,0.498,0.502,0.7,958.6901219893736,0.007910800050012767
Static Environment,500,1,Max-Min,132.84000000000032,442.79999999999995,1.0,0.0,0.8499999999999998,958.6901219893736,0.007223199994768947
Static Environment,500,1,GA,132.84000000000032,442.79999999999995,1.0,0.0,0.8499999999999998,958.6901219893736,0.01323209999827668
Static Environment,500,1,Classical,103.57000000000014,979.3999999999999,0.644,0.356,0.6133,159.92576402818904,0.01632120000431314
Static Environment,500,1,Proposed Quantum-Inspired,106.65000000000012,950.9999999999997,0.808,0.19199999999999995,0.6199,44.95831402532795,0.028557100042235106
Static Environment,500,2,FCFS,111.07000000000009,967.4000000000003,0.82,0.18000000000000005,0.625,22.15287791687572,0.008129200024995953
Static Environment,500,2,Round Robin,111.07000000000009,967.4000000000003,0.82,0.18000000000000005,0.625,22.15287791687572,0.006345699948724359
Static Environment,500,2,Min-Min,91.43999999999987,914.3999999999991,0.5,0.5,0.7,989.8670365256133,0.007358899980317801
Static Environment,500,2,Max-Min,137.1600000000004,457.19999999999953,1.0,0.0,0.8499999999999998,989.8670365256133,0.007705099997110665
Static Environment,500,2,GA,137.1600000000004,457.19999999999953,1.0,0.0,0.8499999999999998,989.8670365256133,0.012440300022717565
Static Environment,500,2,Classical,106.89499999999994,1010.5000000000009,0.668,0.33199999999999996,0.6145,166.21296579990383,0.01738949998980388
Static Environment,500,2,Proposed Quantum-Inspired,110.695,970.6999999999995,0.836,0.16400000000000003,0.622,40.450587140361755,0.027493500034324825
Static Environment,500,3,FCFS,104.92500000000017,913.4999999999997,0.842,0.15800000000000003,0.625,17.32591988899868,0.00675760000012815
Static Environment,500,3,Round Robin,104.92500000000017,913.4999999999997,0.842,0.15800000000000003,0.625,17.32591988899868,0.006242899980861694
Static Environment,500,3,Min-Min,86.27999999999986,862.7999999999993,0.524,0.476,0.7,934.0083979815171,0.007153200043831021
Static Environment,500,3,Max-Min,129.4200000000004,431.39999999999964,1.0,0.0,0.8499999999999998,934.0083979815171,0.006830899976193905
Static Environment,500,3,GA,129.4200000000004,431.39999999999964,1.0,0.0,0.8499999999999998,934.0083979815171,0.011457100044935942
Static Environment,500,3,Classical,101.05000000000004,950.5999999999996,0.684,0.31599999999999995,0.6108999999999999,150.89296703292703,0.015107400016859174
Static Environment,500,3,Proposed Quantum-Inspired,106.63000000000018,894.2000000000006,0.856,0.14400000000000002,0.625,54.43057504748595,0.027608000033069402
Static Environment,500,4,FCFS,107.20000000000009,941.2000000000005,0.84,0.16000000000000003,0.625,20.40067400847335,0.006401800026651472
Static Environment,500,4,Round Robin,107.20000000000009,941.2000000000005,0.84,0.16000000000000003,0.625,20.40067400847335,0.0060891000321134925
Static Environment,500,4,Min-Min,88.35999999999993,883.6,0.534,0.46599999999999997,0.7,956.5250584799124,0.0070383999845944345
Static Environment,500,4,Max-Min,132.5400000000004,441.8,1.0,0.0,0.8499999999999998,956.5250584799124,0.006875100021716207
Static Environment,500,4,GA,132.5400000000004,441.8,1.0,0.0,0.8499999999999998,956.5250584799124,0.011631699977442622
Static Environment,500,4,Classical,103.81000000000019,973.0,0.698,0.30200000000000005,0.6115,141.68340587380018,0.016249899985268712
Static Environment,500,4,Proposed Quantum-Inspired,107.00500000000018,948.7000000000002,0.838,0.16200000000000003,0.6244000000000001,33.025558284456,0.025897199986502528
Static Environment,500,5,FCFS,110.08000000000015,948.0000000000006,0.826,0.17400000000000004,0.625,20.0124960961895,0.006583999958820641
Static Environment,500,5,Round Robin,110.08000000000015,948.0000000000006,0.826,0.17400000000000004,0.625,20.0124960961895,0.006106499989982694
Static Environment,500,5,Min-Min,90.0799999999999,900.8000000000001,0.524,0.476,0.7,975.1446046612779,0.007324500009417534
Static Environment,500,5,Max-Min,135.1200000000004,450.40000000000003,1.0,0.0,0.8499999999999998,975.1446046612779,0.0069546999875456095
Static Environment,500,5,GA,135.1200000000004,450.40000000000003,1.0,0.0,0.8499999999999998,975.1446046612779,0.011802699998952448
Static Environment,500,5,Classical,105.11000000000016,992.0,0.662,0.33799999999999997,0.6109,168.81202563798587,0.01584160001948476
Static Environment,500,5,Proposed Quantum-Inspired,109.13500000000012,959.1000000000005,0.84,0.16000000000000003,0.6255999999999999,24.66779276708802,0.028285799955483526
Static Environment,500,6,FCFS,111.18000000000002,985.6000000000008,0.83,0.17000000000000004,0.625,29.966648127543394,0.006411399983335286
Static Environment,500,6,Round Robin,111.18000000000002,985.6000000000008,0.83,0.17000000000000004,0.625,29.966648127543394,0.0063646999769844115
Static Environment,500,6,Min-Min,91.51999999999987,915.1999999999998,0.514,0.486,0.7,990.7330619293978,0.007008399988990277
Static Environment,500,6,Max-Min,137.28000000000046,457.5999999999999,1.0,0.0,0.8499999999999998,990.7330619293978,0.006681900005787611
Static Environment,500,6,GA,137.28000000000046,457.5999999999999,1.0,0.0,0.8499999999999998,990.7330619293978,0.011814100027550012
Static Environment,500,6,Classical,107.15000000000006,999.1999999999998,0.678,0.32199999999999995,0.6243999999999998,163.4457096408468,0.01569450000533834
Static Environment,500,6,Proposed Quantum-Inspired,111.76000000000006,968.4000000000007,0.84,0.16000000000000003,0.6285999999999999,25.41653005427767,0.027054900012444705
Static Environment,500,7,FCFS,107.65000000000012,945.0000000000007,0.822,0.17800000000000005,0.625,8.870597499605086,0.00669539999216795
Static Environment,500,7,Round Robin,107.65000000000012,945.0000000000007,0.822,0.17800000000000005,0.625,8.870597499605086,0.006697100005112588
Static Environment,500,7,Min-Min,88.5199999999998,885.1999999999992,0.502,0.498,0.7,958.2571092874814,0.007154999999329448
Static Environment,500,7,Max-Min,132.78000000000034,442.5999999999996,1.0,0.0,0.8499999999999998,958.2571092874814,0.006624600035138428
Static Environment,500,7,GA,132.78000000000034,442.5999999999996,1.0,0.0,0.8499999999999998,958.2571092874814,0.011533100041560829
Static Environment,500,7,Classical,103.39499999999995,981.1,0.666,0.33399999999999996,0.6126999999999999,162.55825878742672,0.016236399998888373
Static Environment,500,7,Proposed Quantum-Inspired,108.07500000000012,972.7000000000006,0.824,0.17600000000000005,0.6165999999999999,78.38486779985024,0.026949500024784356
Static Environment,500,8,FCFS,113.74499999999985,999.7000000000004,0.832,0.16800000000000004,0.625,20.474068965401088,0.006663700041826814
Static Environment,500,8,Round Robin,113.74499999999985,999.7000000000004,0.832,0.16800000000000004,0.625,20.474068965401088,0.006854299979750067
Static Environment,500,8,Min-Min,93.31999999999984,933.1999999999988,0.512,0.488,0.7,1010.2186335145477,0.006955699995160103
Static Environment,500,8,Max-Min,139.98000000000042,466.5999999999994,1.0,0.0,0.8499999999999998,1010.2186335145477,0.007594000024255365
Static Environment,500,8,GA,139.98000000000042,466.5999999999994,1.0,0.0,0.8499999999999998,1010.2186335145477,0.011639699980150908
Static Environment,500,8,Classical,109.64500000000005,1008.3,0.676,0.32399999999999995,0.6255999999999999,155.19725351951303,0.01643570000305772
Static Environment,500,8,Proposed Quantum-Inspired,113.80499999999999,981.7,0.852,0.14800000000000002,0.634,47.76701267611363,0.028640500036999583
Static Environment,500,9,FCFS,111.10000000000002,975.0000000000003,0.83,0.17000000000000004,0.625,23.13547060251855,0.007057399954646826
Static Environment,500,9,Round Robin,111.10000000000002,975.0000000000003,0.83,0.17000000000000004,0.625,23.13547060251855,0.006696199998259544
Static Environment,500,9,Min-Min,91.27999999999996,912.7999999999992,0.52,0.48,0.7,988.1349857180445,0.007840399979613721
Static Environment,500,9,Max-Min,136.92000000000039,456.3999999999996,1.0,0.0,0.8499999999999998,988.1349857180445,0.006921100022736937
Static Environment,500,9,GA,136.92000000000039,456.3999999999996,1.0,0.0,0.8499999999999998,988.1349857180445,0.012145699991378933
Static Environment,500,9,Classical,106.36499999999997,993.6999999999999,0.65,0.35,0.6253,180.79615593258615,0.016677600040566176
Static Environment,500,9,Proposed Quantum-Inspired,110.93000000000008,984.8000000000003,0.828,0.17200000000000004,0.6187,26.02402735934621,0.027928900031838566
Static Environment,500,10,FCFS,112.69999999999997,964.0000000000001,0.83,0.17000000000000004,0.625,37.97614382740828,0.0067063000169582665
Static Environment,500,10,Round Robin,112.69999999999997,964.0000000000001,0.83,0.17000000000000004,0.625,37.97614382740828,0.006136599986348301
Static Environment,500,10,Min-Min,91.79999999999983,917.999999999999,0.502,0.498,0.7,993.7641508426434,0.007662000018171966
Static Environment,500,10,Max-Min,137.7000000000003,458.9999999999995,1.0,0.0,0.8499999999999998,993.7641508426434,0.006785499979741871
Static Environment,500,10,GA,137.7000000000003,458.9999999999995,1.0,0.0,0.8499999999999998,993.7641508426434,0.012007599987555295
Static Environment,500,10,Classical,106.96000000000001,1014.1999999999998,0.646,0.354,0.6112,176.60319221350446,0.016625799995381385
Static Environment,500,10,Proposed Quantum-Inspired,112.04999999999995,971.9999999999995,0.81,0.18999999999999995,0.6286,24.159625411003375,0.025983399944379926
Static Environment,500,11,FCFS,114.34999999999998,1010.0000000000006,0.838,0.16200000000000003,0.625,17.95132307101624,0.006382099993061274
Static Environment,500,11,Round Robin,114.34999999999998,1010.0000000000006,0.838,0.16200000000000003,0.625,17.95132307101624,0.006364100030623376
Static Environment,500,11,Min-Min,94.15999999999977,941.5999999999993,0.532,0.46799999999999997,0.7,1019.3119002542843,0.007144499977584928
Static Environment,500,11,Max-Min,141.24000000000024,470.79999999999967,1.0,0.0,0.8499999999999998,1019.3119002542843,0.00696070003323257
Static Environment,500,11,GA,141.24000000000024,470.79999999999967,1.0,0.0,0.8499999999999998,1019.3119002542843,0.012683700013440102
Static Environment,500,11,Classical,110.44999999999997,1047.7999999999995,0.688,0.31200000000000006,0.6115,156.89088564986812,0.01602039998397231
Static Environment,500,11,Proposed Quantum-Inspired,113.82000000000001,1003.6000000000004,0.828,0.17200000000000004,0.6292,49.95247741604014,0.02770440001040697
Static Environment,500,12,FCFS,111.59499999999994,977.5000000000005,0.854,0.14600000000000002,0.625,33.0681115275729,0.006349499977659434
Static Environment,500,12,Round Robin,111.59499999999994,977.5000000000005,0.854,0.14600000000000002,0.625,33.0681115275729,0.006616899976506829
Static Environment,500,12,Min-Min,91.83999999999985,918.3999999999987,0.52,0.48,0.7,994.1971635445356,0.0071427999646402895
Static Environment,500,12,Max-Min,137.76000000000033,459.19999999999936,1.0,0.0,0.8499999999999998,994.1971635445356,0.0074896999867632985
Static Environment,500,12,GA,137.76000000000033,459.19999999999936,1.0,0.0,0.8499999999999998,994.1971635445356,0.012302799965254962
Static Environment,500,12,Classical,107.18999999999986,1020.7999999999998,0.662,0.33799999999999997,0.6093999999999999,171.24981751815096,0.016507200023625046
Static Environment,500,12,Proposed Quantum-Inspired,112.04500000000003,978.1,0.854,0.14600000000000002,0.6199,40.626346131543755,0.025756600021850318
Static Environment,500,13,FCFS,112.41499999999999,986.3000000000001,0.816,0.18400000000000005,0.625,14.747881203752625,0.006664699991233647
Static Environment,500,13,Round Robin,112.41499999999999,986.3000000000001,0.816,0.18400000000000005,0.625,14.747881203752625,0.00645529996836558
Static Environment,500,13,Min-Min,92.47999999999978,924.8000000000002,0.52,0.48,0.7,1001.125366774811,0.006632099975831807
Static Environment,500,13,Max-Min,138.72000000000028,462.4000000000001,1.0,0.0,0.8499999999999998,1001.125366774811,0.007625500031281263
Static Environment,500,13,GA,138.72000000000028,462.4000000000001,1.0,0.0,0.8499999999999998,1001.125366774811,0.011722100025508553
Static Environment,500,13,Classical,108.45000000000002,1008.9999999999999,0.668,0.33199999999999996,0.6210999999999999,157.2784155566173,0.016612600011285394
Static Environment,500,13,Proposed Quantum-Inspired,112.26,988.6000000000007,0.838,0.16200000000000003,0.6229,18.12456896039186,0.02763339999364689
Static Environment,500,14,FCFS,111.02500000000005,957.1000000000005,0.854,0.14600000000000002,0.625,35.64758056306206,0.006966000015381724
Static Environment,500,14,Round Robin,111.02500000000005,957.1000000000005,0.854,0.14600000000000002,0.625,35.64758056306206,0.006317000021226704
Static Environment,500,14,Min-Min,91.11999999999975,911.1999999999988,0.544,0.45599999999999996,0.7,986.4029349104757,0.008568999997805804
Static Environment,500,14,Max-Min,136.6800000000002,455.5999999999994,1.0,0.0,0.8499999999999998,986.4029349104757,0.00713980000000447
Static Environment,500,14,GA,136.6800000000002,455.5999999999994,1.0,0.0,0.8499999999999998,986.4029349104757,0.012019700021483004
Static Environment,500,14,Classical,106.90999999999993,1004.4000000000002,0.696,0.30400000000000005,0.6151,152.0435792791001,0.016302499978337437
Static Environment,500,14,Proposed Quantum-Inspired,111.46000000000004,955.0000000000005,0.836,0.16400000000000003,0.6277,22.89650628371062,0.02537669998127967
Static Environment,500,15,FCFS,109.13000000000015,946.4000000000009,0.836,0.16400000000000003,0.625,13.988834833537782,0.006765900005120784
Static Environment,500,15,Round Robin,109.13000000000015,946.4000000000009,0.836,0.16400000000000003,0.625,13.988834833537782,0.006049000017810613
Static Environment,500,15,Min-Min,89.23999999999984,892.3999999999992,0.472,0.528,0.7,966.0513379215413,0.007199499988928437
Static Environment,500,15,Max-Min,133.8600000000004,446.1999999999996,1.0,0.0,0.8499999999999998,966.0513379215413,0.006629599956795573
Static Environment,500,15,GA,133.8600000000004,446.1999999999996,1.0,0.0,0.8499999999999998,966.0513379215413,0.011128099984489381
Static Environment,500,15,Classical,104.0400000000001,974.1999999999999,0.632,0.368,0.6177999999999999,173.40901793159432,0.01807109999936074
Static Environment,500,15,Proposed Quantum-Inspired,107.43500000000009,956.3000000000001,0.79,0.20999999999999996,0.6202,46.83681778259492,0.02813109999988228
Static Environment,500,16,FCFS,113.41999999999999,999.5999999999999,0.842,0.15800000000000003,0.625,24.631027181179434,0.007237299985717982
Static Environment,500,16,Round Robin,113.41999999999999,999.5999999999999,0.842,0.15800000000000003,0.625,24.631027181179434,0.006641199986916035
Static Environment,500,16,Min-Min,93.63999999999984,936.3999999999988,0.476,0.524,0.7,1013.6827351296854,0.0075937999645248055
Static Environment,500,16,Max-Min,140.46000000000024,468.1999999999994,1.0,0.0,0.8499999999999998,1013.6827351296854,0.007238099991809577
Static Environment,500,16,GA,140.46000000000024,468.1999999999994,1.0,0.0,0.8499999999999998,1013.6827351296854,0.011957900016568601
Static Environment,500,16,Classical,109.54499999999999,1039.7,0.652,0.348,0.6078999999999999,165.02329381029818,0.01654370001051575
Static Environment,500,16,Proposed Quantum-Inspired,114.51500000000003,968.0999999999997,0.824,0.17600000000000005,0.6345999999999999,58.80635594899585,0.027924399997573346
Static Environment,500,17,FCFS,109.15000000000016,957.5999999999999,0.84,0.16000000000000003,0.625,13.285330255586423,0.007160100038163364
Static Environment,500,17,Round Robin,109.15000000000016,957.5999999999999,0.84,0.16000000000000003,0.625,13.285330255586423,0.00668799999402836
Static Environment,500,17,Min-Min,89.59999999999981,895.9999999999986,0.514,0.486,0.7,969.9484522385712,0.008118500001728535
Static Environment,500,17,Max-Min,134.40000000000038,447.9999999999993,1.0,0.0,0.8499999999999998,969.9484522385712,0.007051700027659535
Static Environment,500,17,GA,134.40000000000038,447.9999999999993,1.0,0.0,0.8499999999999998,969.9484522385712,0.012016100052278489
Static Environment,500,17,Classical,105.40500000000004,988.8999999999994,0.682,0.31799999999999995,0.6096999999999999,138.1177034271856,0.01718060002895072
Static Environment,500,17,Proposed Quantum-Inspired,108.49000000000007,941.9999999999991,0.842,0.15800000000000003,0.6307,43.110323589599744,0.030436100030783564
Static Environment,500,18,FCFS,110.30000000000008,962.0000000000001,0.852,0.14800000000000002,0.625,12.298373876248844,0.006955199991352856
Static Environment,500,18,Round Robin,110.30000000000008,962.0000000000001,0.852,0.14800000000000002,0.625,12.298373876248844,0.006541699985973537
Static Environment,500,18,Min-Min,90.31999999999982,903.1999999999997,0.542,0.45799999999999996,0.7,977.7426808726312,0.006612800003495067
Static Environment,500,18,Max-Min,135.48000000000044,451.59999999999985,1.0,0.0,0.8499999999999998,977.7426808726312,0.00775180000346154
Static Environment,500,18,GA,135.48000000000044,451.59999999999985,1.0,0.0,0.8499999999999998,977.7426808726312,0.012307099997997284
Static Environment,500,18,Classical,105.56500000000005,990.9000000000002,0.674,0.32599999999999996,0.6127,165.48489357038002,0.017366199987009168
Static Environment,500,18,Proposed Quantum-Inspired,110.38500000000009,952.3000000000004,0.822,0.17800000000000005,0.6292000000000001,13.219304066402286,0.02599180000834167
Static Environment,500,19,FCFS,111.01500000000014,970.8999999999999,0.824,0.17600000000000005,0.625,15.562374497485916,0.006988000008277595
Static Environment,500,19,Round Robin,111.01500000000014,970.8999999999999,0.824,0.17600000000000005,0.625,15.562374497485916,0.006362899963278323
Static Environment,500,19,Min-Min,91.39999999999992,914.0000000000001,0.484,0.516,0.7,989.4340238237212,0.006803700001910329
Static Environment,500,19,Max-Min,137.10000000000036,457.00000000000006,1.0,0.0,0.8499999999999998,989.4340238237212,0.007360299990978092
Static Environment,500,19,GA,137.10000000000036,457.00000000000006,1.0,0.0,0.8499999999999998,989.4340238237212,0.012452499999199063
Static Environment,500,19,Classical,106.48500000000008,1009.8999999999993,0.64,0.36,0.6105999999999999,177.22073101079343,0.016437199956271797
Static Environment,500,19,Proposed Quantum-Inspired,112.09000000000013,975.5999999999997,0.836,0.16400000000000003,0.6178,36.36189626518397,0.027723400038667023
Static Environment,500,20,FCFS,111.09500000000013,981.3000000000005,0.806,0.19399999999999995,0.625,21.924586655168667,0.007241700019221753
Static Environment,500,20,Round Robin,111.09500000000013,981.3000000000005,0.806,0.19399999999999995,0.625,21.924586655168667,0.006196699978318065
Static Environment,500,20,Min-Min,91.23999999999992,912.3999999999988,0.498,0.502,0.7,987.7019730161522,0.007418600027449429
Static Environment,500,20,Max-Min,136.86000000000035,456.1999999999994,1.0,0.0,0.8499999999999998,987.7019730161522,0.007334200025070459
Static Environment,500,20,GA,136.86000000000035,456.1999999999994,1.0,0.0,0.8499999999999998,987.7019730161522,0.012179000012110919
Static Environment,500,20,Classical,106.94500000000001,1003.3000000000011,0.644,0.356,0.6181,156.56687868128432,0.015864499961026013
Static Environment,500,20,Proposed Quantum-Inspired,109.79000000000012,937.8000000000001,0.816,0.18400000000000005,0.6403,106.44805071019384,0.026958599977660924
Static Environment,500,21,FCFS,109.55500000000005,969.5000000000002,0.842,0.15800000000000003,0.625,19.06567596493762,0.006657100049778819
Static Environment,500,21,Round Robin,109.55500000000005,969.5000000000002,0.842,0.15800000000000003,0.625,19.06567596493762,0.006576100015081465
Static Environment,500,21,Min-Min,90.23999999999987,902.3999999999986,0.534,0.46599999999999997,0.7,976.8766554688468,0.007289799978025258
Static Environment,500,21,Max-Min,135.36000000000038,451.1999999999993,1.0,0.0,0.8499999999999998,976.8766554688468,0.00722890003817156
Static Environment,500,21,GA,135.36000000000038,451.1999999999993,1.0,0.0,0.8499999999999998,976.8766554688468,0.012662500026635826
Static Environment,500,21,Classical,105.42000000000007,994.1999999999991,0.686,0.31399999999999995,0.6156999999999999,166.9146488478468,0.016711600008420646
Static Environment,500,21,Proposed Quantum-Inspired,110.43999999999993,944.6000000000001,0.852,0.14800000000000002,0.637,27.99107000455681,0.026875099982134998
Static Environment,500,22,FCFS,109.56000000000004,969.8,0.846,0.15400000000000003,0.625,25.0099980007996,0.0070940000005066395
Static Environment,500,22,Round Robin,109.56000000000004,969.8,0.846,0.15400000000000003,0.625,25.0099980007996,0.006876100029330701
Static Environment,500,22,Min-Min,90.39999999999993,903.9999999999987,0.53,0.47,0.7,978.6087062764157,0.007139099994674325
Static Environment,500,22,Max-Min,135.60000000000022,451.9999999999994,1.0,0.0,0.8499999999999998,978.6087062764157,0.007339500007219613
Static Environment,500,22,GA,135.60000000000022,451.9999999999994,1.0,0.0,0.8499999999999998,978.6087062764157,0.011875300027895719
Static Environment,500,22,Classical,105.66499999999998,985.4999999999998,0.666,0.33399999999999996,0.6244,165.55965692160635,0.016292500018607825
Static Environment,500,22,Proposed Quantum-Inspired,109.80000000000004,951.1999999999998,0.81,0.18999999999999995,0.6289000000000001,37.027017163147235,0.027031300007365644
Static Environment,500,23,FCFS,107.12000000000008,943.7999999999998,0.838,0.16200000000000003,0.625,13.102957681378658,0.007380700029898435
Static Environment,500,23,Round Robin,107.12000000000008,943.7999999999998,0.838,0.16200000000000003,0.625,13.102957681378658,0.006636399950366467
Static Environment,500,23,Min-Min,88.11999999999976,881.1999999999991,0.54,0.45999999999999996,0.7,953.9269822685592,0.007599700009450316
Static Environment,500,23,Max-Min,132.18000000000038,440.59999999999957,1.0,0.0,0.8499999999999998,953.9269822685592,0.007417699962388724
Static Environment,500,23,GA,132.18000000000038,440.59999999999957,1.0,0.0,0.8499999999999998,953.9269822685592,0.01366050000069663
Static Environment,500,23,Classical,103.11499999999992,975.9000000000004,0.68,0.31999999999999995,0.6133,154.35733704621882,0.017110100015997887
Static Environment,500,23,Proposed Quantum-Inspired,106.56999999999994,942.400000000001,0.848,0.15200000000000002,0.6267999999999999,30.285103598964294,0.02962460002163425
Static Environment,500,24,FCFS,108.9500000000001,953.6000000000003,0.88,0.12,0.625,14.359230480774379,0.0068310999777168036
Static Environment,500,24,Round Robin,108.9500000000001,953.6000000000003,0.88,0.12,0.625,14.359230480774379,0.0067441999563016
Static Environment,500,24,Min-Min,89.47999999999998,894.7999999999995,0.556,0.44399999999999995,0.7,968.6494141328947,0.00707759999204427
Static Environment,500,24,Max-Min,134.22000000000037,447.39999999999975,1.0,0.0,0.8499999999999998,968.6494141328947,0.008186699997168034
Static Environment,500,24,GA,134.22000000000037,447.39999999999975,1.0,0.0,0.8499999999999998,968.6494141328947,0.013111500011291355
Static Environment,500,24,Classical,105.11500000000011,982.5000000000006,0.69,0.31000000000000005,0.6133,143.66345220688524,0.01736440003151074
Static Environment,500,24,Proposed Quantum-Inspired,110.0900000000002,943.3999999999999,0.858,0.14200000000000002,0.6271,38.88042566639414,0.028274599986616522
Static Environment,500,25,FCFS,113.145,972.9000000000005,0.852,0.14800000000000002,0.625,23.43608329051593,0.007545700005721301
Static Environment,500,25,Round Robin,113.145,972.9000000000005,0.852,0.14800000000000002,0.625,23.43608329051593,0.006687099987175316
Static Environment,500,25,Min-Min,92.39999999999999,923.9999999999986,0.522,0.478,0.7,1000.2593413710266,0.007574700051918626
Static Environment,500,25,Max-Min,138.60000000000056,461.9999999999993,1.0,0.0,0.8499999999999998,1000.2593413710266,0.010154199961107224
Static Environment,500,25,GA,138.60000000000056,461.9999999999993,1.0,0.0,0.8499999999999998,1000.2593413710266,0.01330039999447763
Static Environment,500,25,Classical,108.55499999999999,1002.3000000000008,0.654,0.346,0.6262,152.94852075126454,0.016465499997138977
Static Environment,500,25,Proposed Quantum-Inspired,112.67500000000008,955.7,0.82,0.18000000000000005,0.6330999999999999,55.98883817333594,0.029527199978474528
Static Environment,500,26,FCFS,112.41000000000003,985.0000000000006,0.852,0.14800000000000002,0.625,18.280795934531955,0.00711159995989874
Static Environment,500,26,Round Robin,112.41000000000003,985.0000000000006,0.852,0.14800000000000002,0.625,18.280795934531955,0.006565700052306056
Static Environment,500,26,Min-Min,92.1199999999999,921.1999999999992,0.556,0.44399999999999995,0.7,997.2282524577811,0.007180200016591698
Static Environment,500,26,Max-Min,138.18000000000043,460.5999999999996,1.0,0.0,0.8499999999999998,997.2282524577811,0.007365699973888695
Static Environment,500,26,GA,138.18000000000043,460.5999999999996,1.0,0.0,0.8499999999999998,997.2282524577811,0.013535400037653744
Static Environment,500,26,Classical,107.86999999999995,1015.4000000000004,0.684,0.31599999999999995,0.6145,162.2288121758894,0.019265700015239418
Static Environment,500,26,Proposed Quantum-Inspired,111.51500000000009,988.1000000000003,0.846,0.15400000000000003,0.6193,27.123559869604136,0.02655479998793453
Static Environment,500,27,FCFS,110.26500000000007,963.1000000000001,0.844,0.15600000000000003,0.625,10.685855136581255,0.006862700043711811
Static Environment,500,27,Round Robin,110.26500000000007,963.1000000000001,0.844,0.15600000000000003,0.625,10.685855136581255,0.006821999966632575
Static Environment,500,27,Min-Min,90.43999999999993,904.3999999999995,0.476,0.524,0.7,979.0417189783079,0.00733389996457845
Static Environment,500,27,Max-Min,135.66000000000034,452.19999999999976,1.0,0.0,0.8499999999999998,979.0417189783079,0.0073985999915748835
Static Environment,500,27,GA,135.66000000000034,452.19999999999976,1.0,0.0,0.8499999999999998,979.0417189783079,0.012678300030529499
Static Environment,500,27,Classical,106.12500000000006,987.1000000000001,0.658,0.34199999999999997,0.6199,152.26682994007592,0.01828000001842156
Static Environment,500,27,Proposed Quantum-Inspired,109.17000000000007,965.8000000000002,0.814,0.18600000000000005,0.625,38.336503492102665,0.027776499977335334
Static Environment,500,28,FCFS,102.38500000000019,898.7,0.842,0.15800000000000003,0.625,27.299267389437397,0.006655200035311282
Static Environment,500,28,Round Robin,102.38500000000019,898.7,0.842,0.15800000000000003,0.625,27.299267389437397,0.006894599995575845
Static Environment,500,28,Min-Min,83.75999999999986,837.5999999999993,0.534,0.46599999999999997,0.7,906.7285977623072,0.006653300020843744
Static Environment,500,28,Max-Min,125.64000000000033,418.79999999999967,1.0,0.0,0.8499999999999998,906.7285977623072,0.008182400022633374
Static Environment,500,28,GA,125.64000000000033,418.79999999999967,1.0,0.0,0.8499999999999998,906.7285977623072,0.012207899999339134
Static Environment,500,28,Classical,98.34500000000006,927.7,0.678,0.32199999999999995,0.6144999999999999,136.30939072565764,0.01598640001611784
Static Environment,500,28,Proposed Quantum-Inspired,101.37500000000001,889.3000000000006,0.852,0.14800000000000002,0.6244,37.34635189680513,0.02698740002233535
Static Environment,500,29,FCFS,109.46000000000008,971.0000000000002,0.854,0.14600000000000002,0.625,27.325583250865844,0.007429899997077882
Static Environment,500,29,Round Robin,109.46000000000008,971.0000000000002,0.854,0.14600000000000002,0.625,27.325583250865844,0.00756220001494512
Static Environment,500,29,Min-Min,89.95999999999995,899.5999999999987,0.552,0.44799999999999995,0.7,973.8455665556013,0.008012400008738041
Static Environment,500,29,Max-Min,134.94000000000048,449.79999999999933,1.0,0.0,0.8499999999999998,973.8455665556013,0.0066989000188186765
Static Environment,500,29,GA,134.94000000000048,449.79999999999933,1.0,0.0,0.8499999999999998,973.8455665556013,0.011956100002862513
Static Environment,500,29,Classical,105.8300000000001,975.8000000000004,0.682,0.31799999999999995,0.6277,145.24870911646684,0.0167481999960728
Static Environment,500,29,Proposed Quantum-Inspired,109.40000000000006,954.1999999999995,0.852,0.14800000000000002,0.6241,33.92915413033458,0.027709799993317574
Static Environment,1000,0,FCFS,219.65500000000068,1918.7000000000028,0.833,0.16700000000000004,0.6249999999999999,29.819247140060394,0.05442970001604408
Static Environment,1000,0,Round Robin,219.65500000000068,1918.7000000000028,0.833,0.16700000000000004,0.6249999999999999,29.819247140060394,0.014094999991357327
Static Environment,1000,0,Min-Min,179.87999999999997,1798.8000000000027,0.516,0.484,0.6999999999999998,1947.2581204093103,0.014559399976860732
Static Environment,1000,0,Max-Min,269.8200000000023,899.4000000000013,1.0,0.0,0.8499999999999998,1947.2581204093103,0.01463079999666661
Static Environment,1000,0,GA,269.8200000000023,899.4000000000013,1.0,0.0,0.8499999999999998,1947.2581204093103,0.023491699947044253
Static Environment,1000,0,Classical,234.01000000000127,1502.6000000000042,0.792,0.20799999999999996,0.7241499999999998,706.5700159927535,0.031971000018529594
Static Environment,1000,0,Proposed Quantum-Inspired,218.72000000000062,1895.2000000000019,0.835,0.16500000000000004,0.6300999999999999,64.61569081887154,0.05358559999149293
Static Environment,1000,1,FCFS,223.48000000000067,1974.4,0.827,0.17300000000000004,0.6249999999999999,41.5052707496289,0.014607899996917695
Static Environment,1000,1,Round Robin,223.48000000000067,1974.4,0.827,0.17300000000000004,0.6249999999999999,41.5052707496289,0.01365610002540052
Static Environment,1000,1,Min-Min,183.87999999999948,1838.8000000000052,0.503,0.497,0.6999999999999998,1990.5593905985322,0.01544420002028346
Static Environment,1000,1,Max-Min,275.8200000000023,919.4000000000026,1.0,0.0,0.8499999999999998,1990.5593905985322,0.015178299974650145
Static Environment,1000,1,GA,275.8200000000023,919.4000000000026,1.0,0.0,0.8499999999999998,1990.5593905985322,0.02579770004376769
Static Environment,1000,1,Classical,226.38500000000096,1671.3000000000038,0.72,0.28,0.6956499999999999,532.919494389162,0.034115999995265156
Static Environment,1000,1,Proposed Quantum-Inspired,222.91000000000048,1932.4000000000008,0.809,0.19099999999999995,0.6304,80.04490926973432,0.056978900043759495
Static Environment,1000,2,FCFS,221.56500000000054,1936.4999999999995,0.823,0.17700000000000005,0.6249999999999999,19.11151485361639,0.013488299970049411
Static Environment,1000,2,Round Robin,221.56500000000054,1936.4999999999995,0.823,0.17700000000000005,0.6249999999999999,19.11151485361639,0.013902200036682189
Static Environment,1000,2,Min-Min,182.15999999999954,1821.6000000000033,0.494,0.506,0.6999999999999998,1971.9398444171668,0.015569399984087795
Static Environment,1000,2,Max-Min,273.2400000000022,910.8000000000017,1.0,0.0,0.8499999999999998,1971.9398444171668,0.015471699996851385
Static Environment,1000,2,GA,273.2400000000022,910.8000000000017,1.0,0.0,0.8499999999999998,1971.9398444171668,0.025335100013762712
Static Environment,1000,2,Classical,237.6450000000013,1521.3000000000034,0.799,0.20099999999999996,0.7218999999999999,722.334583139974,0.03423809999367222
Static Environment,1000,2,Proposed Quantum-Inspired,220.9450000000006,1920.5000000000007,0.826,0.17400000000000004,0.62995,66.07760588883347,0.05435839999699965
Static Environment,1000,3,FCFS,216.32500000000056,1875.8999999999996,0.834,0.16600000000000004,0.6249999999999999,15.256146302392358,0.014275899971835315
Static Environment,1000,3,Round Robin,216.32500000000056,1875.8999999999996,0.834,0.16600000000000004,0.6249999999999999,15.256146302392358,0.013771799975074828
Static Environment,1000,3,Min-Min,177.19999999999987,1772.0000000000055,0.518,0.482,0.6999999999999998,1918.2462693825316,0.01499669998884201
Static Environment,1000,3,Max-Min,265.8000000000021,886.0000000000027,1.0,0.0,0.8499999999999998,1918.2462693825316,0.01446640002541244
Static Environment,1000,3,GA,265.8000000000021,886.0000000000027,1.0,0.0,0.8499999999999998,1918.2462693825316,0.025852099992334843
Static Environment,1000,3,Classical,231.62500000000136,1481.7000000000005,0.796,0.20399999999999996,0.7154499999999998,705.6098426184261,0.03374320000875741
Static Environment,1000,3,Proposed Quantum-Inspired,218.1950000000009,1865.9000000000003,0.848,0.15200000000000002,0.6235,85.69276515552524,0.05419880000408739
Static Environment,1000,4,FCFS,214.58500000000083,1887.1000000000035,0.828,0.17200000000000004,0.6249999999999999,37.84838173555112,0.013120000017806888
Static Environment,1000,4,Round Robin,214.58500000000083,1887.1000000000035,0.828,0.17200000000000004,0.6249999999999999,37.84838173555112,0.013452099985443056
Static Environment,1000,4,Min-Min,176.79999999999995,1768.000000000003,0.523,0.477,0.6999999999999998,1913.9161423636094,0.014872999978251755
Static Environment,1000,4,Max-Min,265.20000000000243,884.0000000000015,1.0,0.0,0.8499999999999998,1913.9161423636094,0.015190300007816404
Static Environment,1000,4,GA,265.20000000000243,884.0000000000015,1.0,0.0,0.8499999999999998,1913.9161423636094,0.025880400033202022
Static Environment,1000,4,Classical,233.7200000000018,1446.0000000000052,0.826,0.17400000000000004,0.7254999999999999,777.3602768343646,0.03451289999065921
Static Environment,1000,4,Proposed Quantum-Inspired,214.02500000000086,1866.3000000000025,0.831,0.16900000000000004,0.6323499999999999,74.67596668272866,0.054428800009191036
Static Environment,1000,5,FCFS,221.42000000000058,1931.800000000003,0.831,0.16900000000000004,0.6249999999999999,10.709224995301948,0.013484499999321997
Static Environment,1000,5,Round Robin,221.42000000000058,1931.800000000003,0.831,0.16900000000000004,0.6249999999999999,10.709224995301948,0.013109399995300919
Static Environment,1000,5,Min-Min,181.55999999999983,1815.600000000003,0.521,0.479,0.6999999999999998,1965.4446538887835,0.013938500022049993
Static Environment,1000,5,Max-Min,272.34000000000253,907.8000000000015,1.0,0.0,0.8499999999999998,1965.4446538887835,0.014122099964879453
Static Environment,1000,5,GA,272.34000000000253,907.8000000000015,1.0,0.0,0.8499999999999998,1965.4446538887835,0.024062399985268712
Static Environment,1000,5,Classical,240.59000000000162,1466.8000000000027,0.817,0.18300000000000005,0.7273,828.1251037735784,0.03433299995958805
Static Environment,1000,5,Proposed Quantum-Inspired,221.14500000000066,1932.3000000000009,0.841,0.15900000000000003,0.6232000000000001,31.751968442917047,0.056476700003258884
Static Environment,1000,6,FCFS,215.12500000000065,1897.5000000000014,0.827,0.17300000000000004,0.6249999999999999,40.42508503392417,0.012715199962258339
Static Environment,1000,6,Round Robin,215.12500000000065,1897.5000000000014,0.827,0.17300000000000004,0.6249999999999999,40.42508503392417,0.013745500007644296
Static Environment,1000,6,Min-Min,176.83999999999978,1768.400000000004,0.515,0.485,0.6999999999999998,1914.3491550655017,0.014053299964871258
Static Environment,1000,6,Max-Min,265.26000000000244,884.200000000002,1.0,0.0,0.8499999999999998,1914.3491550655017,0.01402040000539273
Static Environment,1000,6,GA,265.26000000000244,884.200000000002,1.0,0.0,0.8499999999999998,1914.3491550655017,0.02392489998601377
Static Environment,1000,6,Classical,233.21000000000157,1445.0000000000034,0.821,0.17900000000000005,0.7337499999999998,771.8339766426456,0.03380850004032254
Static Environment,1000,6,Proposed Quantum-Inspired,215.44000000000068,1870.8000000000015,0.837,0.16300000000000003,0.62665,27.03123193641015,0.05906170001253486
Static Environment,1000,7,FCFS,220.6100000000007,1919.800000000002,0.828,0.17200000000000004,0.6249999999999999,12.449899597988733,0.015871999959927052
Static Environment,1000,7,Round Robin,220.6100000000007,1919.800000000002,0.828,0.17200000000000004,0.6249999999999999,12.449899597988733,0.015092200017534196
Static Environment,1000,7,Min-Min,180.95999999999972,1809.6000000000047,0.516,0.484,0.6999999999999998,1958.9494633604002,0.014313099964056164
Static Environment,1000,7,Max-Min,271.4400000000023,904.8000000000023,1.0,0.0,0.8499999999999998,1958.9494633604002,0.015400199976284057
Static Environment,1000,7,GA,271.4400000000023,904.8000000000023,1.0,0.0,0.8499999999999998,1958.9494633604002,0.0258451999980025
Static Environment,1000,7,Classical,237.0950000000013,1498.9000000000028,0.8,0.19999999999999996,0.7215999999999998,745.1201245436872,0.035439400002360344
Static Environment,1000,7,Proposed Quantum-Inspired,221.61500000000058,1915.9000000000021,0.837,0.16300000000000003,0.62695,48.24417063231578,0.09894599998369813
Static Environment,1000,8,FCFS,221.52,1928.8000000000015,0.845,0.15500000000000003,0.6249999999999999,26.836309358777335,0.01396430004388094
Static Environment,1000,8,Round Robin,221.52,1928.8000000000015,0.845,0.15500000000000003,0.6249999999999999,26.836309358777335,0.012864499993156642
Static Environment,1000,8,Min-Min,181.39999999999958,1814.0000000000039,0.533,0.46699999999999997,0.6999999999999998,1963.7126030812146,0.014699399995151907
Static Environment,1000,8,Max-Min,272.10000000000196,907.0000000000019,1.0,0.0,0.8499999999999998,1963.7126030812146,0.014628199976868927
Static Environment,1000,8,GA,272.10000000000196,907.0000000000019,1.0,0.0,0.8499999999999998,1963.7126030812146,0.02374570001848042
Static Environment,1000,8,Classical,240.00000000000128,1468.600000000004,0.818,0.18200000000000005,0.7341999999999999,818.6917536533515,0.03261280001606792
Static Environment,1000,8,Proposed Quantum-Inspired,221.29500000000053,1904.5000000000002,0.861,0.139,0.634,67.51805314136361,0.061561500013340265
Static Environment,1000,9,FCFS,221.22500000000053,1928.5000000000025,0.843,0.15700000000000003,0.6249999999999999,30.75203245315665,0.014572500018402934
Static Environment,1000,9,Round Robin,221.22500000000053,1928.5000000000025,0.843,0.15700000000000003,0.6249999999999999,30.75203245315665,0.014119900006335229
Static Environment,1000,9,Min-Min,181.55999999999966,1815.6000000000033,0.527,0.473,0.6999999999999998,1965.4446538887835,0.015866200032178313
Static Environment,1000,9,Max-Min,272.34000000000236,907.8000000000017,1.0,0.0,0.8499999999999998,1965.4446538887835,0.013773300044704229
Static Environment,1000,9,GA,272.34000000000236,907.8000000000017,1.0,0.0,0.8499999999999998,1965.4446538887835,0.025114199961535633
Static Environment,1000,9,Classical,236.7400000000013,1496.5999999999985,0.793,0.20699999999999996,0.7301499999999999,746.2427135322663,0.035769600013736635
Static Environment,1000,9,Proposed Quantum-Inspired,220.9700000000005,1954.0,0.841,0.15900000000000003,0.62215,45.75136609982264,0.07182780001312494
Static Environment,1000,10,FCFS,226.83500000000078,1958.100000000001,0.836,0.16400000000000003,0.6249999999999999,53.46201922860752,0.013907599961385131
Static Environment,1000,10,Round Robin,226.83500000000078,1958.100000000001,0.836,0.16400000000000003,0.6249999999999999,53.46201922860752,0.013343899976462126
Static Environment,1000,10,Min-Min,185.0799999999999,1850.8000000000047,0.499,0.501,0.6999999999999998,2003.5497716552989,0.016581300005782396
Static Environment,1000,10,Max-Min,277.6200000000025,925.4000000000024,1.0,0.0,0.8499999999999998,2003.5497716552989,0.017016600002534688
Static Environment,1000,10,GA,277.6200000000025,925.4000000000024,1.0,0.0,0.8499999999999998,2003.5497716552989,0.023269700002856553
Static Environment,1000,10,Classical,236.93500000000125,1591.3000000000022,0.772,0.22799999999999998,0.7127499999999998,636.0040782101951,0.034197499975562096
Static Environment,1000,10,Proposed Quantum-Inspired,225.66000000000057,1950.1999999999994,0.817,0.18300000000000005,0.62905,83.484654278496,0.04925500001991168
Static Environment,1000,11,FCFS,223.84000000000037,1956.3999999999996,0.847,0.15300000000000002,0.6249999999999999,37.04304928053305,0.013515400001779199
Static Environment,1000,11,Round Robin,223.84000000000037,1956.3999999999996,0.847,0.15300000000000002,0.6249999999999999,37.04304928053305,0.012160500045865774
Static Environment,1000,11,Min-Min,184.35999999999962,1843.6000000000015,0.532,0.46799999999999997,0.6999999999999998,1995.755543021239,0.013429000042378902
Static Environment,1000,11,Max-Min,276.54000000000235,921.8000000000008,1.0,0.0,0.8499999999999998,1995.755543021239,0.01345149998087436
Static Environment,1000,11,GA,276.54000000000235,921.8000000000008,1.0,0.0,0.8499999999999998,1995.755543021239,0.034876500023528934
Static Environment,1000,11,Classical,242.31500000000133,1534.5000000000039,0.815,0.18500000000000005,0.7241499999999998,758.7540362330866,0.03839569998672232
Static Environment,1000,11,Proposed Quantum-Inspired,223.40000000000066,1956.6000000000017,0.834,0.16600000000000004,0.62815,74.61693842553446,0.05876039998838678
Static Environment,1000,12,FCFS,224.97500000000076,1962.0999999999988,0.849,0.15100000000000002,0.6249999999999999,50.39841267341661,0.013307599991094321
Static Environment,1000,12,Round Robin,224.97500000000076,1962.0999999999988,0.849,0.15100000000000002,0.6249999999999999,50.39841267341661,0.021152600005734712
Static Environment,1000,12,Min-Min,184.79999999999967,1848.000000000003,0.514,0.486,0.6999999999999998,2000.5186827420532,0.01861769997049123
Static Environment,1000,12,Max-Min,277.20000000000243,924.0000000000015,1.0,0.0,0.8499999999999998,2000.5186827420532,0.01648300001397729
Static Environment,1000,12,GA,277.20000000000243,924.0000000000015,1.0,0.0,0.8499999999999998,2000.5186827420532,0.030526700022164732
Static Environment,1000,12,Classical,240.86500000000126,1550.3000000000022,0.793,0.20699999999999996,0.7185999999999999,721.27525952302,0.03191640001023188
Static Environment,1000,12,Proposed Quantum-Inspired,225.89500000000055,1963.7000000000005,0.846,0.15400000000000003,0.6206499999999999,28.635642126552707,0.05031369999051094
Static Environment,1000,13,FCFS,222.84000000000074,1943.399999999999,0.828,0.17200000000000004,0.6249999999999999,9.730750228014282,0.012710799986962229
Static Environment,1000,13,Round Robin,222.84000000000074,1943.399999999999,0.828,0.17200000000000004,0.6249999999999999,9.730750228014282,0.014511600020341575
Static Environment,1000,13,Min-Min,182.75999999999976,1827.6000000000038,0.516,0.484,0.6999999999999998,1978.4350349455501,0.013763300026766956
Static Environment,1000,13,Max-Min,274.1400000000023,913.8000000000019,1.0,0.0,0.8499999999999998,1978.4350349455501,0.014507400046568364
Static Environment,1000,13,GA,274.1400000000023,913.8000000000019,1.0,0.0,0.8499999999999998,1978.4350349455501,0.025165700004436076
Static Environment,1000,13,Classical,241.30000000000135,1487.0000000000025,0.814,0.18600000000000005,0.7305999999999999,808.9108031791886,0.03183259995421395
Static Environment,1000,13,Proposed Quantum-Inspired,222.04500000000084,1928.7000000000007,0.848,0.15200000000000002,0.6297999999999999,99.37649369946597,0.05180859996471554
Static Environment,1000,14,FCFS,220.19000000000034,1910.6000000000033,0.846,0.15400000000000003,0.6249999999999999,29.483045975611137,0.013466699980199337
Static Environment,1000,14,Round Robin,220.19000000000034,1910.6000000000033,0.846,0.15400000000000003,0.6249999999999999,29.483045975611137,0.014472100010607392
Static Environment,1000,14,Min-Min,180.55999999999946,1805.6000000000001,0.543,0.45699999999999996,0.6999999999999998,1954.619336341478,0.015779399953316897
Static Environment,1000,14,Max-Min,270.84000000000225,902.8000000000001,1.0,0.0,0.8499999999999998,1954.619336341478,0.014864800032228231
Static Environment,1000,14,GA,270.84000000000225,902.8000000000001,1.0,0.0,0.8499999999999998,1954.619336341478,0.025013400008901954
Static Environment,1000,14,Classical,239.01500000000115,1475.3000000000034,0.825,0.17500000000000004,0.7277499999999999,800.7076557645743,0.0394032999756746
Static Environment,1000,14,Proposed Quantum-Inspired,220.48500000000055,1890.100000000001,0.835,0.16500000000000004,0.6295,51.198144497628036,0.052771300019230694
Static Environment,1000,15,FCFS,217.5850000000008,1888.1000000000015,0.829,0.17100000000000004,0.6249999999999999,13.790848414800301,0.013169499987270683
Static Environment,1000,15,Round Robin,217.5850000000008,1888.1000000000015,0.829,0.17100000000000004,0.6249999999999999,13.790848414800301,0.013834199984557927
Static Environment,1000,15,Min-Min,178.19999999999987,1782.000000000007,0.492,0.508,0.6999999999999998,1929.0715869298372,0.01416249998146668
Static Environment,1000,15,Max-Min,267.30000000000206,891.0000000000035,1.0,0.0,0.8499999999999998,1929.0715869298372,0.054882300028111786
Static Environment,1000,15,GA,267.30000000000206,891.0000000000035,1.0,0.0,0.8499999999999998,1929.0715869298372,0.025677400000859052
Static Environment,1000,15,Classical,235.52500000000123,1438.7000000000046,0.799,0.20099999999999996,0.7298499999999999,806.0333042126733,0.03156670002499595
Static Environment,1000,15,Proposed Quantum-Inspired,214.88500000000067,1915.1000000000008,0.807,0.19299999999999995,0.6205,79.0865823006659,0.05324720003409311
Static Environment,1000,16,FCFS,219.53000000000048,1925.6000000000006,0.846,0.15400000000000003,0.6249999999999999,19.00657780874821,0.012911199999507517
Static Environment,1000,16,Round Robin,219.53000000000048,1925.6000000000006,0.846,0.15400000000000003,0.6249999999999999,19.00657780874821,0.013050200010184199
Static Environment,1000,16,Min-Min,180.5599999999998,1805.6000000000035,0.494,0.506,0.6999999999999998,1954.619336341478,0.014409199997317046
Static Environment,1000,16,Max-Min,270.8400000000024,902.8000000000018,1.0,0.0,0.8499999999999998,1954.619336341478,0.013914200011640787
Static Environment,1000,16,GA,270.8400000000024,902.8000000000018,1.0,0.0,0.8499999999999998,1954.619336341478,0.026217299979180098
Static Environment,1000,16,Classical,236.07500000000155,1516.7000000000014,0.799,0.20099999999999996,0.7215999999999998,710.2895536328829,0.03611749998526648
Static Environment,1000,16,Proposed Quantum-Inspired,219.98000000000042,1889.0000000000007,0.818,0.18200000000000005,0.6300999999999999,65.09416256470314,0.05347949999850243
Static Environment,1000,17,FCFS,219.99500000000063,1902.5,0.826,0.17400000000000004,0.6249999999999999,36.61283927804562,0.013820200052578002
Static Environment,1000,17,Round Robin,219.99500000000063,1902.5,0.826,0.17400000000000004,0.6249999999999999,36.61283927804562,0.013742299983277917
Static Environment,1000,17,Min-Min,179.8399999999997,1798.4000000000021,0.498,0.502,0.6999999999999998,1946.825107707418,0.01541320001706481
Static Environment,1000,17,Max-Min,269.76000000000255,899.2000000000011,1.0,0.0,0.8499999999999998,1946.825107707418,0.015299900027457625
Static Environment,1000,17,GA,269.76000000000255,899.2000000000011,1.0,0.0,0.8499999999999998,1946.825107707418,0.023294400016311556
Static Environment,1000,17,Classical,236.42500000000177,1486.5000000000023,0.806,0.19399999999999995,0.72205,753.5539131342892,0.033207899949047714
Static Environment,1000,17,Proposed Quantum-Inspired,218.83500000000072,1890.7000000000019,0.833,0.16700000000000004,0.6292000000000001,74.15861379502721,0.053981499979272485
Static Environment,1000,18,FCFS,223.4950000000004,1954.500000000001,0.842,0.15800000000000003,0.6249999999999999,34.0697813318489,0.013812099990900606
Static Environment,1000,18,Round Robin,223.4950000000004,1954.500000000001,0.842,0.15800000000000003,0.6249999999999999,34.0697813318489,0.013211200013756752
Static Environment,1000,18,Min-Min,183.43999999999957,1834.4000000000042,0.525,0.475,0.6999999999999998,1985.7962508777177,0.014722099993377924
Static Environment,1000,18,Max-Min,275.16000000000236,917.2000000000021,1.0,0.0,0.8499999999999998,1985.7962508777177,0.014720000035595149
Static Environment,1000,18,GA,275.16000000000236,917.2000000000021,1.0,0.0,0.8499999999999998,1985.7962508777177,0.023336100042797625
Static Environment,1000,18,Classical,240.2350000000011,1511.100000000002,0.804,0.19599999999999995,0.7220499999999999,765.1066919064294,0.03533769998466596
Static Environment,1000,18,Proposed Quantum-Inspired,224.44000000000048,1932.6000000000006,0.823,0.17700000000000005,0.6284500000000001,59.052942348370756,0.05256589996861294
Static Environment,1000,19,FCFS,220.2650000000007,1918.5000000000005,0.828,0.17200000000000004,0.6249999999999999,7.084313657652377,0.014661099994555116
Static Environment,1000,19,Round Robin,220.2650000000007,1918.5000000000005,0.828,0.17200000000000004,0.6249999999999999,7.084313657652377,0.013369499996770173
Static Environment,1000,19,Min-Min,180.75999999999956,1807.6000000000038,0.486,0.514,0.6999999999999998,1956.784399850939,0.014650699973572046
Static Environment,1000,19,Max-Min,271.14000000000215,903.8000000000019,1.0,0.0,0.8499999999999998,1956.784399850939,0.014483499980997294
Static Environment,1000,19,GA,271.14000000000215,903.8000000000019,1.0,0.0,0.8499999999999998,1956.784399850939,0.027850700018461794
Static Environment,1000,19,Classical,236.8750000000014,1496.5000000000014,0.788,0.21199999999999997,0.7227999999999999,745.8328817503289,0.0331609999993816
Static Environment,1000,19,Proposed Quantum-Inspired,221.16500000000045,1910.6999999999998,0.828,0.17200000000000004,0.6217,81.17073056219218,0.05394349998096004
Static Environment,1000,20,FCFS,220.4700000000005,1940.000000000002,0.815,0.18500000000000005,0.6249999999999999,27.343874999714288,0.014340699999593198
Static Environment,1000,20,Round Robin,220.4700000000005,1940.000000000002,0.815,0.18500000000000005,0.6249999999999999,27.343874999714288,0.013584600004833192
Static Environment,1000,20,Min-Min,181.23999999999992,1812.4000000000028,0.507,0.493,0.6999999999999998,1961.9805522736458,0.014081700006499887
Static Environment,1000,20,Max-Min,271.8600000000021,906.2000000000014,1.0,0.0,0.8499999999999998,1961.9805522736458,0.014891400001943111
Static Environment,1000,20,GA,271.8600000000021,906.2000000000014,1.0,0.0,0.8499999999999998,1961.9805522736458,0.02513399999588728
Static Environment,1000,20,Classical,239.51500000000104,1479.100000000002,0.801,0.19899999999999995,0.7298499999999999,799.8910472683139,0.03383229998871684
Static Environment,1000,20,Proposed Quantum-Inspired,219.79000000000062,1891.5999999999997,0.824,0.17600000000000005,0.6326499999999999,101.36166681739206,0.05292699998244643
Static Environment,1000,21,FCFS,213.72500000000065,1881.3000000000013,0.843,0.15700000000000003,0.6249999999999999,38.75886995256699,0.014047800039406866
Static Environment,1000,21,Round Robin,213.72500000000065,1881.3000000000013,0.843,0.15700000000000003,0.6249999999999999,38.75886995256699,0.013567399990279227
Static Environment,1000,21,Min-Min,175.59999999999982,1756.0000000000032,0.54,0.45999999999999996,0.6999999999999998,1900.9257613068428,0.016504600003827363
Static Environment,1000,21,Max-Min,263.4000000000022,878.0000000000016,1.0,0.0,0.8499999999999998,1900.9257613068428,0.014783300051931292
Static Environment,1000,21,GA,263.4000000000022,878.0000000000016,1.0,0.0,0.8499999999999998,1900.9257613068428,0.025376099976710975
Static Environment,1000,21,Classical,230.84500000000136,1447.9000000000042,0.822,0.17800000000000005,0.7277499999999999,740.8287588910139,0.035464500018861145
Static Environment,1000,21,Proposed Quantum-Inspired,214.33000000000027,1855.0000000000016,0.843,0.15700000000000003,0.6345999999999999,25.8602010819715,0.059992399998009205
Static Environment,1000,22,FCFS,219.0250000000004,1918.1000000000029,0.842,0.15800000000000003,0.6249999999999999,21.0535032714273,0.01517299999250099
Static Environment,1000,22,Round Robin,219.0250000000004,1918.1000000000029,0.842,0.15800000000000003,0.6249999999999999,21.0535032714273,0.014164699998218566
Static Environment,1000,22,Min-Min,179.76,1797.6000000000035,0.535,0.46499999999999997,0.6999999999999998,1945.9590823036337,0.014926199975889176
Static Environment,1000,22,Max-Min,269.64000000000243,898.8000000000018,1.0,0.0,0.8499999999999998,1945.9590823036337,0.014894000021740794
Static Environment,1000,22,GA,269.64000000000243,898.8000000000018,1.0,0.0,0.8499999999999998,1945.9590823036337,0.024392199993599206
Static Environment,1000,22,Classical,237.17500000000166,1459.7000000000044,0.814,0.18600000000000005,0.7325499999999999,797.3046782755009,0.03522970003541559
Static Environment,1000,22,Proposed Quantum-Inspired,218.20500000000067,1904.7000000000007,0.821,0.17900000000000005,0.6260500000000001,72.58615570478987,0.05316930002300069
Static Environment,1000,23,FCFS,212.33500000000052,1865.7000000000005,0.844,0.15600000000000003,0.6249999999999999,27.35415873317986,0.013924500031862408
Static Environment,1000,23,Round Robin,212.33500000000052,1865.7000000000005,0.844,0.15600000000000003,0.6249999999999999,27.35415873317986,0.012942800007294863
Static Environment,1000,23,Min-Min,174.7999999999995,1748.0000000000052,0.54,0.45999999999999996,0.6999999999999998,1892.2655072689984,0.01655080000637099
Static Environment,1000,23,Max-Min,262.20000000000226,874.0000000000026,1.0,0.0,0.8499999999999998,1892.2655072689984,0.01667690003523603
Static Environment,1000,23,GA,262.20000000000226,874.0000000000026,1.0,0.0,0.8499999999999998,1892.2655072689984,0.023557199980132282
Static Environment,1000,23,Classical,228.1000000000014,1465.800000000005,0.806,0.19399999999999995,0.7224999999999998,685.7596153172043,0.03276580001693219
Static Environment,1000,23,Proposed Quantum-Inspired,212.69000000000037,1846.4000000000024,0.846,0.15400000000000003,0.6290500000000001,33.90058996536786,0.09619770001154393
Static Environment,1000,24,FCFS,217.4600000000005,1894.999999999999,0.864,0.136,0.6249999999999999,14.428704030508076,0.01359530002810061
Static Environment,1000,24,Round Robin,217.4600000000005,1894.999999999999,0.864,0.136,0.6249999999999999,14.428704030508076,0.014164399995934218
Static Environment,1000,24,Min-Min,178.27999999999963,1782.8000000000054,0.536,0.46399999999999997,0.6999999999999998,1929.9376123336215,0.01440859999274835
Static Environment,1000,24,Max-Min,267.42000000000235,891.4000000000027,1.0,0.0,0.8499999999999998,1929.9376123336215,0.014519999967887998
Static Environment,1000,24,GA,267.42000000000235,891.4000000000027,1.0,0.0,0.8499999999999998,1929.9376123336215,0.026381200004834682
Static Environment,1000,24,Classical,234.18500000000145,1472.300000000001,0.816,0.18400000000000005,0.7244499999999998,746.5927186224093,0.03368130000308156
Static Environment,1000,24,Proposed Quantum-Inspired,217.32500000000087,1879.1000000000008,0.848,0.15200000000000002,0.6311499999999999,35.280128968018246,0.05814679997274652
Static Environment,1000,25,FCFS,220.57500000000033,1906.1000000000026,0.857,0.14300000000000002,0.6249999999999999,22.74862633215465,0.014114700024947524
Static Environment,1000,25,Round Robin,220.57500000000033,1906.1000000000026,0.857,0.14300000000000002,0.6249999999999999,22.74862633215465,0.01565889996709302
Static Environment,1000,25,Min-Min,180.63999999999996,1806.4000000000033,0.517,0.483,0.6999999999999998,1955.4853617452625,0.015130400017369539
Static Environment,1000,25,Max-Min,270.9600000000024,903.2000000000016,1.0,0.0,0.8499999999999998,1955.4853617452625,0.013479999965056777
Static Environment,1000,25,GA,270.9600000000024,903.2000000000016,1.0,0.0,0.8499999999999998,1955.4853617452625,0.023995299998205155
Static Environment,1000,25,Classical,237.46000000000114,1484.2000000000048,0.804,0.19599999999999995,0.73105,768.8475141404829,0.03196990001015365
Static Environment,1000,25,Proposed Quantum-Inspired,219.86000000000058,1897.8000000000013,0.828,0.17200000000000004,0.6269499999999999,52.52142420003479,0.05519849999109283
Static Environment,1000,26,FCFS,221.94000000000074,1941.8000000000006,0.843,0.15700000000000003,0.6249999999999999,15.890248582070704,0.013926199986599386
Static Environment,1000,26,Round Robin,221.94000000000074,1941.8000000000006,0.843,0.15700000000000003,0.6249999999999999,15.890248582070704,0.01274779997766018
Static Environment,1000,26,Min-Min,182.07999999999987,1820.8000000000043,0.542,0.45799999999999996,0.6999999999999998,1971.0738190133823,0.01658369996584952
Static Environment,1000,26,Max-Min,273.1200000000022,910.4000000000021,1.0,0.0,0.8499999999999998,1971.0738190133823,0.016331300023011863
Static Environment,1000,26,GA,273.1200000000022,910.4000000000021,1.0,0.0,0.8499999999999998,1971.0738190133823,0.025611500022932887
Static Environment,1000,26,Classical,239.16500000000107,1503.9000000000044,0.813,0.18700000000000006,0.7252,762.3614628245581,0.03894719999516383
Static Environment,1000,26,Proposed Quantum-Inspired,221.56000000000068,1926.3999999999996,0.845,0.15500000000000003,0.6235,36.932370625238775,0.05700590001652017
Static Environment,1000,27,FCFS,218.6950000000007,1904.5000000000016,0.842,0.15800000000000003,0.6249999999999999,35.33411948810951,0.0149807000416331
Static Environment,1000,27,Round Robin,218.6950000000007,1904.5000000000016,0.842,0.15800000000000003,0.6249999999999999,35.33411948810951,0.013491400051862001
Static Environment,1000,27,Min-Min,179.20000000000002,1792.0000000000045,0.486,0.514,0.6999999999999998,1939.8969044771425,0.014913199993316084
Static Environment,1000,27,Max-Min,268.8000000000022,896.0000000000023,1.0,0.0,0.8499999999999998,1939.8969044771425,0.015027000044938177
Static Environment,1000,27,GA,268.8000000000022,896.0000000000023,1.0,0.0,0.8499999999999998,1939.8969044771425,0.0269875000230968
Static Environment,1000,27,Classical,236.54000000000156,1461.6000000000054,0.805,0.19499999999999995,0.7295499999999998,788.3159265167741,0.03609930002130568
Static Environment,1000,27,Proposed Quantum-Inspired,216.76500000000084,1902.5000000000016,0.817,0.18300000000000005,0.63085,88.58047188856018,0.05292919999919832
Static Environment,1000,28,FCFS,209.44500000000076,1832.7,0.842,0.15800000000000003,0.6249999999999999,27.83433131943356,0.013130900042597204
Static Environment,1000,28,Round Robin,209.44500000000076,1832.7,0.842,0.15800000000000003,0.6249999999999999,27.83433131943356,0.014473300019744784
Static Environment,1000,28,Min-Min,171.5999999999997,1716.0000000000034,0.524,0.476,0.6999999999999998,1857.624491117621,0.014105200010817498
Static Environment,1000,28,Max-Min,257.400000000002,858.0000000000017,1.0,0.0,0.8499999999999998,1857.624491117621,0.013392000051680952
Static Environment,1000,28,GA,257.400000000002,858.0000000000017,1.0,0.0,0.8499999999999998,1857.624491117621,0.024186599999666214
Static Environment,1000,28,Classical,222.9100000000014,1460.6000000000024,0.787,0.21299999999999997,0.7142499999999999,634.0617083533747,0.032822499983012676
Static Environment,1000,28,Proposed Quantum-Inspired,207.8950000000004,1849.1000000000013,0.838,0.16200000000000003,0.61945,58.39734583009745,0.052553199988324195
Static Environment,1000,29,FCFS,218.36000000000044,1928.4000000000008,0.849,0.15100000000000002,0.6249999999999999,44.94093345715017,0.013433999964036047
Static Environment,1000,29,Round Robin,218.36000000000044,1928.4000000000008,0.849,0.15100000000000002,0.6249999999999999,44.94093345715017,0.014221700024791062
Static Environment,1000,29,Min-Min,179.31999999999925,1793.2000000000037,0.529,0.471,0.6999999999999998,1941.1959425828193,0.01881049998337403
Static Environment,1000,29,Max-Min,268.9800000000025,896.6000000000018,1.0,0.0,0.8499999999999998,1941.1959425828193,0.014518100011628121
Static Environment,1000,29,GA,268.9800000000025,896.6000000000018,1.0,0.0,0.8499999999999998,1941.1959425828193,0.026012799993623048
Static Environment,1000,29,Classical,238.10000000000142,1440.600000000002,0.824,0.17600000000000005,0.7355499999999998,834.3831179380369,0.0330625000060536
Static Environment,1000,29,Proposed Quantum-Inspired,219.6450000000004,1885.099999999999,0.844,0.15600000000000003,0.6274,42.920711783473486,0.05353049997938797
Static Environment,2000,0,FCFS,435.82000000000346,3791.7999999999897,0.8395,0.16049999999999998,0.6249999999999999,19.253246479490155,0.027149199973791838
Static Environment,2000,0,Round Robin,435.82000000000346,3791.7999999999897,0.8395,0.16049999999999998,0.6249999999999999,19.253246479490155,0.029444999992847443
Static Environment,2000,0,Min-Min,357.6399999999996,3576.400000000012,0.5275,0.47250000000000003,0.6999999999999998,3871.566567618333,0.030927799991331995
Static Environment,2000,0,Max-Min,536.4600000000097,1788.200000000006,1.0,0.0,0.8499999999999998,3871.566567618333,0.03287779999664053
Static Environment,2000,0,GA,536.4600000000097,1788.200000000006,1.0,0.0,0.8499999999999998,3871.566567618333,0.09384649997809902
Static Environment,2000,0,Classical,500.6500000000107,2391.3999999999937,0.896,0.10399999999999998,0.7870749999999999,2609.650683041698,0.06706020003184676
Static Environment,2000,0,Proposed Quantum-Inspired,433.1050000000032,3802.899999999995,0.8355,0.16449999999999998,0.62515,162.89164343206807,0.10653409996302798
Static Environment,2000,1,FCFS,442.6650000000036,3880.699999999992,0.8345,0.16549999999999998,0.6249999999999999,40.786027019066225,0.03217560000484809
Static Environment,2000,1,Round Robin,442.6650000000036,3880.699999999992,0.8345,0.16549999999999998,0.6249999999999999,40.786027019066225,0.025625500013120472
Static Environment,2000,1,Min-Min,363.5199999999997,3635.2000000000126,0.511,0.489,0.6999999999999998,3935.219434796489,0.030139200040139258
Static Environment,2000,1,Max-Min,545.2800000000086,1817.6000000000063,1.0,0.0,0.8499999999999998,3935.219434796489,0.03456180001376197
Static Environment,2000,1,GA,545.2800000000086,1817.6000000000063,1.0,0.0,0.8499999999999998,3935.219434796489,0.050806300016120076
Static Environment,2000,1,Classical,495.84500000001054,2569.499999999993,0.86,0.14,0.7728249999999999,2300.7461833066245,0.0713800999801606
Static Environment,2000,1,Proposed Quantum-Inspired,440.6200000000033,3842.1999999999957,0.816,0.18400000000000005,0.627925,127.37542934176905,0.11127009999472648
Static Environment,2000,2,FCFS,437.07500000000374,3810.8999999999987,0.83,0.17000000000000004,0.6249999999999999,40.263972729972885,0.025484599987976253
Static Environment,2000,2,Round Robin,437.07500000000374,3810.8999999999987,0.83,0.17000000000000004,0.6249999999999999,40.263972729972885,0.027162599959410727
Static Environment,2000,2,Min-Min,358.83999999999884,3588.4000000000165,0.499,0.501,0.6999999999999998,3884.5569486750996,0.03003230004105717
Static Environment,2000,2,Max-Min,538.260000000009,1794.2000000000082,1.0,0.0,0.8499999999999998,3884.5569486750996,0.028410699975211173
Static Environment,2000,2,GA,538.260000000009,1794.2000000000082,1.0,0.0,0.8499999999999998,3884.5569486750996,0.04866279999259859
Static Environment,2000,2,Classical,502.66500000001093,2404.7000000000044,0.8995,0.10050000000000003,0.7859499999999998,2618.2950917534104,0.06307899998500943
Static Environment,2000,2,Proposed Quantum-Inspired,437.7600000000038,3760.3999999999965,0.832,0.16800000000000004,0.63175,112.4974999722216,0.10540000000037253
Static Environment,2000,3,FCFS,433.75500000000306,3757.2999999999965,0.8425,0.15749999999999997,0.6249999999999999,32.080952292598795,0.029012400016654283
Static Environment,2000,3,Round Robin,433.75500000000306,3757.2999999999965,0.8425,0.15749999999999997,0.6249999999999999,32.080952292598795,0.02779189997818321
Static Environment,2000,3,Min-Min,355.4,3554.0000000000236,0.516,0.484,0.6999999999999998,3847.317856312369,0.07292200002120808
Static Environment,2000,3,Max-Min,533.1000000000093,1777.0000000000118,1.0,0.0,0.8499999999999998,3847.317856312369,0.031089099997188896
Static Environment,2000,3,GA,533.1000000000093,1777.0000000000118,1.0,0.0,0.8499999999999998,3847.317856312369,0.04922899999655783
Static Environment,2000,3,Classical,498.92500000001087,2372.699999999994,0.898,0.10199999999999998,0.7827249999999998,2621.2670957954665,0.06630069995298982
Static Environment,2000,3,Proposed Quantum-Inspired,434.73000000000343,3745.5999999999917,0.848,0.15200000000000002,0.626875,60.87025135482849,0.10960520000662655
Static Environment,2000,4,FCFS,430.6200000000041,3761.999999999991,0.829,0.17100000000000004,0.6249999999999999,25.183079636930824,0.028472799982409924
Static Environment,2000,4,Round Robin,430.6200000000041,3761.999999999991,0.829,0.17100000000000004,0.6249999999999999,25.183079636930824,0.028618099982850254
Static Environment,2000,4,Min-Min,353.8800000000004,3538.800000000017,0.508,0.492,0.6999999999999998,3830.8633736404645,0.03019390004919842
Static Environment,2000,4,Max-Min,530.8200000000109,1769.4000000000085,1.0,0.0,0.8499999999999998,3830.8633736404645,0.028692099964246154
Static Environment,2000,4,GA,530.8200000000109,1769.4000000000085,1.0,0.0,0.8499999999999998,3830.8633736404645,0.04895689996192232
Static Environment,2000,4,Classical,499.34000000001123,2331.400000000003,0.913,0.08699999999999997,0.7877499999999997,2687.1392199698175,0.06692729995120317
Static Environment,2000,4,Proposed Quantum-Inspired,427.67500000000314,3733.099999999993,0.8235,0.1765,0.63205,181.33032702777547,0.11231290001887828
Static Environment,2000,5,FCFS,434.57500000000266,3810.499999999997,0.835,0.16500000000000004,0.6249999999999999,33.24154027718932,0.02844110003206879
Static Environment,2000,5,Round Robin,434.57500000000266,3810.499999999997,0.835,0.16500000000000004,0.6249999999999999,33.24154027718932,0.026756999955978245
Static Environment,2000,5,Min-Min,357.11999999999927,3571.2000000000235,0.528,0.472,0.6999999999999998,3865.937402493734,0.027757000003475696
Static Environment,2000,5,Max-Min,535.6800000000097,1785.6000000000117,1.0,0.0,0.8499999999999998,3865.937402493734,0.03037579997908324
Static Environment,2000,5,GA,535.6800000000097,1785.6000000000117,1.0,0.0,0.8499999999999998,3865.937402493734,0.04795400000875816
Static Environment,2000,5,Classical,503.93000000001126,2344.6000000000013,0.9085,0.09150000000000003,0.7886499999999999,2720.5211816855976,0.06988309998996556
Static Environment,2000,5,Proposed Quantum-Inspired,435.3450000000027,3795.8999999999983,0.844,0.15600000000000003,0.6271,67.25696989903723,0.15099509997526184
Static Environment,2000,6,FCFS,436.54000000000326,3822.599999999997,0.8265,0.1735,0.6249999999999999,30.894983411550815,0.028140700014773756
Static Environment,2000,6,Round Robin,436.54000000000326,3822.599999999997,0.8265,0.1735,0.6249999999999999,30.894983411550815,0.027302500035148114
Static Environment,2000,6,Min-Min,358.3999999999996,3584.0000000000146,0.514,0.486,0.6999999999999998,3879.793808954285,0.029867100005503744
Static Environment,2000,6,Max-Min,537.6000000000099,1792.0000000000073,1.0,0.0,0.8499999999999998,3879.793808954285,0.03061899996828288
Static Environment,2000,6,GA,537.6000000000099,1792.0000000000073,1.0,0.0,0.8499999999999998,3879.793808954285,0.05228010000428185
Static Environment,2000,6,Classical,505.55000000001127,2352.7999999999984,0.9105,0.08950000000000002,0.7918749999999998,2727.2672219641404,0.06936160003533587
Static Environment,2000,6,Proposed Quantum-Inspired,435.17000000000274,3774.800000000001,0.8285,0.17149999999999999,0.62995,118.66549624890969,0.10643539996817708
Static Environment,2000,7,FCFS,447.9900000000026,3884.5999999999963,0.829,0.17100000000000004,0.6249999999999999,37.45330426010501,0.028377800015732646
Static Environment,2000,7,Round Robin,447.9900000000026,3884.5999999999963,0.829,0.17100000000000004,0.6249999999999999,37.45330426010501,0.026669299986679107
Static Environment,2000,7,Min-Min,367.1199999999984,3671.2000000000126,0.5075,0.49250000000000005,0.6999999999999998,3974.190577966789,0.029896399995777756
Static Environment,2000,7,Max-Min,550.6800000000082,1835.6000000000063,1.0,0.0,0.8499999999999998,3974.190577966789,0.03157630003988743
Static Environment,2000,7,GA,550.6800000000082,1835.6000000000063,1.0,0.0,0.8499999999999998,3974.190577966789,0.050714500015601516
Static Environment,2000,7,Classical,516.3350000000105,2429.699999999994,0.9,0.09999999999999998,0.7857999999999997,2746.591842629698,0.06839959998615086
Static Environment,2000,7,Proposed Quantum-Inspired,447.44500000000306,3861.099999999997,0.827,0.17300000000000004,0.63085,81.14339159783746,0.10873799998080358
Static Environment,2000,8,FCFS,435.59000000000293,3806.199999999996,0.841,0.15900000000000003,0.6249999999999999,52.112258634605354,0.028291900001931936
Static Environment,2000,8,Round Robin,435.59000000000293,3806.199999999996,0.841,0.15900000000000003,0.6249999999999999,52.112258634605354,0.0250936999800615
Static Environment,2000,8,Min-Min,356.99999999999886,3570.000000000015,0.5295,0.47050000000000003,0.6999999999999998,3864.6383643880577,0.03109430003678426
Static Environment,2000,8,Max-Min,535.5000000000095,1785.0000000000075,1.0,0.0,0.8499999999999998,3864.6383643880577,0.07265940000070259
Static Environment,2000,8,GA,535.5000000000095,1785.0000000000075,1.0,0.0,0.8499999999999998,3864.6383643880577,0.048250799998641014
Static Environment,2000,8,Classical,503.4000000000108,2346.600000000001,0.909,0.09099999999999997,0.7920999999999998,2710.414855238954,0.06457119999686256
Static Environment,2000,8,Proposed Quantum-Inspired,435.41000000000327,3745.0,0.8465,0.15349999999999997,0.631225,154.80532129096855,0.1071220000158064
Static Environment,2000,9,FCFS,440.9450000000037,3838.8999999999946,0.839,0.16100000000000003,0.6249999999999999,42.15744299646268,0.0282040000311099
Static Environment,2000,9,Round Robin,440.9450000000037,3838.8999999999946,0.839,0.16100000000000003,0.6249999999999999,42.15744299646268,0.027278400026261806
Static Environment,2000,9,Min-Min,361.19999999999965,3612.0000000000186,0.5285,0.47150000000000003,0.6999999999999998,3910.1046980867404,0.02843659999780357
Static Environment,2000,9,Max-Min,541.8000000000095,1806.0000000000093,1.0,0.0,0.8499999999999998,3910.1046980867404,0.02990019996650517
Static Environment,2000,9,GA,541.8000000000095,1806.0000000000093,1.0,0.0,0.8499999999999998,3910.1046980867404,0.04797010001493618
Static Environment,2000,9,Classical,506.200000000011,2394.7999999999947,0.8965,0.10350000000000004,0.7900749999999999,2667.3170508958997,0.06541549996472895
Static Environment,2000,9,Proposed Quantum-Inspired,442.1700000000034,3815.999999999994,0.8345,0.16549999999999998,0.6303249999999999,75.59927248327196,0.10671840002760291
Static Environment,2000,10,FCFS,438.3100000000037,3809.999999999998,0.8395,0.16049999999999998,0.6249999999999999,59.95571282204891,0.02752820000750944
Static Environment,2000,10,Round Robin,438.3100000000037,3809.999999999998,0.8395,0.16049999999999998,0.6249999999999999,59.95571282204891,0.0270244000130333
Static Environment,2000,10,Min-Min,359.2400000000005,3592.400000000015,0.5035,0.49650000000000005,0.6999999999999998,3888.887075694022,0.030382500030100346
Static Environment,2000,10,Max-Min,538.8600000000099,1796.2000000000075,1.0,0.0,0.8499999999999998,3888.887075694022,0.030963400029577315
Static Environment,2000,10,GA,538.8600000000099,1796.2000000000075,1.0,0.0,0.8499999999999998,3888.887075694022,0.05216379999183118
Static Environment,2000,10,Classical,498.1750000000107,2462.0999999999935,0.886,0.11399999999999999,0.7813749999999998,2478.961513920698,0.07071840000571683
Static Environment,2000,10,Proposed Quantum-Inspired,437.6400000000035,3755.800000000003,0.8185,0.1815,0.6325,156.65467595957676,0.11389320000307634
Static Environment,2000,11,FCFS,442.195000000003,3834.2999999999965,0.8415,0.15849999999999997,0.6249999999999999,49.30770730829005,0.029557400033809245
Static Environment,2000,11,Round Robin,442.195000000003,3834.2999999999965,0.8415,0.15849999999999997,0.6249999999999999,49.30770730829005,0.07061759999487549
Static Environment,2000,11,Min-Min,362.95999999999987,3629.6000000000117,0.5375,0.4625,0.6999999999999998,3929.1572569699983,0.031205000006593764
Static Environment,2000,11,Max-Min,544.4400000000094,1814.8000000000059,1.0,0.0,0.8499999999999998,3929.1572569699983,0.030762000009417534
Static Environment,2000,11,GA,544.4400000000094,1814.8000000000059,1.0,0.0,0.8499999999999998,3929.1572569699983,0.05239979998441413
Static Environment,2000,11,Classical,510.215000000011,2427.499999999995,0.9075,0.09250000000000003,0.7870749999999999,2684.0788457122494,0.06982949998928234
Static Environment,2000,11,Proposed Quantum-Inspired,441.31500000000324,3849.6999999999966,0.848,0.15200000000000002,0.626425,71.89401922274203,0.10583700001006946
Static Environment,2000,12,FCFS,446.3600000000035,3906.1999999999966,0.852,0.14800000000000002,0.6249999999999999,50.19213085733659,0.028439900022931397
Static Environment,2000,12,Round Robin,446.3600000000035,3906.1999999999966,0.852,0.14800000000000002,0.6249999999999999,50.19213085733659,0.028696699999272823
Static Environment,2000,12,Min-Min,366.31999999999937,3663.200000000012,0.538,0.46199999999999997,0.6999999999999998,3965.5303239289447,0.029145400039851665
Static Environment,2000,12,Max-Min,549.4800000000085,1831.600000000006,1.0,0.0,0.8499999999999998,3965.5303239289447,0.0345338000333868
Static Environment,2000,12,GA,549.4800000000085,1831.600000000006,1.0,0.0,0.8499999999999998,3965.5303239289447,0.04703219997463748
Static Environment,2000,12,Classical,513.1450000000109,2457.899999999989,0.8965,0.10350000000000004,0.7842999999999999,2669.6439369324144,0.06938359997002408
Static Environment,2000,12,Proposed Quantum-Inspired,447.3300000000024,3871.599999999999,0.8445,0.15549999999999997,0.626425,41.2583324917525,0.12273000000277534
Static Environment,2000,13,FCFS,440.01000000000397,3852.3999999999915,0.834,0.16600000000000004,0.6249999999999999,61.37792762874941,0.03186770004685968
Static Environment,2000,13,Round Robin,440.01000000000397,3852.3999999999915,0.834,0.16600000000000004,0.6249999999999999,61.37792762874941,0.026524099987000227
Static Environment,2000,13,Min-Min,360.5599999999994,3605.6000000000154,0.5155,0.48450000000000004,0.6999999999999998,3903.176494856465,0.031139499973505735
Static Environment,2000,13,Max-Min,540.8400000000092,1802.8000000000077,1.0,0.0,0.8499999999999998,3903.176494856465,0.03038179996656254
Static Environment,2000,13,GA,540.8400000000092,1802.8000000000077,1.0,0.0,0.8499999999999998,3903.176494856465,0.051966500002890825
Static Environment,2000,13,Classical,508.00000000001114,2376.0,0.907,0.09299999999999997,0.7902999999999999,2723.746179437431,0.11150419997284189
Static Environment,2000,13,Proposed Quantum-Inspired,439.3450000000037,3774.899999999996,0.843,0.15700000000000003,0.631075,129.4111664424674,0.10585319995880127
Static Environment,2000,14,FCFS,442.02500000000293,3845.5000000000045,0.833,0.16700000000000004,0.6249999999999999,55.17868700866305,0.02847939997445792
Static Environment,2000,14,Round Robin,442.02500000000293,3845.5000000000045,0.833,0.16700000000000004,0.6249999999999999,55.17868700866305,0.030436199973337352
Static Environment,2000,14,Min-Min,362.2799999999987,3622.8000000000125,0.528,0.472,0.6999999999999998,3921.7960410378305,0.029724999971222132
Static Environment,2000,14,Max-Min,543.4200000000096,1811.4000000000062,1.0,0.0,0.8499999999999998,3921.7960410378305,0.029513899993617088
Static Environment,2000,14,GA,543.4200000000096,1811.4000000000062,1.0,0.0,0.8499999999999998,3921.7960410378305,0.04798209998989478
Static Environment,2000,14,Classical,511.59500000001105,2383.9000000000033,0.9125,0.08750000000000002,0.7888749999999998,2761.160568945602,0.06473880005069077
Static Environment,2000,14,Proposed Quantum-Inspired,442.61000000000377,3788.7999999999975,0.839,0.16100000000000003,0.6318250000000001,104.74104973695843,0.11796820000745356
Static Environment,2000,15,FCFS,435.87500000000335,3773.899999999994,0.8405,0.15949999999999998,0.6249999999999999,36.50599265874029,0.02624530001776293
Static Environment,2000,15,Round Robin,435.87500000000335,3773.899999999994,0.8405,0.15949999999999998,0.6249999999999999,36.50599265874029,0.026820899976883084
Static Environment,2000,15,Min-Min,357.07999999999976,3570.800000000018,0.511,0.489,0.6999999999999998,3865.5043897918417,0.03132980002555996
Static Environment,2000,15,Max-Min,535.6200000000098,1785.400000000009,1.0,0.0,0.8499999999999998,3865.5043897918417,0.02889450005022809
Static Environment,2000,15,GA,535.6200000000098,1785.400000000009,1.0,0.0,0.8499999999999998,3865.5043897918417,0.048281800001859665
Static Environment,2000,15,Classical,503.8450000000109,2333.099999999999,0.8995,0.10050000000000003,0.7899249999999999,2731.5022766785314,0.0661295999889262
Static Environment,2000,15,Proposed Quantum-Inspired,430.54500000000326,3785.499999999991,0.8205,0.1795,0.6286,201.1260487853326,0.10642550000920892
Static Environment,2000,16,FCFS,435.3450000000033,3814.899999999993,0.8485,0.15149999999999997,0.6249999999999999,31.212978070027216,0.0308218999998644
Static Environment,2000,16,Round Robin,435.3450000000033,3814.899999999993,0.8485,0.15149999999999997,0.6249999999999999,31.212978070027216,0.02937110001221299
Static Environment,2000,16,Min-Min,357.68000000000046,3576.800000000012,0.516,0.484,0.6999999999999998,3871.999580320225,0.029966000001877546
Static Environment,2000,16,Max-Min,536.52000000001,1788.400000000006,1.0,0.0,0.8499999999999998,3871.999580320225,0.07327000005170703
Static Environment,2000,16,GA,536.52000000001,1788.400000000006,1.0,0.0,0.8499999999999998,3871.999580320225,0.049281999992672354
Static Environment,2000,16,Classical,501.75500000001097,2402.2999999999884,0.8995,0.10050000000000003,0.7857999999999997,2616.3729187560402,0.06686149997403845
Static Environment,2000,16,Proposed Quantum-Inspired,437.97000000000304,3747.3999999999955,0.834,0.16600000000000004,0.6273249999999999,97.112048686041,0.11075580003671348
Static Environment,2000,17,FCFS,439.80000000000337,3811.3999999999915,0.833,0.16700000000000004,0.6249999999999999,50.06246098625196,0.027585599978920072
Static Environment,2000,17,Round Robin,439.80000000000337,3811.3999999999915,0.833,0.16700000000000004,0.6249999999999999,50.06246098625196,0.02791939995950088
Static Environment,2000,17,Min-Min,359.91999999999877,3599.200000000016,0.5015,0.49850000000000005,0.6999999999999998,3896.2482916261893,0.031633000005967915
Static Environment,2000,17,Max-Min,539.8800000000093,1799.600000000008,1.0,0.0,0.8499999999999998,3896.2482916261893,0.02950930001679808
Static Environment,2000,17,GA,539.8800000000093,1799.600000000008,1.0,0.0,0.8499999999999998,3896.2482916261893,0.049078900017775595
Static Environment,2000,17,Classical,506.54500000001156,2386.8999999999974,0.903,0.09699999999999998,0.7860249999999999,2693.302108936166,0.06794629996875301
Static Environment,2000,17,Proposed Quantum-Inspired,438.5100000000036,3783.1999999999925,0.8305,0.16949999999999998,0.6322000000000001,90.50552469324732,0.11275440000463277
Static Environment,2000,18,FCFS,439.5550000000031,3870.4999999999923,0.8445,0.15549999999999997,0.6249999999999999,54.83327001009515,0.02970620000269264
Static Environment,2000,18,Round Robin,439.5550000000031,3870.4999999999923,0.8445,0.15549999999999997,0.6249999999999999,54.83327001009515,0.027751500019803643
Static Environment,2000,18,Min-Min,361.5599999999994,3615.600000000012,0.534,0.46599999999999997,0.6999999999999998,3914.0018124037706,0.03103830001782626
Static Environment,2000,18,Max-Min,542.3400000000086,1807.800000000006,1.0,0.0,0.8499999999999998,3914.0018124037706,0.03095970000140369
Static Environment,2000,18,GA,542.3400000000086,1807.800000000006,1.0,0.0,0.8499999999999998,3914.0018124037706,0.05022830003872514
Static Environment,2000,18,Classical,507.41500000001076,2401.6999999999894,0.902,0.09799999999999998,0.7860249999999999,2676.850890038517,0.06970489997183904
Static Environment,2000,18,Proposed Quantum-Inspired,443.3800000000039,3802.399999999988,0.8375,0.16249999999999998,0.6277,102.61182924010272,0.1601966000162065
Static Environment,2000,19,FCFS,440.5000000000037,3859.799999999995,0.8245,0.1755,0.6249999999999999,32.89756829919196,0.02920410002116114
Static Environment,2000,19,Round Robin,440.5000000000037,3859.799999999995,0.8245,0.1755,0.6249999999999999,32.89756829919196,0.026961099996697158
Static Environment,2000,19,Min-Min,361.9999999999996,3620.0000000000114,0.5015,0.49850000000000005,0.6999999999999998,3918.764952124585,0.030459400033578277
Static Environment,2000,19,Max-Min,543.000000000009,1810.0000000000057,1.0,0.0,0.8499999999999998,3918.764952124585,0.031604700023308396
Static Environment,2000,19,GA,543.000000000009,1810.0000000000057,1.0,0.0,0.8499999999999998,3918.764952124585,0.05042009998578578
Static Environment,2000,19,Classical,508.7350000000112,2402.699999999994,0.894,0.10599999999999998,0.7863999999999999,2694.153902433935,0.07095189997926354
Static Environment,2000,19,Proposed Quantum-Inspired,442.3000000000033,3823.1999999999916,0.831,0.16900000000000004,0.62695,53.05421755148218,0.10538230004021898
Static Environment,2000,20,FCFS,440.39000000000334,3845.7999999999984,0.826,0.17400000000000004,0.6249999999999999,28.331740151286155,0.02716240001609549
Static Environment,2000,20,Round Robin,440.39000000000334,3845.7999999999984,0.826,0.17400000000000004,0.6249999999999999,28.331740151286155,0.026942599972244352
Static Environment,2000,20,Min-Min,361.0799999999997,3610.8000000000093,0.5115,0.48850000000000005,0.6999999999999998,3908.805659981064,0.029033900005742908
Static Environment,2000,20,Max-Min,541.6200000000091,1805.4000000000046,1.0,0.0,0.8499999999999998,3908.805659981064,0.0294558999594301
Static Environment,2000,20,GA,541.6200000000091,1805.4000000000046,1.0,0.0,0.8499999999999998,3908.805659981064,0.04943369998363778
Static Environment,2000,20,Classical,509.2750000000109,2378.299999999993,0.9005,0.09950000000000003,0.7899249999999999,2738.436723296706,0.06595810002181679
Static Environment,2000,20,Proposed Quantum-Inspired,438.4650000000037,3802.4999999999895,0.8265,0.1735,0.63175,122.21369604099206,0.1137553000007756
Static Environment,2000,21,FCFS,439.38000000000386,3831.399999999987,0.8425,0.15749999999999997,0.6249999999999999,33.818449106959356,0.02870470000198111
Static Environment,2000,21,Round Robin,439.38000000000386,3831.399999999987,0.8425,0.15749999999999997,0.6249999999999999,33.818449106959356,0.031575300032272935
Static Environment,2000,21,Min-Min,360.1999999999986,3602.0000000000023,0.527,0.473,0.6999999999999998,3899.279380539435,0.029854100022930652
Static Environment,2000,21,Max-Min,540.3000000000096,1801.0000000000011,1.0,0.0,0.8499999999999998,3899.279380539435,0.07368419994600117
Static Environment,2000,21,GA,540.3000000000096,1801.0000000000011,1.0,0.0,0.8499999999999998,3899.279380539435,0.04922879999503493
Static Environment,2000,21,Classical,507.7450000000112,2370.899999999998,0.911,0.08899999999999997,0.7888749999999998,2728.3558579298265,0.0666027000406757
Static Environment,2000,21,Proposed Quantum-Inspired,438.70500000000237,3832.899999999995,0.8465,0.15349999999999997,0.630025,11.143944544011335,0.10755379998590797
Static Environment,2000,22,FCFS,438.96000000000294,3829.599999999997,0.8365,0.16349999999999998,0.6249999999999999,13.038404810405298,0.027265499986242503
Static Environment,2000,22,Round Robin,438.96000000000294,3829.599999999997,0.8365,0.16349999999999998,0.6249999999999999,13.038404810405298,0.027333099977113307
Static Environment,2000,22,Min-Min,360.31999999999965,3603.200000000012,0.5245,0.47550000000000003,0.6999999999999998,3900.5784186451115,0.029859099944587797
Static Environment,2000,22,Max-Min,540.4800000000097,1801.600000000006,1.0,0.0,0.8499999999999998,3900.5784186451115,0.03001299995230511
Static Environment,2000,22,GA,540.4800000000097,1801.600000000006,1.0,0.0,0.8499999999999998,3900.5784186451115,0.04934949998278171
Static Environment,2000,22,Classical,508.01500000001147,2362.5000000000027,0.907,0.09299999999999997,0.7912749999999998,2740.635145363206,0.06678410002496094
Static Environment,2000,22,Proposed Quantum-Inspired,436.67500000000365,3828.299999999991,0.8185,0.1815,0.626425,103.65085624344837,0.10417239996604621
Static Environment,2000,23,FCFS,434.8850000000038,3822.8999999999915,0.8435,0.15649999999999997,0.6249999999999999,48.015622457696,0.027790699969045818
Static Environment,2000,23,Round Robin,434.8850000000038,3822.8999999999915,0.8435,0.15649999999999997,0.6249999999999999,48.015622457696,0.027127199980895966
Static Environment,2000,23,Min-Min,357.75999999999885,3577.6000000000204,0.5385,0.4615,0.6999999999999998,3872.8656057240096,0.02947390003828332
Static Environment,2000,23,Max-Min,536.6400000000107,1788.8000000000102,1.0,0.0,0.8499999999999998,3872.8656057240096,0.031236400012858212
Static Environment,2000,23,GA,536.6400000000107,1788.8000000000102,1.0,0.0,0.8499999999999998,3872.8656057240096,0.048901100002694875
Static Environment,2000,23,Classical,502.54000000001093,2380.599999999997,0.903,0.09699999999999998,0.7862499999999998,2652.0528840880984,0.06643760000588372
Static Environment,2000,23,Proposed Quantum-Inspired,437.1050000000021,3759.9000000000005,0.8415,0.15849999999999997,0.62965,93.68564457802486,0.1082516000024043
Static Environment,2000,24,FCFS,438.97000000000344,3814.1999999999957,0.8475,0.15249999999999997,0.6249999999999999,21.0282548015759,0.02700090000871569
Static Environment,2000,24,Round Robin,438.97000000000344,3814.1999999999957,0.8475,0.15249999999999997,0.6249999999999999,21.0282548015759,0.06802140001673251
Static Environment,2000,24,Min-Min,359.71999999999946,3597.200000000015,0.5145,0.48550000000000004,0.6999999999999998,3894.083228116728,0.030170900048688054
Static Environment,2000,24,Max-Min,539.5800000000096,1798.6000000000074,1.0,0.0,0.8499999999999998,3894.083228116728,0.02926340000703931
Static Environment,2000,24,GA,539.5800000000096,1798.6000000000074,1.0,0.0,0.8499999999999998,3894.083228116728,0.0491838000016287
Static Environment,2000,24,Classical,506.3450000000111,2379.499999999999,0.908,0.09199999999999997,0.7872249999999998,2699.67733025634,0.07472859998233616
Static Environment,2000,24,Proposed Quantum-Inspired,436.9250000000037,3833.899999999994,0.836,0.16400000000000003,0.6267249999999999,57.10242989575838,0.1170873999944888
Static Environment,2000,25,FCFS,441.05000000000376,3818.5999999999917,0.8385,0.16149999999999998,0.6249999999999999,35.54838252297846,0.030179699999280274
Static Environment,2000,25,Round Robin,441.05000000000376,3818.5999999999917,0.8385,0.16149999999999998,0.6249999999999999,35.54838252297846,0.027612300007604063
Static Environment,2000,25,Min-Min,361.15999999999923,3611.6000000000154,0.514,0.486,0.6999999999999998,3909.6716853848484,0.03204249998088926
Static Environment,2000,25,Max-Min,541.7400000000094,1805.8000000000077,1.0,0.0,0.8499999999999998,3909.6716853848484,0.030862899962812662
Static Environment,2000,25,GA,541.7400000000094,1805.8000000000077,1.0,0.0,0.8499999999999998,3909.6716853848484,0.05155489995377138
Static Environment,2000,25,Classical,508.2400000000109,2386.7999999999965,0.902,0.09799999999999998,0.7905249999999998,2710.707230133863,0.07936889998381957
Static Environment,2000,25,Proposed Quantum-Inspired,442.14000000000317,3750.9999999999977,0.8395,0.16049999999999998,0.6334749999999999,149.99229146859514,0.10368259996175766
Static Environment,2000,26,FCFS,439.46500000000367,3847.899999999994,0.8375,0.16249999999999998,0.6249999999999999,25.495097567963924,0.02700810000533238
Static Environment,2000,26,Round Robin,439.46500000000367,3847.899999999994,0.8375,0.16249999999999998,0.6249999999999999,25.495097567963924,0.026223699969705194
Static Environment,2000,26,Min-Min,361.1199999999998,3611.20000000001,0.518,0.482,0.6999999999999998,3909.238672682956,0.03299740003421903
Static Environment,2000,26,Max-Min,541.6800000000094,1805.600000000005,1.0,0.0,0.8499999999999998,3909.238672682956,0.029102900007274002
Static Environment,2000,26,GA,541.6800000000094,1805.600000000005,1.0,0.0,0.8499999999999998,3909.238672682956,0.046563099953345954
Static Environment,2000,26,Classical,507.7250000000107,2399.100000000001,0.9065,0.09350000000000003,0.7875999999999999,2689.1284833566433,0.10804479999933392
Static Environment,2000,26,Proposed Quantum-Inspired,440.13500000000323,3824.6999999999907,0.8335,0.16649999999999998,0.6244000000000001,26.277366686941825,0.10606909997295588
Static Environment,2000,27,FCFS,434.0150000000033,3805.8999999999974,0.8355,0.16449999999999998,0.6249999999999999,49.31721301939111,0.028773900005035102
Static Environment,2000,27,Round Robin,434.0150000000033,3805.8999999999974,0.8355,0.16449999999999998,0.6249999999999999,49.31721301939111,0.026946700003463775
Static Environment,2000,27,Min-Min,356.03999999999985,3560.4000000000137,0.5035,0.49650000000000005,0.6999999999999998,3854.246059542644,0.02842729998519644
Static Environment,2000,27,Max-Min,534.0600000000101,1780.2000000000069,1.0,0.0,0.8499999999999998,3854.246059542644,0.030407699989154935
Static Environment,2000,27,GA,534.0600000000101,1780.2000000000069,1.0,0.0,0.8499999999999998,3854.246059542644,0.049917500000447035
Static Environment,2000,27,Classical,501.8000000000111,2345.7999999999993,0.9025,0.09750000000000003,0.7897749999999999,2693.077363816346,0.06659120001131669
Static Environment,2000,27,Proposed Quantum-Inspired,430.5400000000035,3765.799999999996,0.825,0.17500000000000004,0.6327999999999999,157.7915951500586,0.11150260001886636
Static Environment,2000,28,FCFS,428.2350000000036,3733.4999999999964,0.844,0.15600000000000003,0.6249999999999999,24.097458372201828,0.027986800007056445
Static Environment,2000,28,Round Robin,428.2350000000036,3733.4999999999964,0.844,0.15600000000000003,0.6249999999999999,24.097458372201828,0.026542499952483922
Static Environment,2000,28,Min-Min,350.9999999999998,3510.000000000015,0.523,0.477,0.6999999999999998,3799.6864591042245,0.030118800001218915
Static Environment,2000,28,Max-Min,526.5000000000108,1755.0000000000075,1.0,0.0,0.8499999999999998,3799.6864591042245,0.03090610000072047
Static Environment,2000,28,GA,526.5000000000108,1755.0000000000075,1.0,0.0,0.8499999999999998,3799.6864591042245,0.052479200006928295
Static Environment,2000,28,Classical,492.0100000000107,2357.600000000002,0.8935,0.10650000000000004,0.7821249999999997,2560.964210507441,0.06927599996561185
Static Environment,2000,28,Proposed Quantum-Inspired,426.3800000000035,3735.4000000000015,0.832,0.16800000000000004,0.626425,61.10799865811349,0.11808320001000538
Static Environment,2000,29,FCFS,440.9800000000029,3844.4000000000005,0.843,0.15700000000000003,0.6249999999999999,42.55290824373817,0.027100900013465434
Static Environment,2000,29,Round Robin,440.9800000000029,3844.4000000000005,0.843,0.15700000000000003,0.6249999999999999,42.55290824373817,0.02675050002289936
Static Environment,2000,29,Min-Min,361.199999999999,3612.0000000000114,0.5165,0.48350000000000004,0.6999999999999998,3910.1046980867404,0.029262199997901917
Static Environment,2000,29,Max-Min,541.8000000000098,1806.0000000000057,1.0,0.0,0.8499999999999998,3910.1046980867404,0.06939180003246292
Static Environment,2000,29,GA,541.8000000000098,1806.0000000000057,1.0,0.0,0.8499999999999998,3910.1046980867404,0.053716099995654076
Static Environment,2000,29,Classical,510.9200000000112,2349.9999999999986,0.912,0.08799999999999997,0.7927749999999999,2795.599443768724,0.06536289997166023
Static Environment,2000,29,Proposed Quantum-Inspired,441.365000000003,3795.0999999999913,0.8465,0.15349999999999997,0.628525,85.809381771459,0.10877160000381991
Dynamic Carbon,50,0,FCFS,9.644999999999998,82.0654,0.82,0.18000000000000005,0.619,8.98262211161084,0.0024182999623008072
Dynamic Carbon,50,0,Round Robin,9.644999999999998,82.0654,0.82,0.18000000000000005,0.619,8.98262211161084,0.0006824999582022429
Dynamic Carbon,50,0,Min-Min,7.720000000000005,66.8833,0.42,0.5800000000000001,0.7000000000000002,83.57145146519834,0.0006844000308774412
Dynamic Carbon,50,0,Max-Min,11.579999999999998,43.6858,1.0,0.0,0.85,83.57145146519834,0.0006847999757155776
Dynamic Carbon,50,0,GA,11.579999999999998,39.642999999999994,1.0,0.0,0.85,83.57145146519834,0.001255400013178587
Dynamic Carbon,50,0,Classical,11.579999999999998,39.642999999999994,1.0,0.0,0.85,83.57145146519834,0.00181940000038594
Dynamic Carbon,50,0,Proposed Quantum-Inspired,9.490000000000002,77.57719999999999,0.86,0.14,0.6549999999999998,12.376893794486563,0.003665100026410073
Dynamic Carbon,50,1,FCFS,10.254999999999997,88.03529999999999,0.8,0.19999999999999996,0.619,5.385164807134504,0.000685199978761375
Dynamic Carbon,50,1,Round Robin,10.254999999999997,88.03529999999999,0.8,0.19999999999999996,0.619,5.385164807134504,0.0006306999712251127
Dynamic Carbon,50,1,Min-Min,8.320000000000004,71.66069999999999,0.56,0.43999999999999995,0.7000000000000002,90.06664199358161,0.0007092999876476824
Dynamic Carbon,50,1,Max-Min,12.479999999999999,47.32829999999999,1.0,0.0,0.85,90.06664199358161,0.0006961000035516918
Dynamic Carbon,50,1,GA,12.479999999999999,41.296099999999996,1.0,0.0,0.85,90.06664199358161,0.0012314000050537288
Dynamic Carbon,50,1,Classical,12.479999999999999,41.296099999999996,1.0,0.0,0.85,90.06664199358161,0.0016840000171214342
Dynamic Carbon,50,1,Proposed Quantum-Inspired,10.175,81.77010000000001,0.8,0.19999999999999996,0.64,10.319883720275147,0.0024500000290572643
Dynamic Carbon,50,2,FCFS,11.51,99.06439999999999,0.84,0.16000000000000003,0.619,4.656984002549289,0.0006161000346764922
Dynamic Carbon,50,2,Round Robin,11.51,99.06439999999999,0.84,0.16000000000000003,0.619,4.656984002549289,0.0005956999957561493
Dynamic Carbon,50,2,Min-Min,9.400000000000002,82.95620000000002,0.56,0.43999999999999995,0.7000000000000002,101.75798494467153,0.0008648000075481832
Dynamic Carbon,50,2,Max-Min,14.1,52.596199999999996,1.0,0.0,0.85,101.75798494467153,0.0009643000084906816
Dynamic Carbon,50,2,GA,14.1,46.03470000000001,1.0,0.0,0.85,101.75798494467153,0.0012316000065766275
Dynamic Carbon,50,2,Classical,14.1,46.03470000000001,1.0,0.0,0.85,101.75798494467153,0.001733299985062331
Dynamic Carbon,50,2,Proposed Quantum-Inspired,11.54,89.38159999999999,0.84,0.16000000000000003,0.6459999999999999,17.09349291397168,0.0029202000005170703
Dynamic Carbon,50,3,FCFS,10.714999999999996,90.89960000000002,0.8,0.19999999999999996,0.619,2.277608394786075,0.0006942999898456037
Dynamic Carbon,50,3,Round Robin,10.714999999999996,90.89960000000002,0.8,0.19999999999999996,0.619,2.277608394786075,0.0006401000428013504
Dynamic Carbon,50,3,Min-Min,8.840000000000003,77.87039999999998,0.48,0.52,0.7000000000000002,95.69580711818047,0.0007039000047370791
Dynamic Carbon,50,3,Max-Min,13.259999999999998,49.5574,1.0,0.0,0.85,95.69580711818047,0.0006961000035516918
Dynamic Carbon,50,3,GA,13.259999999999998,42.884599999999985,1.0,0.0,0.85,95.69580711818047,0.0011195000261068344
Dynamic Carbon,50,3,Classical,12.979999999999997,44.67919999999999,0.94,0.06000000000000005,0.841,87.79913154467987,0.0017024999833665788
Dynamic Carbon,50,3,Proposed Quantum-Inspired,11.064999999999996,82.21499999999997,0.92,0.07999999999999996,0.6460000000000001,23.54118731075389,0.0026922000106424093
Dynamic Carbon,50,4,FCFS,10.084999999999999,89.42169999999997,0.8,0.19999999999999996,0.619,5.244044240850758,0.000622799969278276
Dynamic Carbon,50,4,Round Robin,10.084999999999999,89.42169999999997,0.8,0.19999999999999996,0.619,5.244044240850758,0.0006134000141173601
Dynamic Carbon,50,4,Min-Min,8.320000000000004,72.5187,0.48,0.52,0.7000000000000002,90.06664199358161,0.0006981999613344669
Dynamic Carbon,50,4,Max-Min,12.48,46.89240000000001,1.0,0.0,0.85,90.06664199358161,0.0007050000131130219
Dynamic Carbon,50,4,GA,12.48,41.2278,1.0,0.0,0.85,90.06664199358161,0.0013644000282511115
Dynamic Carbon,50,4,Classical,12.32,42.3346,0.98,0.020000000000000018,0.847,85.5102333057278,0.001659700006712228
Dynamic Carbon,50,4,Proposed Quantum-Inspired,9.854999999999999,91.29249999999998,0.86,0.14,0.598,26.095976701399778,0.0025262999697588384
Dynamic Carbon,50,5,FCFS,10.97,98.39940000000001,0.82,0.18000000000000005,0.619,3.766629793329841,0.0007280000136233866
Dynamic Carbon,50,5,Round Robin,10.97,98.39940000000001,0.82,0.18000000000000005,0.619,3.766629793329841,0.0006563999922946095
Dynamic Carbon,50,5,Min-Min,9.000000000000005,79.034,0.54,0.45999999999999996,0.7000000000000002,97.42785792574935,0.0009262000094167888
Dynamic Carbon,50,5,Max-Min,13.499999999999998,50.48049999999999,1.0,0.0,0.85,97.42785792574935,0.0007191000040620565
Dynamic Carbon,50,5,GA,13.499999999999998,46.346199999999996,1.0,0.0,0.85,97.42785792574935,0.0011478000087663531
Dynamic Carbon,50,5,Classical,13.299999999999999,47.678599999999996,0.96,0.040000000000000036,0.8440000000000001,91.74523148371254,0.0015781999682076275
Dynamic Carbon,50,5,Proposed Quantum-Inspired,10.595000000000002,98.7379,0.84,0.16000000000000003,0.6489999999999999,20.191272867256288,0.002598599996417761
Dynamic Carbon,50,6,FCFS,10.394999999999994,92.8155,0.76,0.24,0.619,4.602988159880492,0.0007822999614290893
Dynamic Carbon,50,6,Round Robin,10.394999999999994,92.8155,0.76,0.24,0.619,4.602988159880492,0.000651500013191253
Dynamic Carbon,50,6,Min-Min,8.520000000000003,74.3295,0.38,0.62,0.7000000000000002,92.23170550304272,0.0007622999837622046
Dynamic Carbon,50,6,Max-Min,12.779999999999996,48.001099999999994,1.0,0.0,0.85,92.23170550304272,0.0006841000285930932
Dynamic Carbon,50,6,GA,12.779999999999996,43.54429999999999,1.0,0.0,0.85,92.23170550304272,0.0012579999747686088
Dynamic Carbon,50,6,Classical,12.459999999999996,45.96679999999999,0.92,0.07999999999999996,0.838,83.25075074736563,0.0018993999692611396
Dynamic Carbon,50,6,Proposed Quantum-Inspired,10.684999999999999,84.52150000000002,0.76,0.24,0.643,20.327014045353536,0.0027744999970309436
Dynamic Carbon,50,7,FCFS,10.430000000000001,94.18729999999996,0.76,0.24,0.619,3.191786333700926,0.0006613999721594155
Dynamic Carbon,50,7,Round Robin,10.430000000000001,94.18729999999996,0.76,0.24,0.619,3.191786333700926,0.0006134999566711485
Dynamic Carbon,50,7,Min-Min,8.600000000000003,76.6333,0.48,0.52,0.7000000000000002,93.09773090682715,0.0006794999935664237
Dynamic Carbon,50,7,Max-Min,12.9,47.6933,1.0,0.0,0.85,93.09773090682715,0.0006605000235140324
Dynamic Carbon,50,7,GA,12.9,44.009899999999995,1.0,0.0,0.85,93.09773090682715,0.0011038000229746103
Dynamic Carbon,50,7,Classical,12.78,44.7689,0.94,0.06000000000000005,0.841,89.66709262600187,0.0014934999635443091
Dynamic Carbon,50,7,Proposed Quantum-Inspired,10.454999999999997,96.27509999999998,0.82,0.18000000000000005,0.616,16.269219403523945,0.0028794000390917063
Dynamic Carbon,50,8,FCFS,11.209999999999999,98.96559999999997,0.82,0.18000000000000005,0.619,6.609652033201143,0.00104599999031052
Dynamic Carbon,50,8,Round Robin,11.209999999999999,98.96559999999997,0.82,0.18000000000000005,0.619,6.609652033201143,0.0006492999964393675
Dynamic Carbon,50,8,Min-Min,9.160000000000002,80.71149999999999,0.4,0.6,0.7000000000000002,99.15990873331822,0.0008005999843589962
Dynamic Carbon,50,8,Max-Min,13.74,51.207499999999996,1.0,0.0,0.85,99.15990873331822,0.0006933999829925597
Dynamic Carbon,50,8,GA,13.74,45.67179999999999,1.0,0.0,0.85,99.15990873331822,0.001076800050213933
Dynamic Carbon,50,8,Classical,13.280000000000001,48.703299999999984,0.92,0.07999999999999996,0.8380000000000001,86.39263568152091,0.0015060000005178154
Dynamic Carbon,50,8,Proposed Quantum-Inspired,11.075,93.37930000000001,0.78,0.21999999999999997,0.6249999999999999,7.495832175282475,0.00269059999845922
Dynamic Carbon,50,9,FCFS,11.515,100.27350000000003,0.84,0.16000000000000003,0.619,6.5383484153110105,0.0006318999803625047
Dynamic Carbon,50,9,Round Robin,11.515,100.27350000000003,0.84,0.16000000000000003,0.619,6.5383484153110105,0.0006002999725751579
Dynamic Carbon,50,9,Min-Min,9.52,83.61480000000002,0.7,0.30000000000000004,0.7000000000000002,103.05702305034819,0.0006567000527866185
Dynamic Carbon,50,9,Max-Min,14.280000000000001,53.4712,1.0,0.0,0.85,103.05702305034819,0.0006533999694511294
Dynamic Carbon,50,9,GA,14.280000000000001,47.40119999999999,1.0,0.0,0.85,103.05702305034819,0.0010841000475920737
Dynamic Carbon,50,9,Classical,13.96,49.4858,0.92,0.07999999999999996,0.8380000000000001,94.04653103650341,0.0015780999674461782
Dynamic Carbon,50,9,Proposed Quantum-Inspired,11.284999999999998,107.483,0.88,0.12,0.61,11.863810517704673,0.0030274000018835068
Dynamic Carbon,50,10,FCFS,11.950000000000001,104.2509,0.8,0.19999999999999996,0.619,7.980444849756184,0.0006593000143766403
Dynamic Carbon,50,10,Round Robin,11.950000000000001,104.2509,0.8,0.19999999999999996,0.619,7.980444849756184,0.0006726999999955297
Dynamic Carbon,50,10,Min-Min,9.72,87.4925,0.52,0.48,0.7000000000000002,105.2220865598093,0.0007059999625198543
Dynamic Carbon,50,10,Max-Min,14.580000000000005,53.4377,1.0,0.0,0.85,105.2220865598093,0.0006514000124298036
Dynamic Carbon,50,10,GA,14.580000000000005,48.724900000000005,1.0,0.0,0.85,105.2220865598093,0.0011082999990321696
Dynamic Carbon,50,10,Classical,14.360000000000003,50.2078,0.94,0.06000000000000005,0.841,98.97316555511398,0.001715000020340085
Dynamic Carbon,50,10,Proposed Quantum-Inspired,11.639999999999997,98.09770000000002,0.76,0.24,0.6580000000000001,14.13108276106258,0.002751599997282028
Dynamic Carbon,50,11,FCFS,10.885,93.8176,0.86,0.14,0.619,8.870597499605086,0.0006620000349357724
Dynamic Carbon,50,11,Round Robin,10.885,93.8176,0.86,0.14,0.619,8.870597499605086,0.0010190000175498426
Dynamic Carbon,50,11,Min-Min,8.919999999999998,78.34360000000001,0.54,0.45999999999999996,0.7000000000000002,96.5618325219649,0.0007322000456042588
Dynamic Carbon,50,11,Max-Min,13.380000000000003,50.055699999999995,1.0,0.0,0.85,96.5618325219649,0.0007168999873101711
Dynamic Carbon,50,11,GA,13.380000000000003,45.8067,1.0,0.0,0.85,96.5618325219649,0.001121999986935407
Dynamic Carbon,50,11,Classical,13.300000000000002,46.2874,0.98,0.020000000000000018,0.847,94.26657679156489,0.0017563000437803566
Dynamic Carbon,50,11,Proposed Quantum-Inspired,10.944999999999997,96.79119999999998,0.8,0.19999999999999996,0.643,7.013380069552769,0.0025485000223852694
Dynamic Carbon,50,12,FCFS,10.749999999999998,94.65540000000001,0.92,0.07999999999999996,0.619,2.5860201081971503,0.0006409999914467335
Dynamic Carbon,50,12,Round Robin,10.749999999999998,94.65540000000001,0.92,0.07999999999999996,0.619,2.5860201081971503,0.0006160000339150429
Dynamic Carbon,50,12,Min-Min,8.840000000000002,77.74340000000002,0.52,0.48,0.7000000000000002,95.69580711818047,0.0006679000216536224
Dynamic Carbon,50,12,Max-Min,13.259999999999998,49.50920000000001,1.0,0.0,0.85,95.69580711818047,0.0008157999836839736
Dynamic Carbon,50,12,GA,13.259999999999998,44.187999999999995,1.0,0.0,0.85,95.69580711818047,0.0011831999872811139
Dynamic Carbon,50,12,Classical,13.179999999999998,44.83389999999999,0.98,0.020000000000000018,0.847,93.40068254568592,0.0015684000100009143
Dynamic Carbon,50,12,Proposed Quantum-Inspired,10.839999999999996,93.42330000000001,0.82,0.18000000000000005,0.634,4.548351349665063,0.0027914000093005598
Dynamic Carbon,50,13,FCFS,11.01,100.58359999999998,0.82,0.18000000000000005,0.619,4.949747468305833,0.0006570999976247549
Dynamic Carbon,50,13,Round Robin,11.01,100.58359999999998,0.82,0.18000000000000005,0.619,4.949747468305833,0.0006464999751187861
Dynamic Carbon,50,13,Min-Min,9.12,80.4109,0.54,0.45999999999999996,0.7000000000000002,98.72689603142601,0.000713599962182343
Dynamic Carbon,50,13,Max-Min,13.680000000000001,51.074400000000004,1.0,0.0,0.85,98.72689603142601,0.0007275000098161399
Dynamic Carbon,50,13,GA,13.680000000000001,46.238699999999994,1.0,0.0,0.85,98.72689603142601,0.001484300009906292
Dynamic Carbon,50,13,Classical,13.48,47.493199999999995,0.94,0.06000000000000005,0.841,93.04300081145277,0.0015525000053457916
Dynamic Carbon,50,13,Proposed Quantum-Inspired,11.129999999999994,92.2338,0.9,0.09999999999999998,0.643,11.683321445547923,0.002517899964004755
Dynamic Carbon,50,14,FCFS,10.599999999999998,93.16640000000002,0.88,0.12,0.619,4.527692569068709,0.000622799969278276
Dynamic Carbon,50,14,Round Robin,10.599999999999998,93.16640000000002,0.88,0.12,0.619,4.527692569068709,0.0005889000021852553
Dynamic Carbon,50,14,Min-Min,8.64,74.5632,0.5,0.5,0.7000000000000002,93.53074360871938,0.0006492999964393675
Dynamic Carbon,50,14,Max-Min,12.959999999999999,49.088600000000014,1.0,0.0,0.85,93.53074360871938,0.0006567999953404069
Dynamic Carbon,50,14,GA,12.959999999999999,43.690900000000006,1.0,0.0,0.85,93.53074360871938,0.0011866999557241797
Dynamic Carbon,50,14,Classical,12.599999999999998,46.2901,0.94,0.06000000000000005,0.8410000000000001,83.46256645946133,0.0017062000115402043
Dynamic Carbon,50,14,Proposed Quantum-Inspired,10.799999999999999,91.4555,0.82,0.18000000000000005,0.655,10.173494974687902,0.0025289999903179705
Dynamic Carbon,50,15,FCFS,9.985,85.49019999999997,0.8,0.19999999999999996,0.619,6.726812023536855,0.0006107999943196774
Dynamic Carbon,50,15,Round Robin,9.985,85.49019999999997,0.8,0.19999999999999996,0.619,6.726812023536855,0.0005933000356890261
Dynamic Carbon,50,15,Min-Min,8.240000000000004,69.758,0.44,0.56,0.7000000000000002,89.20061658979718,0.0006647999980486929
Dynamic Carbon,50,15,Max-Min,12.36,47.4647,1.0,0.0,0.85,89.20061658979718,0.0007811000104993582
Dynamic Carbon,50,15,GA,12.36,40.5303,1.0,0.0,0.85,89.20061658979718,0.001388200034853071
Dynamic Carbon,50,15,Classical,12.199999999999998,41.5515,0.96,0.040000000000000036,0.8440000000000001,84.64484626957508,0.0018848000327125192
Dynamic Carbon,50,15,Proposed Quantum-Inspired,10.284999999999997,79.4809,0.88,0.12,0.631,12.093386622447824,0.0026715000276453793
Dynamic Carbon,50,16,FCFS,10.155,90.1179,0.88,0.12,0.619,6.06217782649107,0.0006513000116683543
Dynamic Carbon,50,16,Round Robin,10.155,90.1179,0.88,0.12,0.619,6.06217782649107,0.0006364000146277249
Dynamic Carbon,50,16,Min-Min,8.400000000000006,75.6908,0.46,0.54,0.7000000000000002,90.93266739736606,0.0006872000521980226
Dynamic Carbon,50,16,Max-Min,12.600000000000001,46.17380000000001,1.0,0.0,0.85,90.93266739736606,0.0006562999915331602
Dynamic Carbon,50,16,GA,12.600000000000001,41.308299999999996,1.0,0.0,0.85,90.93266739736606,0.001174400036688894
Dynamic Carbon,50,16,Classical,12.42,42.5539,0.96,0.040000000000000036,0.8440000000000001,85.81520844232682,0.0015045999898575246
Dynamic Carbon,50,16,Proposed Quantum-Inspired,10.099999999999998,86.8982,0.76,0.24,0.6219999999999999,11.84271928232701,0.0024446999887004495
Dynamic Carbon,50,17,FCFS,11.415,100.26120000000002,0.78,0.21999999999999997,0.619,6.179603547154137,0.0006188999977894127
Dynamic Carbon,50,17,Round Robin,11.415,100.26120000000002,0.78,0.21999999999999997,0.619,6.179603547154137,0.0006400999845936894
Dynamic Carbon,50,17,Min-Min,9.320000000000002,83.64149999999998,0.46,0.54,0.7000000000000002,100.8919595408871,0.0008083999855443835
Dynamic Carbon,50,17,Max-Min,13.979999999999999,51.413,1.0,0.0,0.85,100.8919595408871,0.0007389000384137034
Dynamic Carbon,50,17,GA,13.979999999999999,47.328799999999994,1.0,0.0,0.85,100.8919595408871,0.0012265000259503722
Dynamic Carbon,50,17,Classical,13.759999999999998,48.867999999999995,0.96,0.040000000000000036,0.8440000000000001,94.64770203232618,0.001649899990297854
Dynamic Carbon,50,17,Proposed Quantum-Inspired,11.114999999999998,105.8811,0.86,0.14,0.592,21.533404282648853,0.0024707000120542943
Dynamic Carbon,50,18,FCFS,10.654999999999996,93.94399999999997,0.84,0.16000000000000003,0.619,5.11737237261468,0.0006269000004976988
Dynamic Carbon,50,18,Round Robin,10.654999999999996,93.94399999999997,0.84,0.16000000000000003,0.619,5.11737237261468,0.0005861999816261232
Dynamic Carbon,50,18,Min-Min,8.840000000000002,79.5284,0.64,0.36,0.7000000000000002,95.69580711818047,0.0006626999820582569
Dynamic Carbon,50,18,Max-Min,13.260000000000002,48.628000000000014,1.0,0.0,0.85,95.69580711818047,0.0006479000439867377
Dynamic Carbon,50,18,GA,13.260000000000002,43.27300000000002,1.0,0.0,0.85,95.69580711818047,0.0010801000171341002
Dynamic Carbon,50,18,Classical,13.120000000000001,44.20020000000002,0.98,0.020000000000000018,0.847,91.69889584940486,0.0015896999975666404
Dynamic Carbon,50,18,Proposed Quantum-Inspired,10.899999999999999,91.42410000000002,0.84,0.16000000000000003,0.634,4.866980583482946,0.0034388999920338392
Dynamic Carbon,50,19,FCFS,11.73,105.87849999999997,0.8,0.19999999999999996,0.619,5.673402858955108,0.0006984000210650265
Dynamic Carbon,50,19,Round Robin,11.73,105.87849999999997,0.8,0.19999999999999996,0.619,5.673402858955108,0.0006056000129319727
Dynamic Carbon,50,19,Min-Min,9.720000000000002,86.14110000000002,0.44,0.56,0.7000000000000002,105.2220865598093,0.0006915999692864716
Dynamic Carbon,50,19,Max-Min,14.58,54.18,1.0,0.0,0.85,105.2220865598093,0.0006568999961018562
Dynamic Carbon,50,19,GA,14.58,49.178700000000006,1.0,0.0,0.85,105.2220865598093,0.0011221999884583056
Dynamic Carbon,50,19,Classical,14.299999999999999,51.607400000000005,0.94,0.06000000000000005,0.8410000000000001,97.30718113274067,0.0024646000238135457
Dynamic Carbon,50,19,Proposed Quantum-Inspired,12.084999999999999,105.08749999999998,0.86,0.14,0.622,11.712706775122479,0.002609000017400831
Dynamic Carbon,50,20,FCFS,11.099999999999996,96.02690000000003,0.88,0.12,0.619,4.387482193696061,0.0006593999569304287
Dynamic Carbon,50,20,Round Robin,11.099999999999996,96.02690000000003,0.88,0.12,0.619,4.387482193696061,0.0006054000114090741
Dynamic Carbon,50,20,Min-Min,9.040000000000001,80.8007,0.48,0.52,0.7000000000000002,97.86087062764156,0.0006685999687761068
Dynamic Carbon,50,20,Max-Min,13.560000000000002,50.07990000000001,1.0,0.0,0.85,97.86087062764156,0.0006753000197932124
Dynamic Carbon,50,20,GA,13.560000000000002,45.474299999999985,1.0,0.0,0.85,97.86087062764156,0.001137399987783283
Dynamic Carbon,50,20,Classical,13.320000000000004,46.923799999999986,0.96,0.040000000000000036,0.8440000000000001,91.06453755441797,0.0016368000069633126
Dynamic Carbon,50,20,Proposed Quantum-Inspired,11.01,86.17380000000001,0.86,0.14,0.67,20.838665984174707,0.0028377999551594257
Dynamic Carbon,50,21,FCFS,9.879999999999999,92.47710000000002,0.8,0.19999999999999996,0.619,15.514106484100203,0.000644699961412698
Dynamic Carbon,50,21,Round Robin,9.879999999999999,92.47710000000002,0.8,0.19999999999999996,0.619,15.514106484100203,0.0006658000056631863
Dynamic Carbon,50,21,Min-Min,8.120000000000003,69.7706,0.5,0.5,0.7000000000000002,87.90157848412052,0.0006639000494033098
Dynamic Carbon,50,21,Max-Min,12.180000000000001,46.19920000000001,1.0,0.0,0.85,87.90157848412052,0.0006577000021934509
Dynamic Carbon,50,21,GA,12.180000000000001,40.08209999999998,1.0,0.0,0.85,87.90157848412052,0.0011088000028394163
Dynamic Carbon,50,21,Classical,12.02,41.151199999999974,0.94,0.06000000000000005,0.841,83.34679058008173,0.0018491999944671988
Dynamic Carbon,50,21,Proposed Quantum-Inspired,10.395,76.42199999999998,0.86,0.14,0.655,18.619546181365433,0.002765099983662367
Dynamic Carbon,50,22,FCFS,9.135,81.47479999999999,0.82,0.18000000000000005,0.619,8.874119674649425,0.0006502000032924116
Dynamic Carbon,50,22,Round Robin,9.135,81.47479999999999,0.82,0.18000000000000005,0.619,8.874119674649425,0.0005969000048935413
Dynamic Carbon,50,22,Min-Min,7.440000000000004,66.9976,0.44,0.56,0.7000000000000002,80.5403625519528,0.0006511000101454556
Dynamic Carbon,50,22,Max-Min,11.16,40.7974,1.0,0.0,0.85,80.5403625519528,0.000666600011754781
Dynamic Carbon,50,22,GA,11.16,37.2554,1.0,0.0,0.85,80.5403625519528,0.0010938000050373375
Dynamic Carbon,50,22,Classical,11.08,37.8089,0.98,0.020000000000000018,0.847,78.24800316941001,0.0018041000002995133
Dynamic Carbon,50,22,Proposed Quantum-Inspired,9.044999999999998,78.88889999999999,0.76,0.24,0.643,2.29128784747792,0.0027044000453315675
Dynamic Carbon,50,23,FCFS,12.065,104.20329999999998,0.82,0.18000000000000005,0.619,9.604686356149273,0.0006311999750323594
Dynamic Carbon,50,23,Round Robin,12.065,104.20329999999998,0.82,0.18000000000000005,0.619,9.604686356149273,0.0006125000072643161
Dynamic Carbon,50,23,Min-Min,9.840000000000003,89.56800000000001,0.48,0.52,0.7000000000000002,106.52112466548596,0.000658900011330843
Dynamic Carbon,50,23,Max-Min,14.760000000000003,53.65479999999999,1.0,0.0,0.85,106.52112466548596,0.0006560999900102615
Dynamic Carbon,50,23,GA,14.760000000000003,47.977799999999995,1.0,0.0,0.85,106.52112466548596,0.001096900028642267
Dynamic Carbon,50,23,Classical,14.600000000000003,49.13969999999999,0.98,0.020000000000000018,0.847,101.9546467798305,0.0016922999639064074
Dynamic Carbon,50,23,Proposed Quantum-Inspired,12.44,96.9503,0.86,0.14,0.649,16.740669042783207,0.0024503000313416123
Dynamic Carbon,50,24,FCFS,10.349999999999993,92.84159999999999,0.9,0.09999999999999998,0.619,6.87386354243376,0.0006178000476211309
Dynamic Carbon,50,24,Round Robin,10.349999999999993,92.84159999999999,0.9,0.09999999999999998,0.619,6.87386354243376,0.0005976000102236867
Dynamic Carbon,50,24,Min-Min,8.400000000000004,74.414,0.54,0.45999999999999996,0.7000000000000002,90.93266739736606,0.0006575000006705523
Dynamic Carbon,50,24,Max-Min,12.599999999999996,46.74100000000001,1.0,0.0,0.85,90.93266739736606,0.000651800015475601
Dynamic Carbon,50,24,GA,12.599999999999996,43.8948,1.0,0.0,0.85,90.93266739736606,0.0012472000089474022
Dynamic Carbon,50,24,Classical,12.519999999999996,44.4246,0.98,0.020000000000000018,0.847,88.6383100019399,0.001832399982959032
Dynamic Carbon,50,24,Proposed Quantum-Inspired,10.689999999999992,83.20259999999998,0.86,0.14,0.6669999999999999,18.282505298782223,0.002898199949413538
Dynamic Carbon,50,25,FCFS,11.409999999999998,100.80320000000003,0.84,0.16000000000000003,0.619,4.6097722286464435,0.0006540999747812748
Dynamic Carbon,50,25,Round Robin,11.409999999999998,100.80320000000003,0.84,0.16000000000000003,0.619,4.6097722286464435,0.0006274000043049455
Dynamic Carbon,50,25,Min-Min,9.360000000000003,84.25889999999997,0.54,0.45999999999999996,0.7000000000000002,101.32497224277932,0.0006851000362075865
Dynamic Carbon,50,25,Max-Min,14.040000000000001,51.5138,1.0,0.0,0.85,101.32497224277932,0.0006841999711468816
Dynamic Carbon,50,25,GA,14.040000000000001,46.6819,1.0,0.0,0.85,101.32497224277932,0.001119400025345385
Dynamic Carbon,50,25,Classical,13.98,47.086200000000005,0.96,0.040000000000000036,0.8440000000000001,99.60045180620418,0.0018544000340625644
Dynamic Carbon,50,25,Proposed Quantum-Inspired,11.744999999999997,86.5664,0.78,0.21999999999999997,0.6820000000000002,25.22399651125888,0.0026997000095434487
Dynamic Carbon,50,26,FCFS,11.49,100.06909999999998,0.84,0.16000000000000003,0.619,10.894379284750462,0.0006261999951675534
Dynamic Carbon,50,26,Round Robin,11.49,100.06909999999998,0.84,0.16000000000000003,0.619,10.894379284750462,0.0006408000481314957
Dynamic Carbon,50,26,Min-Min,9.480000000000004,84.72339999999998,0.64,0.36,0.7000000000000002,102.62401034845598,0.0010133000323548913
Dynamic Carbon,50,26,Max-Min,14.219999999999999,52.48849999999999,1.0,0.0,0.85,102.62401034845598,0.000819200009573251
Dynamic Carbon,50,26,GA,14.219999999999999,46.0314,1.0,0.0,0.85,102.62401034845598,0.0011310999980196357
Dynamic Carbon,50,26,Classical,13.799999999999999,49.3155,0.92,0.07999999999999996,0.8380000000000001,90.90482660453183,0.001728000002913177
Dynamic Carbon,50,26,Proposed Quantum-Inspired,11.200000000000001,97.17940000000002,0.84,0.16000000000000003,0.631,15.400892831261439,0.002855600032489747
Dynamic Carbon,50,27,FCFS,11.650000000000002,107.28550000000004,0.8,0.19999999999999996,0.619,6.224949798994366,0.000638800032902509
Dynamic Carbon,50,27,Round Robin,11.650000000000002,107.28550000000004,0.8,0.19999999999999996,0.619,6.224949798994366,0.000625500048045069
Dynamic Carbon,50,27,Min-Min,9.68,86.68000000000004,0.42,0.5800000000000001,0.7000000000000002,104.78907385791707,0.0006632000440731645
Dynamic Carbon,50,27,Max-Min,14.520000000000001,53.505700000000004,1.0,0.0,0.85,104.78907385791707,0.0006630999851040542
Dynamic Carbon,50,27,GA,14.520000000000001,49.199500000000015,1.0,0.0,0.85,104.78907385791707,0.001116100000217557
Dynamic Carbon,50,27,Classical,14.0,53.5529,0.9,0.09999999999999998,0.8350000000000002,90.4032632154393,0.001626300043426454
Dynamic Carbon,50,27,Proposed Quantum-Inspired,11.819999999999999,105.67779999999999,0.84,0.16000000000000003,0.607,12.093386622447824,0.0024571999674662948
Dynamic Carbon,50,28,FCFS,9.845000000000002,83.84940000000002,0.82,0.18000000000000005,0.619,2.0615528128088303,0.0009990999824367464
Dynamic Carbon,50,28,Round Robin,9.845000000000002,83.84940000000002,0.82,0.18000000000000005,0.619,2.0615528128088303,0.000720099953468889
Dynamic Carbon,50,28,Min-Min,8.080000000000004,70.51169999999999,0.58,0.42000000000000004,0.7000000000000002,87.4685657822283,0.0007721000001765788
Dynamic Carbon,50,28,Max-Min,12.120000000000001,45.5143,1.0,0.0,0.85,87.4685657822283,0.0006917000282555819
Dynamic Carbon,50,28,GA,12.120000000000001,39.364599999999996,1.0,0.0,0.85,87.4685657822283,0.001261600002180785
Dynamic Carbon,50,28,Classical,12.120000000000001,39.364599999999996,1.0,0.0,0.85,87.4685657822283,0.0018435000092722476
Dynamic Carbon,50,28,Proposed Quantum-Inspired,9.534999999999998,82.20300000000002,0.82,0.18000000000000005,0.6550000000000001,21.880356487041066,0.0026641000295057893
Dynamic Carbon,50,29,FCFS,12.169999999999996,103.57330000000003,0.84,0.16000000000000003,0.619,6.299801584177076,0.0006336999940685928
Dynamic Carbon,50,29,Round Robin,12.169999999999996,103.57330000000003,0.84,0.16000000000000003,0.619,6.299801584177076,0.0006169000407680869
Dynamic Carbon,50,29,Min-Min,9.96,91.27559999999997,0.6,0.4,0.7000000000000002,107.82016277116261,0.000659800018183887
Dynamic Carbon,50,29,Max-Min,14.940000000000003,54.04169999999999,1.0,0.0,0.85,107.82016277116261,0.0006748999585397542
Dynamic Carbon,50,29,GA,14.940000000000003,48.5298,1.0,0.0,0.85,107.82016277116261,0.0011267000227235258
Dynamic Carbon,50,29,Classical,14.820000000000002,49.411500000000004,0.96,0.040000000000000036,0.8440000000000001,104.38480492868682,0.001743400003761053
Dynamic Carbon,50,29,Proposed Quantum-Inspired,12.284999999999997,98.68610000000001,0.84,0.16000000000000003,0.64,15.896147331979533,0.0028639999800361693
Dynamic Carbon,100,0,FCFS,19.475,167.4844999999999,0.81,0.18999999999999995,0.6249999999999999,6.057020719792859,0.0012847999460063875
Dynamic Carbon,100,0,Round Robin,19.475,167.4844999999999,0.81,0.18999999999999995,0.6249999999999999,6.057020719792859,0.0012400999548844993
Dynamic Carbon,100,0,Min-Min,15.879999999999992,138.61829999999998,0.46,0.54,0.7000000000000002,171.90604265121107,0.0015878999838605523
Dynamic Carbon,100,0,Max-Min,23.819999999999997,89.40069999999996,1.0,0.0,0.8499999999999995,171.90604265121107,0.001560300006531179
Dynamic Carbon,100,0,GA,23.819999999999997,79.60030000000002,1.0,0.0,0.8499999999999995,171.90604265121107,0.0022477000020444393
Dynamic Carbon,100,0,Classical,22.174999999999994,91.99780000000003,0.88,0.12,0.8169999999999997,128.06516895705875,0.003430199983995408
Dynamic Carbon,100,0,Proposed Quantum-Inspired,19.090000000000003,161.84690000000003,0.84,0.16000000000000003,0.6295000000000001,21.833174299675253,0.005806800036225468
Dynamic Carbon,100,1,FCFS,22.504999999999995,193.45990000000003,0.81,0.18999999999999995,0.6249999999999999,2.598076211353316,0.0012321000103838742
Dynamic Carbon,100,1,Round Robin,22.504999999999995,193.45990000000003,0.81,0.18999999999999995,0.6249999999999999,2.598076211353316,0.0012053000391460955
Dynamic Carbon,100,1,Min-Min,18.480000000000004,162.86509999999996,0.54,0.45999999999999996,0.7000000000000002,200.05186827420533,0.0015505999908782542
Dynamic Carbon,100,1,Max-Min,27.719999999999995,103.36500000000004,1.0,0.0,0.8499999999999995,200.05186827420533,0.0014489999739453197
Dynamic Carbon,100,1,GA,27.719999999999995,91.09929999999999,1.0,0.0,0.8499999999999995,200.05186827420533,0.0021889000199735165
Dynamic Carbon,100,1,Classical,25.390000000000004,110.02219999999993,0.88,0.12,0.8049999999999998,135.87954224238467,0.0035344999632798135
Dynamic Carbon,100,1,Proposed Quantum-Inspired,22.07,189.85440000000003,0.83,0.17000000000000004,0.6204999999999999,30.890937182286976,0.005685100040864199
Dynamic Carbon,100,2,FCFS,22.004999999999992,192.27370000000002,0.79,0.20999999999999996,0.6249999999999999,4.69041575982343,0.0012556000147014856
Dynamic Carbon,100,2,Round Robin,22.004999999999992,192.27370000000002,0.79,0.20999999999999996,0.6249999999999999,4.69041575982343,0.0015530000091530383
Dynamic Carbon,100,2,Min-Min,18.079999999999988,160.50799999999998,0.5,0.5,0.7000000000000002,195.72174125528312,0.0013916000025346875
Dynamic Carbon,100,2,Max-Min,27.11999999999999,100.5611,1.0,0.0,0.8499999999999995,195.72174125528312,0.0013225000002421439
Dynamic Carbon,100,2,GA,27.11999999999999,91.02849999999997,1.0,0.0,0.8499999999999995,195.72174125528312,0.0022619000519625843
Dynamic Carbon,100,2,Classical,24.559999999999985,111.56289999999997,0.87,0.13,0.8064999999999998,127.51078385768005,0.003768599999602884
Dynamic Carbon,100,2,Proposed Quantum-Inspired,22.334999999999997,180.05790000000007,0.83,0.17000000000000004,0.6295,17.277152543170995,0.005130799952894449
Dynamic Carbon,100,3,FCFS,22.159999999999997,185.93880000000004,0.81,0.18999999999999995,0.6249999999999999,9.54921462739214,0.0013045999803580344
Dynamic Carbon,100,3,Round Robin,22.159999999999997,185.93880000000004,0.81,0.18999999999999995,0.6249999999999999,9.54921462739214,0.001178800011985004
Dynamic Carbon,100,3,Min-Min,18.19999999999998,161.45510000000004,0.52,0.48,0.7000000000000002,197.02077936095978,0.0013128999853506684
Dynamic Carbon,100,3,Max-Min,27.300000000000008,101.33790000000002,1.0,0.0,0.8499999999999995,197.02077936095978,0.0012980999890714884
Dynamic Carbon,100,3,GA,27.300000000000008,89.37410000000003,1.0,0.0,0.8499999999999995,197.02077936095978,0.0026433999883010983
Dynamic Carbon,100,3,Classical,24.67999999999999,110.57689999999998,0.86,0.14,0.805,130.0161047716782,0.0035354000283405185
Dynamic Carbon,100,3,Proposed Quantum-Inspired,23.035000000000007,173.0608,0.89,0.10999999999999999,0.6459999999999999,40.28259549731124,0.0055722999968566
Dynamic Carbon,100,4,FCFS,22.230000000000004,192.3967000000001,0.81,0.18999999999999995,0.6249999999999999,9.41740410091868,0.0013023000210523605
Dynamic Carbon,100,4,Round Robin,22.230000000000004,192.3967000000001,0.81,0.18999999999999995,0.6249999999999999,9.41740410091868,0.0012452999944798648
Dynamic Carbon,100,4,Min-Min,18.359999999999992,162.88609999999994,0.51,0.49,0.7000000000000002,198.75283016852867,0.001332600018940866
Dynamic Carbon,100,4,Max-Min,27.540000000000006,102.21050000000004,1.0,0.0,0.8499999999999995,198.75283016852867,0.0012938000145368278
Dynamic Carbon,100,4,GA,27.540000000000006,89.94110000000005,1.0,0.0,0.8499999999999995,198.75283016852867,0.002778999973088503
Dynamic Carbon,100,4,Classical,24.94,111.20610000000003,0.88,0.12,0.8049999999999998,132.00260414097897,0.0034479000023566186
Dynamic Carbon,100,4,Proposed Quantum-Inspired,22.295000000000005,193.24620000000007,0.89,0.10999999999999999,0.6204999999999999,16.768646337734005,0.0060344000230543315
Dynamic Carbon,100,5,FCFS,23.42000000000001,193.07840000000002,0.84,0.16000000000000003,0.6249999999999999,10.985786271359915,0.00133790000109002
Dynamic Carbon,100,5,Round Robin,23.42000000000001,193.07840000000002,0.84,0.16000000000000003,0.6249999999999999,10.985786271359915,0.0013846000074408948
Dynamic Carbon,100,5,Min-Min,19.079999999999995,168.2839,0.53,0.47,0.7000000000000002,206.54705880258862,0.0019311999785713851
Dynamic Carbon,100,5,Max-Min,28.620000000000015,106.70910000000002,1.0,0.0,0.8499999999999995,206.54705880258862,0.0015913000097498298
Dynamic Carbon,100,5,GA,28.620000000000015,93.83900000000001,1.0,0.0,0.8499999999999995,206.54705880258862,0.0023843999952077866
Dynamic Carbon,100,5,Classical,25.374999999999996,120.98329999999997,0.81,0.18999999999999995,0.7915000000000001,125.36421937698172,0.003268200031016022
Dynamic Carbon,100,5,Proposed Quantum-Inspired,23.25000000000001,193.2601,0.89,0.10999999999999999,0.6489999999999999,21.878928218722233,0.00519739999435842
Dynamic Carbon,100,6,FCFS,20.675,181.47540000000012,0.8,0.19999999999999996,0.6249999999999999,11.366067921669305,0.0017298999591730535
Dynamic Carbon,100,6,Round Robin,20.675,181.47540000000012,0.8,0.19999999999999996,0.6249999999999999,11.366067921669305,0.0013300999999046326
Dynamic Carbon,100,6,Min-Min,16.919999999999987,148.21779999999998,0.48,0.52,0.7000000000000002,183.16437290040878,0.0015290000010281801
Dynamic Carbon,100,6,Max-Min,25.37999999999999,95.04849999999998,1.0,0.0,0.8499999999999995,183.16437290040878,0.0015143000055104494
Dynamic Carbon,100,6,GA,25.37999999999999,83.85660000000003,1.0,0.0,0.8499999999999995,183.16437290040878,0.0025188999716192484
Dynamic Carbon,100,6,Classical,23.37999999999999,101.0207,0.86,0.14,0.8124999999999999,131.9059797734735,0.0031334999948740005
Dynamic Carbon,100,6,Proposed Quantum-Inspired,20.93499999999999,171.00270000000006,0.84,0.16000000000000003,0.6309999999999999,29.38005275693017,0.005497700010892004
Dynamic Carbon,100,7,FCFS,20.805000000000003,182.26510000000002,0.8,0.19999999999999996,0.6249999999999999,6.96419413859206,0.0012461000005714595
Dynamic Carbon,100,7,Round Robin,20.805000000000003,182.26510000000002,0.8,0.19999999999999996,0.6249999999999999,6.96419413859206,0.0012071000528521836
Dynamic Carbon,100,7,Min-Min,16.959999999999987,151.18319999999997,0.49,0.51,0.7000000000000002,183.597385602301,0.001892099971882999
Dynamic Carbon,100,7,Max-Min,25.439999999999994,94.01659999999998,1.0,0.0,0.8499999999999995,183.597385602301,0.001442899985704571
Dynamic Carbon,100,7,GA,25.439999999999994,86.1033,1.0,0.0,0.8499999999999995,183.597385602301,0.0022668999736197293
Dynamic Carbon,100,7,Classical,23.33999999999999,102.38179999999997,0.87,0.13,0.8109999999999998,130.23248442688944,0.0033171999966725707
Dynamic Carbon,100,7,Proposed Quantum-Inspired,20.784999999999986,185.0002,0.81,0.18999999999999995,0.6190000000000001,22.9237867726953,0.005150899989530444
Dynamic Carbon,100,8,FCFS,22.369999999999994,195.60739999999998,0.8,0.19999999999999996,0.6249999999999999,7.842193570679061,0.0016228000167757273
Dynamic Carbon,100,8,Round Robin,22.369999999999994,195.60739999999998,0.8,0.19999999999999996,0.6249999999999999,7.842193570679061,0.0018702999805100262
Dynamic Carbon,100,8,Min-Min,18.399999999999988,163.31769999999997,0.41,0.5900000000000001,0.7000000000000002,199.18584287042088,0.001463299966417253
Dynamic Carbon,100,8,Max-Min,27.600000000000005,102.35249999999999,1.0,0.0,0.8499999999999995,199.18584287042088,0.0013332999660633504
Dynamic Carbon,100,8,GA,27.600000000000005,90.71369999999999,1.0,0.0,0.8499999999999995,199.18584287042088,0.002370900008827448
Dynamic Carbon,100,8,Classical,24.634999999999994,115.01779999999998,0.8,0.19999999999999996,0.8064999999999998,126.19231355355998,0.0031560000497847795
Dynamic Carbon,100,8,Proposed Quantum-Inspired,22.01499999999999,193.59870000000006,0.8,0.19999999999999996,0.619,15.795568998931314,0.004996899981051683
Dynamic Carbon,100,9,FCFS,21.85,191.35920000000002,0.83,0.17000000000000004,0.6249999999999999,9.730750228014282,0.0015896999975666404
Dynamic Carbon,100,9,Round Robin,21.85,191.35920000000002,0.83,0.17000000000000004,0.6249999999999999,9.730750228014282,0.001512099988758564
Dynamic Carbon,100,9,Min-Min,17.959999999999976,155.98480000000004,0.62,0.38,0.7000000000000002,194.42270314960646,0.0013895999873057008
Dynamic Carbon,100,9,Max-Min,26.94000000000001,101.59049999999999,1.0,0.0,0.8499999999999995,194.42270314960646,0.0013837000005878508
Dynamic Carbon,100,9,GA,26.94000000000001,91.08960000000002,1.0,0.0,0.8499999999999995,194.42270314960646,0.0027871999773196876
Dynamic Carbon,100,9,Classical,24.584999999999997,110.6063,0.88,0.12,0.8019999999999999,133.7168183139279,0.0033559000003151596
Dynamic Carbon,100,9,Proposed Quantum-Inspired,21.814999999999998,203.38739999999999,0.85,0.15000000000000002,0.6115,17.75352077758099,0.006273799983318895
Dynamic Carbon,100,10,FCFS,23.230000000000008,198.5025,0.79,0.20999999999999996,0.6249999999999999,9.33742469849155,0.0012627000105567276
Dynamic Carbon,100,10,Round Robin,23.230000000000008,198.5025,0.79,0.20999999999999996,0.6249999999999999,9.33742469849155,0.0012179000186733902
Dynamic Carbon,100,10,Min-Min,18.919999999999984,168.87549999999993,0.52,0.48,0.7000000000000002,204.81500799501973,0.001465100038331002
Dynamic Carbon,100,10,Max-Min,28.38000000000002,104.78180000000002,1.0,0.0,0.8499999999999995,204.81500799501973,0.0017138999537564814
Dynamic Carbon,100,10,GA,28.38000000000002,94.7403,1.0,0.0,0.8499999999999995,204.81500799501973,0.002285199996549636
Dynamic Carbon,100,10,Classical,25.310000000000006,120.18669999999996,0.85,0.15000000000000002,0.7929999999999998,125.71470677689226,0.003095499996561557
Dynamic Carbon,100,10,Proposed Quantum-Inspired,22.735000000000003,195.96369999999996,0.79,0.20999999999999996,0.6415000000000001,18.833148966649205,0.006470400025136769
Dynamic Carbon,100,11,FCFS,21.004999999999995,182.7741,0.82,0.18000000000000005,0.6249999999999999,6.684870978560469,0.0014712000265717506
Dynamic Carbon,100,11,Round Robin,21.004999999999995,182.7741,0.82,0.18000000000000005,0.6249999999999999,6.684870978560469,0.0012484999606385827
Dynamic Carbon,100,11,Min-Min,17.239999999999988,151.6992,0.49,0.51,0.7000000000000002,186.62847451554651,0.0013732999796047807
Dynamic Carbon,100,11,Max-Min,25.86,96.51090000000002,1.0,0.0,0.8499999999999995,186.62847451554651,0.0013634000206366181
Dynamic Carbon,100,11,GA,25.86,87.41730000000003,1.0,0.0,0.8499999999999995,186.62847451554651,0.0022638000082224607
Dynamic Carbon,100,11,Classical,23.529999999999994,106.50900000000001,0.81,0.18999999999999995,0.8034999999999997,126.59852882241563,0.0031420000013895333
Dynamic Carbon,100,11,Proposed Quantum-Inspired,20.920000000000005,183.31670000000003,0.79,0.20999999999999996,0.6415,10.280442597476044,0.005354999972041696
Dynamic Carbon,100,12,FCFS,22.404999999999994,198.17759999999996,0.86,0.14,0.6249999999999999,9.974968671630002,0.0014626000192947686
Dynamic Carbon,100,12,Round Robin,22.404999999999994,198.17759999999996,0.86,0.14,0.6249999999999999,9.974968671630002,0.0012978000449948013
Dynamic Carbon,100,12,Min-Min,18.559999999999988,165.44729999999993,0.51,0.49,0.7000000000000002,200.91789367798975,0.0014469000161625445
Dynamic Carbon,100,12,Max-Min,27.839999999999996,102.89460000000003,1.0,0.0,0.8499999999999995,200.91789367798975,0.0015021000290289521
Dynamic Carbon,100,12,GA,27.839999999999996,91.65969999999996,1.0,0.0,0.8499999999999995,200.91789367798975,0.0030832000193186104
Dynamic Carbon,100,12,Classical,25.109999999999985,112.15469999999999,0.86,0.14,0.802,132.2043872191842,0.0038119000382721424
Dynamic Carbon,100,12,Proposed Quantum-Inspired,22.619999999999994,190.46950000000012,0.83,0.17000000000000004,0.6339999999999999,18.774983355518586,0.0056025999947451055
Dynamic Carbon,100,13,FCFS,22.484999999999996,200.90570000000005,0.81,0.18999999999999995,0.6249999999999999,6.87386354243376,0.001450900046620518
Dynamic Carbon,100,13,Round Robin,22.484999999999996,200.90570000000005,0.81,0.18999999999999995,0.6249999999999999,6.87386354243376,0.0012764999992214143
Dynamic Carbon,100,13,Min-Min,18.479999999999986,165.25789999999995,0.52,0.48,0.7000000000000002,200.05186827420533,0.0013700999552384019
Dynamic Carbon,100,13,Max-Min,27.72000000000001,102.2418,1.0,0.0,0.8499999999999995,200.05186827420533,0.001336699991952628
Dynamic Carbon,100,13,GA,27.72000000000001,92.8741,1.0,0.0,0.8499999999999995,200.05186827420533,0.0025321999564766884
Dynamic Carbon,100,13,Classical,25.174999999999997,113.42379999999999,0.85,0.15000000000000002,0.8019999999999996,133.3651003823714,0.0034211999736726284
Dynamic Carbon,100,13,Proposed Quantum-Inspired,22.559999999999995,191.84880000000007,0.88,0.12,0.6325,19.30673457630782,0.005088199977762997
Dynamic Carbon,100,14,FCFS,21.57000000000001,183.56870000000006,0.86,0.14,0.6249999999999999,10.173494974687902,0.0012169000110588968
Dynamic Carbon,100,14,Round Robin,21.57000000000001,183.56870000000006,0.86,0.14,0.6249999999999999,10.173494974687902,0.0011969999759458005
Dynamic Carbon,100,14,Min-Min,17.599999999999984,153.95670000000004,0.51,0.49,0.7000000000000002,190.5255888325765,0.0012872000224888325
Dynamic Carbon,100,14,Max-Min,26.400000000000002,98.99570000000001,1.0,0.0,0.8499999999999995,190.5255888325765,0.0016327000339515507
Dynamic Carbon,100,14,GA,26.400000000000002,87.66460000000004,1.0,0.0,0.8499999999999995,190.5255888325765,0.003118599997833371
Dynamic Carbon,100,14,Classical,23.895000000000003,109.64789999999999,0.86,0.14,0.8019999999999999,125.25374245905789,0.0033255000016652048
Dynamic Carbon,100,14,Proposed Quantum-Inspired,21.935000000000006,179.10000000000008,0.82,0.18000000000000005,0.643,21.66794868002045,0.005015900009311736
Dynamic Carbon,100,15,FCFS,21.244999999999997,180.25279999999998,0.83,0.17000000000000004,0.6249999999999999,1.4142135623730951,0.0012733000330626965
Dynamic Carbon,100,15,Round Robin,21.244999999999997,180.25279999999998,0.83,0.17000000000000004,0.6249999999999999,1.4142135623730951,0.001166699978057295
Dynamic Carbon,100,15,Min-Min,17.439999999999987,153.70520000000005,0.46,0.54,0.7000000000000002,188.79353802500762,0.001290899992454797
Dynamic Carbon,100,15,Max-Min,26.160000000000014,97.54320000000001,1.0,0.0,0.8499999999999995,188.79353802500762,0.0015196000458672643
Dynamic Carbon,100,15,GA,26.160000000000014,85.46419999999999,1.0,0.0,0.8499999999999995,188.79353802500762,0.0027853999636135995
Dynamic Carbon,100,15,Classical,23.839999999999993,105.3475,0.81,0.18999999999999995,0.8019999999999999,128.22246293064254,0.003047299978788942
Dynamic Carbon,100,15,Proposed Quantum-Inspired,21.209999999999983,174.52530000000002,0.87,0.13,0.6295000000000001,16.38596960817394,0.005280100042000413
Dynamic Carbon,100,16,FCFS,21.324999999999992,186.56569999999988,0.82,0.18000000000000005,0.6249999999999999,4.636809247747852,0.0012715999619103968
Dynamic Carbon,100,16,Round Robin,21.324999999999992,186.56569999999988,0.82,0.18000000000000005,0.6249999999999999,4.636809247747852,0.0013242000131867826
Dynamic Carbon,100,16,Min-Min,17.599999999999994,158.01379999999992,0.42,0.5800000000000001,0.7000000000000002,190.5255888325765,0.002043300017248839
Dynamic Carbon,100,16,Max-Min,26.4,96.9839,1.0,0.0,0.8499999999999995,190.5255888325765,0.0013908999972045422
Dynamic Carbon,100,16,GA,26.4,86.93319999999994,1.0,0.0,0.8499999999999995,190.5255888325765,0.002410300017800182
Dynamic Carbon,100,16,Classical,23.93499999999999,105.25410000000001,0.82,0.18000000000000005,0.8079999999999997,128.55543551324465,0.0030048000044189394
Dynamic Carbon,100,16,Proposed Quantum-Inspired,21.474999999999994,178.48190000000005,0.78,0.21999999999999997,0.631,14.317821063276353,0.00485830003162846
Dynamic Carbon,100,17,FCFS,22.435000000000002,192.51860000000002,0.84,0.16000000000000003,0.6249999999999999,8.347903928532,0.0012034000246785581
Dynamic Carbon,100,17,Round Robin,22.435000000000002,192.51860000000002,0.84,0.16000000000000003,0.6249999999999999,8.347903928532,0.0011612999951466918
Dynamic Carbon,100,17,Min-Min,18.27999999999999,162.74669999999995,0.48,0.52,0.7000000000000002,197.88680476474423,0.0013061999925412238
Dynamic Carbon,100,17,Max-Min,27.42,101.42450000000001,1.0,0.0,0.8499999999999995,197.88680476474423,0.001284099998883903
Dynamic Carbon,100,17,GA,27.42,91.76830000000004,1.0,0.0,0.8499999999999995,197.88680476474423,0.002161900047212839
Dynamic Carbon,100,17,Classical,24.56,114.81690000000002,0.8,0.19999999999999996,0.8019999999999999,127.84047676694577,0.002945799962617457
Dynamic Carbon,100,17,Proposed Quantum-Inspired,22.059999999999995,200.9314,0.86,0.14,0.6175,23.370654676324325,0.004806699987966567
Dynamic Carbon,100,18,FCFS,21.73999999999999,194.53460000000007,0.86,0.14,0.6249999999999999,8.584142356694699,0.0011885000276379287
Dynamic Carbon,100,18,Round Robin,21.73999999999999,194.53460000000007,0.86,0.14,0.6249999999999999,8.584142356694699,0.001477500016335398
Dynamic Carbon,100,18,Min-Min,18.03999999999999,160.36249999999995,0.6,0.4,0.7000000000000002,195.2887285533909,0.00161800003843382
Dynamic Carbon,100,18,Max-Min,27.06,100.21389999999998,1.0,0.0,0.8499999999999995,195.2887285533909,0.0014367999974638224
Dynamic Carbon,100,18,GA,27.06,90.1189,1.0,0.0,0.8499999999999995,195.2887285533909,0.00235140003496781
Dynamic Carbon,100,18,Classical,24.75499999999999,109.37659999999998,0.9,0.09999999999999998,0.8065000000000001,133.79905642417663,0.003237999975681305
Dynamic Carbon,100,18,Proposed Quantum-Inspired,22.48,189.5597,0.87,0.13,0.6325,25.586861863073402,0.004822399991098791
Dynamic Carbon,100,19,FCFS,21.04500000000001,194.32620000000009,0.81,0.18999999999999995,0.6249999999999999,13.96424004376894,0.0011922999983653426
Dynamic Carbon,100,19,Round Robin,21.04500000000001,194.32620000000009,0.81,0.18999999999999995,0.6249999999999999,13.96424004376894,0.0011538999970071018
Dynamic Carbon,100,19,Min-Min,17.599999999999984,154.07450000000006,0.5,0.5,0.7000000000000002,190.5255888325765,0.0015763999545015395
Dynamic Carbon,100,19,Max-Min,26.4,98.95040000000002,1.0,0.0,0.8499999999999995,190.5255888325765,0.0014971000491641462
Dynamic Carbon,100,19,GA,26.4,90.3101,1.0,0.0,0.8499999999999995,190.5255888325765,0.002349600021261722
Dynamic Carbon,100,19,Classical,23.96999999999998,111.63239999999996,0.84,0.16000000000000003,0.7959999999999998,125.83918308698607,0.003154700039885938
Dynamic Carbon,100,19,Proposed Quantum-Inspired,21.769999999999996,192.53110000000004,0.88,0.12,0.6235,17.507141400011598,0.005173899990040809
Dynamic Carbon,100,20,FCFS,23.04,197.60870000000017,0.81,0.18999999999999995,0.6249999999999999,5.931905258852336,0.0013930000131949782
Dynamic Carbon,100,20,Round Robin,23.04,197.60870000000017,0.81,0.18999999999999995,0.6249999999999999,5.931905258852336,0.0014574999804608524
Dynamic Carbon,100,20,Min-Min,18.83999999999999,169.7224999999999,0.42,0.5800000000000001,0.7000000000000002,203.9489825912353,0.0014750999980606139
Dynamic Carbon,100,20,Max-Min,28.260000000000005,103.6144,1.0,0.0,0.8499999999999995,203.9489825912353,0.001374599989503622
Dynamic Carbon,100,20,GA,28.260000000000005,92.75419999999998,1.0,0.0,0.8499999999999995,203.9489825912353,0.0025144999963231385
Dynamic Carbon,100,20,Classical,25.119999999999987,119.1069,0.79,0.20999999999999996,0.8005,124.4194016220943,0.003160499967634678
Dynamic Carbon,100,20,Proposed Quantum-Inspired,22.770000000000014,186.2703,0.83,0.17000000000000004,0.6415000000000001,21.1704392963396,0.005358499998692423
Dynamic Carbon,100,21,FCFS,21.785,190.99450000000013,0.81,0.18999999999999995,0.6249999999999999,11.96609794377432,0.0012438999838195741
Dynamic Carbon,100,21,Round Robin,21.785,190.99450000000013,0.81,0.18999999999999995,0.6249999999999999,11.96609794377432,0.0015102000324986875
Dynamic Carbon,100,21,Min-Min,17.79999999999999,154.2878,0.56,0.43999999999999995,0.7000000000000002,192.6906523420376,0.0014036999782547355
Dynamic Carbon,100,21,Max-Min,26.700000000000003,100.82660000000001,1.0,0.0,0.8499999999999995,192.6906523420376,0.0013481000205501914
Dynamic Carbon,100,21,GA,26.700000000000003,87.3729,1.0,0.0,0.8499999999999995,192.6906523420376,0.002294100006110966
Dynamic Carbon,100,21,Classical,24.16999999999999,108.58339999999998,0.86,0.14,0.8049999999999998,127.09322365885602,0.003038399969227612
Dynamic Carbon,100,21,Proposed Quantum-Inspired,21.7,176.0093,0.88,0.12,0.6385000000000001,13.06474263045392,0.004871400014963001
Dynamic Carbon,100,22,FCFS,20.625000000000004,175.85450000000006,0.85,0.15000000000000002,0.6249999999999999,15.2540978100968,0.0015415999805554748
Dynamic Carbon,100,22,Round Robin,20.625000000000004,175.85450000000006,0.85,0.15000000000000002,0.6249999999999999,15.2540978100968,0.001319299975875765
Dynamic Carbon,100,22,Min-Min,16.83999999999999,150.84889999999996,0.49,0.51,0.7000000000000002,182.29834749662433,0.0013504000380635262
Dynamic Carbon,100,22,Max-Min,25.260000000000005,92.90029999999994,1.0,0.0,0.8499999999999995,182.29834749662433,0.0013361999881453812
Dynamic Carbon,100,22,GA,25.260000000000005,81.50540000000001,1.0,0.0,0.8499999999999995,182.29834749662433,0.0025564999668858945
Dynamic Carbon,100,22,Classical,23.35000000000001,97.90949999999998,0.87,0.13,0.8139999999999997,130.2523992101489,0.003431099990848452
Dynamic Carbon,100,22,Proposed Quantum-Inspired,20.739999999999995,165.35820000000004,0.79,0.20999999999999996,0.643,12.735285626950029,0.005320900003425777
Dynamic Carbon,100,23,FCFS,21.679999999999996,193.85739999999993,0.83,0.17000000000000004,0.6249999999999999,12.193748398257199,0.001555300026666373
Dynamic Carbon,100,23,Round Robin,21.679999999999996,193.85739999999993,0.83,0.17000000000000004,0.6249999999999999,12.193748398257199,0.0015011000214144588
Dynamic Carbon,100,23,Min-Min,17.639999999999986,155.56899999999996,0.53,0.47,0.7000000000000002,190.95860153446873,0.0015450000064447522
Dynamic Carbon,100,23,Max-Min,26.460000000000008,98.57210000000002,1.0,0.0,0.8499999999999995,190.95860153446873,0.001513600000180304
Dynamic Carbon,100,23,GA,26.460000000000008,90.62840000000004,1.0,0.0,0.8499999999999995,190.95860153446873,0.0025252000195905566
Dynamic Carbon,100,23,Classical,24.099999999999998,109.51619999999994,0.86,0.14,0.7989999999999998,128.26218265724313,0.003534400020726025
Dynamic Carbon,100,23,Proposed Quantum-Inspired,21.989999999999995,181.03500000000008,0.9,0.09999999999999998,0.6459999999999999,21.775846711436962,0.006997200020123273
Dynamic Carbon,100,24,FCFS,22.019999999999982,189.97050000000007,0.88,0.12,0.6249999999999999,8.926785535678562,0.0016624999698251486
Dynamic Carbon,100,24,Round Robin,22.019999999999982,189.97050000000007,0.88,0.12,0.6249999999999999,8.926785535678562,0.0016025000368244946
Dynamic Carbon,100,24,Min-Min,18.119999999999997,162.11029999999994,0.57,0.43000000000000005,0.7000000000000002,196.15475395717536,0.0016642999835312366
Dynamic Carbon,100,24,Max-Min,27.17999999999999,100.1579,1.0,0.0,0.8499999999999995,196.15475395717536,0.0015676000039093196
Dynamic Carbon,100,24,GA,27.17999999999999,89.66290000000001,1.0,0.0,0.8499999999999995,196.15475395717536,0.0029365000082179904
Dynamic Carbon,100,24,Classical,24.60499999999998,111.3,0.84,0.16000000000000003,0.805,128.51921062627176,0.00435740000102669
Dynamic Carbon,100,24,Proposed Quantum-Inspired,22.58999999999999,175.19050000000004,0.88,0.12,0.6535,23.466731770743024,0.005560999969020486
Dynamic Carbon,100,25,FCFS,21.985,195.1808000000001,0.83,0.17000000000000004,0.6249999999999999,4.031128874149275,0.0012798000243492424
Dynamic Carbon,100,25,Round Robin,21.985,195.1808000000001,0.83,0.17000000000000004,0.6249999999999999,4.031128874149275,0.0012009000056423247
Dynamic Carbon,100,25,Min-Min,17.99999999999999,161.41539999999998,0.54,0.45999999999999996,0.7000000000000002,194.8557158514987,0.0017584000015631318
Dynamic Carbon,100,25,Max-Min,26.999999999999993,99.33779999999996,1.0,0.0,0.8499999999999995,194.8557158514987,0.0014541000127792358
Dynamic Carbon,100,25,GA,26.999999999999993,91.18230000000001,1.0,0.0,0.8499999999999995,194.8557158514987,0.0024842999991960824
Dynamic Carbon,100,25,Classical,24.63499999999999,109.99159999999999,0.85,0.15000000000000002,0.8035,133.3163530854336,0.0032144999713636935
Dynamic Carbon,100,25,Proposed Quantum-Inspired,21.890000000000004,178.45049999999998,0.8,0.19999999999999996,0.652,29.778347838656195,0.005577799980528653
Dynamic Carbon,100,26,FCFS,22.124999999999996,195.39020000000005,0.83,0.17000000000000004,0.6249999999999999,7.292976072907411,0.001324900018516928
Dynamic Carbon,100,26,Round Robin,22.124999999999996,195.39020000000005,0.83,0.17000000000000004,0.6249999999999999,7.292976072907411,0.0013358000433072448
Dynamic Carbon,100,26,Min-Min,18.119999999999994,159.7166,0.58,0.42000000000000004,0.7000000000000002,196.15475395717536,0.0016242999699898064
Dynamic Carbon,100,26,Max-Min,27.179999999999993,101.32190000000001,1.0,0.0,0.8499999999999995,196.15475395717536,0.0015394000220112503
Dynamic Carbon,100,26,GA,27.179999999999993,91.6067,1.0,0.0,0.8499999999999995,196.15475395717536,0.002659299992956221
Dynamic Carbon,100,26,Classical,24.239999999999995,115.60749999999999,0.82,0.18000000000000005,0.7959999999999999,124.97474744923471,0.00394710002001375
Dynamic Carbon,100,26,Proposed Quantum-Inspired,21.714999999999996,194.20280000000008,0.79,0.20999999999999996,0.628,17.76759691123141,0.005814900039695203
Dynamic Carbon,100,27,FCFS,22.040000000000006,201.82350000000002,0.81,0.18999999999999995,0.6249999999999999,6.684870978560469,0.0013140999944880605
Dynamic Carbon,100,27,Round Robin,22.040000000000006,201.82350000000002,0.81,0.18999999999999995,0.6249999999999999,6.684870978560469,0.0012245000107213855
Dynamic Carbon,100,27,Min-Min,18.199999999999985,161.90149999999997,0.42,0.5800000000000001,0.7000000000000002,197.02077936095978,0.0015085999621078372
Dynamic Carbon,100,27,Max-Min,27.300000000000004,101.05710000000002,1.0,0.0,0.8499999999999995,197.02077936095978,0.0014604000025428832
Dynamic Carbon,100,27,GA,27.300000000000004,93.03340000000004,1.0,0.0,0.8499999999999995,197.02077936095978,0.00242979999165982
Dynamic Carbon,100,27,Classical,24.199999999999996,119.12619999999995,0.77,0.22999999999999998,0.796,123.25253547087785,0.0031631000456400216
Dynamic Carbon,100,27,Proposed Quantum-Inspired,21.8,202.22250000000005,0.81,0.18999999999999995,0.6144999999999999,18.73999733191016,0.005073000036645681
Dynamic Carbon,100,28,FCFS,19.814999999999994,170.49540000000007,0.85,0.15000000000000002,0.6249999999999999,7.794228634059948,0.0014491999754682183
Dynamic Carbon,100,28,Round Robin,19.814999999999994,170.49540000000007,0.85,0.15000000000000002,0.6249999999999999,7.794228634059948,0.0015360999968834221
Dynamic Carbon,100,28,Min-Min,16.079999999999984,140.01929999999993,0.55,0.44999999999999996,0.7000000000000002,174.07110616067217,0.0014581999857909977
Dynamic Carbon,100,28,Max-Min,24.11999999999999,90.71719999999996,1.0,0.0,0.8499999999999995,174.07110616067217,0.001365399977657944
Dynamic Carbon,100,28,GA,24.11999999999999,81.336,1.0,0.0,0.8499999999999995,174.07110616067217,0.0024609999964013696
Dynamic Carbon,100,28,Classical,22.63999999999999,92.47169999999998,0.92,0.07999999999999996,0.8199999999999996,134.77666712009167,0.003209899994544685
Dynamic Carbon,100,28,Proposed Quantum-Inspired,19.47,168.20159999999998,0.85,0.15000000000000002,0.6415,13.518505834595775,0.005670799990184605
Dynamic Carbon,100,29,FCFS,22.764999999999993,201.94570000000004,0.86,0.14,0.6249999999999999,11.519006033508273,0.0014238000148907304
Dynamic Carbon,100,29,Round Robin,22.764999999999993,201.94570000000004,0.86,0.14,0.6249999999999999,11.519006033508273,0.0016614000196568668
Dynamic Carbon,100,29,Min-Min,18.759999999999984,169.36460000000002,0.6,0.4,0.7000000000000002,203.08295718745086,0.0014452000032179058
Dynamic Carbon,100,29,Max-Min,28.14000000000001,102.96350000000001,1.0,0.0,0.8499999999999995,203.08295718745086,0.0014052999904379249
Dynamic Carbon,100,29,GA,28.14000000000001,95.03670000000005,1.0,0.0,0.8499999999999995,203.08295718745086,0.002393100003246218
Dynamic Carbon,100,29,Classical,25.15999999999999,117.5897,0.82,0.18000000000000005,0.7944999999999999,130.48251798612716,0.003058200003579259
Dynamic Carbon,100,29,Proposed Quantum-Inspired,23.73999999999999,193.9675,0.88,0.12,0.6474999999999999,31.63364506344471,0.005050500039942563
Dynamic Carbon,250,0,FCFS,54.85500000000001,464.40119999999973,0.832,0.16800000000000004,0.6237999999999999,8.774964387392123,0.00355890003265813
Dynamic Carbon,250,0,Round Robin,54.85500000000001,464.40119999999973,0.832,0.16800000000000004,0.6237999999999999,8.774964387392123,0.0031294000218622386
Dynamic Carbon,250,0,Min-Min,44.799999999999955,399.30749999999966,0.496,0.504,0.7,484.9742261192856,0.0035410000127740204
Dynamic Carbon,250,0,Max-Min,67.19999999999996,248.34730000000005,1.0,0.0,0.8499999999999998,484.9742261192856,0.0033703999943099916
Dynamic Carbon,250,0,GA,67.19999999999996,219.45969999999988,1.0,0.0,0.8499999999999998,484.9742261192856,0.006137999997008592
Dynamic Carbon,250,0,Classical,53.31999999999999,387.19859999999983,0.684,0.31599999999999995,0.706,162.2051170586181,0.008490700041875243
Dynamic Carbon,250,0,Proposed Quantum-Inspired,53.93499999999998,475.39820000000014,0.836,0.16400000000000003,0.6088000000000001,32.53459696999488,0.014219800010323524
Dynamic Carbon,250,1,FCFS,52.36000000000002,465.56280000000004,0.792,0.20799999999999996,0.6237999999999999,17.76759691123141,0.0032504999544471502
Dynamic Carbon,250,1,Round Robin,52.36000000000002,465.56280000000004,0.792,0.20799999999999996,0.6237999999999999,17.76759691123141,0.003604700032155961
Dynamic Carbon,250,1,Min-Min,43.07999999999993,376.23570000000007,0.492,0.508,0.7,466.3546799379202,0.0036831999896094203
Dynamic Carbon,250,1,Max-Min,64.61999999999996,242.64679999999996,1.0,0.0,0.8499999999999998,466.3546799379202,0.0040265999850817025
Dynamic Carbon,250,1,GA,64.61999999999996,218.20919999999998,1.0,0.0,0.8499999999999998,466.3546799379202,0.006520900002215058
Dynamic Carbon,250,1,Classical,51.07500000000002,381.83789999999993,0.62,0.38,0.7005999999999999,171.0590175933441,0.008230100036598742
Dynamic Carbon,250,1,Proposed Quantum-Inspired,51.24499999999999,463.08740000000006,0.788,0.21199999999999997,0.6232000000000001,58.3839661208452,0.013844400004018098
Dynamic Carbon,250,2,FCFS,54.82500000000001,480.9924000000004,0.804,0.19599999999999995,0.6237999999999999,9.256754290786809,0.003280000004451722
Dynamic Carbon,250,2,Round Robin,54.82500000000001,480.9924000000004,0.804,0.19599999999999995,0.6237999999999999,9.256754290786809,0.0034452000400051475
Dynamic Carbon,250,2,Min-Min,45.07999999999994,401.0722,0.5,0.5,0.7,488.0053150325312,0.0038870000280439854
Dynamic Carbon,250,2,Max-Min,67.62,250.29020000000025,1.0,0.0,0.8499999999999998,488.0053150325312,0.003795200027525425
Dynamic Carbon,250,2,GA,67.62,227.43010000000004,1.0,0.0,0.8499999999999998,488.0053150325312,0.006471600034274161
Dynamic Carbon,250,2,Classical,53.60999999999998,404.27150000000023,0.688,0.31200000000000006,0.7035999999999999,165.69908720327942,0.009136200009379536
Dynamic Carbon,250,2,Proposed Quantum-Inspired,55.0,473.12690000000026,0.812,0.18799999999999994,0.622,26.479945241635225,0.014377300045453012
Dynamic Carbon,250,3,FCFS,53.91,477.55679999999995,0.848,0.15200000000000002,0.6237999999999999,9.883698700385398,0.003223300038371235
Dynamic Carbon,250,3,Round Robin,53.91,477.55679999999995,0.848,0.15200000000000002,0.6237999999999999,9.883698700385398,0.003958999994210899
Dynamic Carbon,250,3,Min-Min,44.439999999999934,393.9995,0.552,0.44799999999999995,0.7,481.0771118022557,0.0037506999797187746
Dynamic Carbon,250,3,Max-Min,66.66000000000001,247.40230000000003,1.0,0.0,0.8499999999999998,481.0771118022557,0.0037392000085674226
Dynamic Carbon,250,3,GA,66.66000000000001,225.47239999999982,1.0,0.0,0.8499999999999998,481.0771118022557,0.00613829999929294
Dynamic Carbon,250,3,Classical,53.39499999999996,384.00800000000004,0.736,0.264,0.7155999999999999,176.88325952446715,0.009336000017356128
Dynamic Carbon,250,3,Proposed Quantum-Inspired,55.359999999999985,455.5796000000002,0.872,0.128,0.6267999999999999,51.85737652446371,0.014511499961372465
Dynamic Carbon,250,4,FCFS,56.069999999999986,494.8402999999998,0.836,0.16400000000000003,0.6237999999999999,13.24764129949177,0.003377599990926683
Dynamic Carbon,250,4,Round Robin,56.069999999999986,494.8402999999998,0.836,0.16400000000000003,0.6237999999999999,13.24764129949177,0.003499699989333749
Dynamic Carbon,250,4,Min-Min,46.23999999999994,410.58520000000004,0.536,0.46399999999999997,0.7,500.5626833874055,0.003991199948359281
Dynamic Carbon,250,4,Max-Min,69.36,257.128,1.0,0.0,0.8499999999999998,500.5626833874055,0.0034100000048056245
Dynamic Carbon,250,4,GA,69.36,231.85349999999994,1.0,0.0,0.8499999999999998,500.5626833874055,0.006686699984129518
Dynamic Carbon,250,4,Classical,55.194999999999986,414.17469999999986,0.72,0.28,0.6963999999999999,156.26099961282725,0.008741899975575507
Dynamic Carbon,250,4,Proposed Quantum-Inspired,55.355000000000004,501.9429,0.828,0.17200000000000004,0.622,52.407060593015515,0.012987099995370954
Dynamic Carbon,250,5,FCFS,56.329999999999984,488.04050000000035,0.852,0.14800000000000002,0.6237999999999999,13.619838471876236,0.003208799986168742
Dynamic Carbon,250,5,Round Robin,56.329999999999984,488.04050000000035,0.852,0.14800000000000002,0.6237999999999999,13.619838471876236,0.0039255000301636755
Dynamic Carbon,250,5,Min-Min,46.07999999999994,406.06540000000007,0.548,0.45199999999999996,0.7,498.8306325798367,0.003755199955776334
Dynamic Carbon,250,5,Max-Min,69.11999999999999,257.77850000000007,1.0,0.0,0.8499999999999998,498.8306325798367,0.003467600035946816
Dynamic Carbon,250,5,GA,69.11999999999999,232.70799999999997,1.0,0.0,0.8499999999999998,498.8306325798367,0.006279200024437159
Dynamic Carbon,250,5,Classical,54.89500000000001,415.24680000000035,0.7,0.30000000000000004,0.7011999999999999,164.54634605484256,0.008105100016109645
Dynamic Carbon,250,5,Proposed Quantum-Inspired,55.78999999999998,486.32259999999997,0.872,0.128,0.6322000000000001,23.108440016582687,0.01355360000161454
Dynamic Carbon,250,6,FCFS,54.04499999999998,476.2490000000001,0.82,0.18000000000000005,0.6237999999999999,21.24852936087578,0.003166500013321638
Dynamic Carbon,250,6,Round Robin,54.04499999999998,476.2490000000001,0.82,0.18000000000000005,0.6237999999999999,21.24852936087578,0.0035429999697953463
Dynamic Carbon,250,6,Min-Min,44.63999999999994,394.82750000000004,0.496,0.504,0.7,483.2421753117168,0.003897800052072853
Dynamic Carbon,250,6,Max-Min,66.95999999999997,248.96420000000012,1.0,0.0,0.8499999999999998,483.2421753117168,0.003581099968869239
Dynamic Carbon,250,6,GA,66.95999999999997,219.1758,1.0,0.0,0.8499999999999998,483.2421753117168,0.006313199992291629
Dynamic Carbon,250,6,Classical,53.04999999999999,381.05929999999984,0.684,0.31599999999999995,0.7065999999999999,170.94004797004123,0.008675299992319196
Dynamic Carbon,250,6,Proposed Quantum-Inspired,54.65999999999997,455.77809999999994,0.828,0.17200000000000004,0.6297999999999999,34.18332927027442,0.014052600017748773
Dynamic Carbon,250,7,FCFS,52.995000000000005,460.1788000000001,0.812,0.18799999999999994,0.6237999999999999,8.926785535678562,0.003315499983727932
Dynamic Carbon,250,7,Round Robin,52.995000000000005,460.1788000000001,0.812,0.18799999999999994,0.6237999999999999,8.926785535678562,0.0030453999643214047
Dynamic Carbon,250,7,Min-Min,43.639999999999915,387.82649999999995,0.52,0.48,0.7,472.4168577644113,0.0033559000003151596
Dynamic Carbon,250,7,Max-Min,65.45999999999997,242.46400000000017,1.0,0.0,0.8499999999999998,472.4168577644113,0.003928399994038045
Dynamic Carbon,250,7,GA,65.45999999999997,217.0961,1.0,0.0,0.8499999999999998,472.4168577644113,0.006011000019498169
Dynamic Carbon,250,7,Classical,52.13999999999996,368.8495999999998,0.7,0.30000000000000004,0.7138,171.25036496311475,0.00820510002085939
Dynamic Carbon,250,7,Proposed Quantum-Inspired,53.624999999999964,463.89910000000043,0.824,0.17600000000000005,0.6255999999999999,22.117583502724706,0.014652899990323931
Dynamic Carbon,250,8,FCFS,56.11999999999992,497.875,0.808,0.19199999999999995,0.6237999999999999,16.13032857693854,0.004106900014448911
Dynamic Carbon,250,8,Round Robin,56.11999999999992,497.875,0.808,0.19199999999999995,0.6237999999999999,16.13032857693854,0.0034191999584436417
Dynamic Carbon,250,8,Min-Min,46.03999999999995,406.76920000000007,0.444,0.556,0.7,498.39761987794446,0.003489399969112128
Dynamic Carbon,250,8,Max-Min,69.05999999999997,257.01610000000016,1.0,0.0,0.8499999999999998,498.39761987794446,0.0035208999761380255
Dynamic Carbon,250,8,GA,69.05999999999997,230.98880000000005,1.0,0.0,0.8499999999999998,498.39761987794446,0.006361599953379482
Dynamic Carbon,250,8,Classical,54.524999999999984,415.41489999999993,0.624,0.376,0.7078,173.6251349891484,0.008158900018315762
Dynamic Carbon,250,8,Proposed Quantum-Inspired,55.499999999999986,494.0024000000002,0.824,0.17600000000000005,0.628,33.7888665095472,0.014415799989365041
Dynamic Carbon,250,9,FCFS,56.39,491.9496000000002,0.828,0.17200000000000004,0.6237999999999999,19.188212527486765,0.0033000000403262675
Dynamic Carbon,250,9,Round Robin,56.39,491.9496000000002,0.828,0.17200000000000004,0.6237999999999999,19.188212527486765,0.003643499978352338
Dynamic Carbon,250,9,Min-Min,46.35999999999994,407.79879999999997,0.556,0.44399999999999995,0.7,501.8617214930822,0.0035158999962732196
Dynamic Carbon,250,9,Max-Min,69.54,259.72190000000006,1.0,0.0,0.8499999999999998,501.8617214930822,0.0037543000071309507
Dynamic Carbon,250,9,GA,69.54,230.44339999999988,1.0,0.0,0.8499999999999998,501.8617214930822,0.005607800034340471
Dynamic Carbon,250,9,Classical,54.899999999999956,410.6425999999998,0.664,0.33599999999999997,0.6988,162.77803138015892,0.008117199991829693
Dynamic Carbon,250,9,Proposed Quantum-Inspired,56.23499999999998,506.0162000000001,0.82,0.18000000000000005,0.6106,32.797675222491,0.013236000027973205
Dynamic Carbon,250,10,FCFS,55.98999999999997,488.99810000000065,0.84,0.16000000000000003,0.6237999999999999,27.459060435491963,0.003435300022829324
Dynamic Carbon,250,10,Round Robin,55.98999999999997,488.99810000000065,0.84,0.16000000000000003,0.6237999999999999,27.459060435491963,0.003118299995549023
Dynamic Carbon,250,10,Min-Min,45.75999999999996,405.8482000000002,0.532,0.46799999999999997,0.7,495.3665309646989,0.0038049000431783497
Dynamic Carbon,250,10,Max-Min,68.63999999999999,254.68440000000012,1.0,0.0,0.8499999999999998,495.3665309646989,0.0039524000021629035
Dynamic Carbon,250,10,GA,68.63999999999999,230.66769999999994,1.0,0.0,0.8499999999999998,495.3665309646989,0.005779300001449883
Dynamic Carbon,250,10,Classical,54.315000000000055,417.27740000000006,0.668,0.33199999999999996,0.6928,160.06404968012023,0.007900900032836944
Dynamic Carbon,250,10,Proposed Quantum-Inspired,55.15999999999995,490.81360000000006,0.8,0.19999999999999996,0.6286,36.88495628301598,0.013150000013411045
Dynamic Carbon,250,11,FCFS,54.154999999999944,473.0990000000003,0.824,0.17600000000000005,0.6237999999999999,6.609652033201143,0.0036046999739483
Dynamic Carbon,250,11,Round Robin,54.154999999999944,473.0990000000003,0.824,0.17600000000000005,0.6237999999999999,6.609652033201143,0.003198099962901324
Dynamic Carbon,250,11,Min-Min,44.43999999999993,392.1329,0.524,0.476,0.7,481.0771118022557,0.003720099979545921
Dynamic Carbon,250,11,Max-Min,66.65999999999994,248.3030000000001,1.0,0.0,0.8499999999999998,481.0771118022557,0.00362539995694533
Dynamic Carbon,250,11,GA,66.65999999999994,221.4011000000001,1.0,0.0,0.8499999999999998,481.0771118022557,0.005888099956791848
Dynamic Carbon,250,11,Classical,52.91,386.5955000000003,0.664,0.33599999999999997,0.7029999999999998,172.07901528077153,0.00793399999383837
Dynamic Carbon,250,11,Proposed Quantum-Inspired,54.405000000000015,462.12969999999996,0.84,0.16000000000000003,0.6316000000000002,12.07010770457331,0.01394800003618002
Dynamic Carbon,250,12,FCFS,55.46499999999996,492.29779999999977,0.86,0.14,0.6237999999999999,19.48557158514987,0.003166500013321638
Dynamic Carbon,250,12,Round Robin,55.46499999999996,492.29779999999977,0.86,0.14,0.6237999999999999,19.48557158514987,0.003060599963646382
Dynamic Carbon,250,12,Min-Min,45.71999999999994,408.3452,0.5,0.5,0.7,494.9335182628067,0.0037382000009529293
Dynamic Carbon,250,12,Max-Min,68.57999999999998,253.06840000000017,1.0,0.0,0.8499999999999998,494.9335182628067,0.0038101999671198428
Dynamic Carbon,250,12,GA,68.57999999999998,228.5996,1.0,0.0,0.8499999999999998,494.9335182628067,0.005659600021317601
Dynamic Carbon,250,12,Classical,54.23999999999998,405.3388000000001,0.66,0.33999999999999997,0.6963999999999999,163.10943412322905,0.008476599992718548
Dynamic Carbon,250,12,Proposed Quantum-Inspired,56.53500000000001,464.3721999999997,0.848,0.15200000000000002,0.64,46.25675626327467,0.01407519995700568
Dynamic Carbon,250,13,FCFS,56.98999999999998,499.24050000000005,0.82,0.18000000000000005,0.6237999999999999,8.728545125048045,0.0031858000438660383
Dynamic Carbon,250,13,Round Robin,56.98999999999998,499.24050000000005,0.82,0.18000000000000005,0.6237999999999999,8.728545125048045,0.003543200029525906
Dynamic Carbon,250,13,Min-Min,46.759999999999906,418.84720000000027,0.5,0.5,0.7,506.1918485120044,0.003382099966984242
Dynamic Carbon,250,13,Max-Min,70.14000000000004,258.22180000000014,1.0,0.0,0.8499999999999998,506.1918485120044,0.0037111000274308026
Dynamic Carbon,250,13,GA,70.14000000000004,232.69999999999976,1.0,0.0,0.8499999999999998,506.1918485120044,0.005984599993098527
Dynamic Carbon,250,13,Classical,55.30999999999997,424.2641999999999,0.672,0.32799999999999996,0.6898,146.66522253076903,0.007989100005943328
Dynamic Carbon,250,13,Proposed Quantum-Inspired,56.70999999999996,489.2012,0.84,0.16000000000000003,0.6352000000000001,22.77471185328148,0.013397699978668243
Dynamic Carbon,250,14,FCFS,55.430000000000014,465.36970000000025,0.844,0.15600000000000003,0.6237999999999999,17.014699527173555,0.003220300015527755
Dynamic Carbon,250,14,Round Robin,55.430000000000014,465.36970000000025,0.844,0.15600000000000003,0.6237999999999999,17.014699527173555,0.0034179999493062496
Dynamic Carbon,250,14,Min-Min,45.279999999999944,400.4462000000002,0.528,0.472,0.7,490.17037854199225,0.0036931000067852437
Dynamic Carbon,250,14,Max-Min,67.91999999999992,252.5603000000001,1.0,0.0,0.8499999999999998,490.17037854199225,0.003474000026471913
Dynamic Carbon,250,14,GA,67.91999999999992,223.20600000000002,1.0,0.0,0.8499999999999998,490.17037854199225,0.00621100002899766
Dynamic Carbon,250,14,Classical,54.58000000000002,376.6855,0.72,0.28,0.7168,177.20468391100727,0.008452500042039901
Dynamic Carbon,250,14,Proposed Quantum-Inspired,55.509999999999984,462.1393000000001,0.808,0.19199999999999995,0.6382000000000001,29.58039891549808,0.013438800000585616
Dynamic Carbon,250,15,FCFS,57.129999999999974,491.8239000000002,0.86,0.14,0.6237999999999999,7.790218225441442,0.0036681999918073416
Dynamic Carbon,250,15,Round Robin,57.129999999999974,491.8239000000002,0.86,0.14,0.6237999999999999,7.790218225441442,0.0031980000203475356
Dynamic Carbon,250,15,Min-Min,46.75999999999996,418.66430000000014,0.504,0.496,0.7,506.1918485120044,0.0036743999808095396
Dynamic Carbon,250,15,Max-Min,70.13999999999993,258.29520000000014,1.0,0.0,0.8499999999999998,506.1918485120044,0.0034709000028669834
Dynamic Carbon,250,15,GA,70.13999999999993,231.30009999999993,1.0,0.0,0.8499999999999998,506.1918485120044,0.006315200007520616
Dynamic Carbon,250,15,Classical,55.40000000000002,420.2743,0.668,0.33199999999999996,0.6898,153.76016226578326,0.008681900042574853
Dynamic Carbon,250,15,Proposed Quantum-Inspired,55.94000000000001,491.88839999999976,0.816,0.18400000000000005,0.622,37.9366247839736,0.014259700023103505
Dynamic Carbon,250,16,FCFS,55.77499999999999,490.89790000000005,0.824,0.17600000000000005,0.6237999999999999,11.903255857117413,0.0032076999777927995
Dynamic Carbon,250,16,Round Robin,55.77499999999999,490.89790000000005,0.824,0.17600000000000005,0.6237999999999999,11.903255857117413,0.0033725000103004277
Dynamic Carbon,250,16,Min-Min,46.03999999999997,412.0142,0.444,0.556,0.7,498.39761987794446,0.0037648999714292586
Dynamic Carbon,250,16,Max-Min,69.05999999999999,254.41600000000017,1.0,0.0,0.8499999999999998,498.39761987794446,0.003951400052756071
Dynamic Carbon,250,16,GA,69.05999999999999,228.72290000000012,1.0,0.0,0.8499999999999998,498.39761987794446,0.006109599955379963
Dynamic Carbon,250,16,Classical,54.56500000000001,409.31019999999984,0.624,0.376,0.6988,164.0386768417741,0.007646700018085539
Dynamic Carbon,250,16,Proposed Quantum-Inspired,55.83999999999997,462.9064,0.76,0.24,0.643,55.30992225631853,0.01416269998298958
Dynamic Carbon,250,17,FCFS,54.13000000000003,477.4792999999996,0.844,0.15600000000000003,0.6237999999999999,3.082207001484488,0.0032928999862633646
Dynamic Carbon,250,17,Round Robin,54.13000000000003,477.4792999999996,0.844,0.15600000000000003,0.6237999999999999,3.082207001484488,0.0031817000126466155
Dynamic Carbon,250,17,Min-Min,44.47999999999993,392.2180999999999,0.508,0.492,0.7,481.5101245041479,0.003424599999561906
Dynamic Carbon,250,17,Max-Min,66.72,248.68610000000012,1.0,0.0,0.8499999999999998,481.5101245041479,0.0037555000162683427
Dynamic Carbon,250,17,GA,66.72,224.25689999999997,1.0,0.0,0.8499999999999998,481.5101245041479,0.006193400011397898
Dynamic Carbon,250,17,Classical,52.785000000000025,393.0784999999999,0.656,0.344,0.7065999999999999,174.07326043939085,0.008717600023373961
Dynamic Carbon,250,17,Proposed Quantum-Inspired,54.30000000000001,475.5076000000002,0.852,0.14800000000000002,0.6292,14.439529078193651,0.01397610001731664
Dynamic Carbon,250,18,FCFS,56.444999999999986,492.4031000000004,0.876,0.124,0.6237999999999999,11.20267825120404,0.003526100015733391
Dynamic Carbon,250,18,Round Robin,56.444999999999986,492.4031000000004,0.876,0.124,0.6237999999999999,11.20267825120404,0.0033047000179067254
Dynamic Carbon,250,18,Min-Min,46.39999999999995,414.5678000000004,0.576,0.42400000000000004,0.7,502.2947341949744,0.0037734000361524522
Dynamic Carbon,250,18,Max-Min,69.59999999999997,256.7265000000001,1.0,0.0,0.8499999999999998,502.2947341949744,0.003512199968099594
Dynamic Carbon,250,18,GA,69.59999999999997,230.93,1.0,0.0,0.8499999999999998,502.2947341949744,0.005847300053574145
Dynamic Carbon,250,18,Classical,55.78999999999999,392.4334000000001,0.72,0.28,0.7155999999999999,182.4883557929108,0.008225300000049174
Dynamic Carbon,250,18,Proposed Quantum-Inspired,57.60500000000002,493.2138000000001,0.86,0.14,0.6166,49.48232007495202,0.014093300036620349
Dynamic Carbon,250,19,FCFS,54.66500000000001,477.75920000000025,0.828,0.17200000000000004,0.6237999999999999,16.80029761641144,0.003453899989835918
Dynamic Carbon,250,19,Round Robin,54.66500000000001,477.75920000000025,0.828,0.17200000000000004,0.6237999999999999,16.80029761641144,0.003351900028064847
Dynamic Carbon,250,19,Min-Min,45.199999999999925,399.1871,0.496,0.504,0.7,489.30435313820783,0.0037375999963842332
Dynamic Carbon,250,19,Max-Min,67.8,252.38440000000014,1.0,0.0,0.8499999999999998,489.30435313820783,0.004395600000862032
Dynamic Carbon,250,19,GA,67.8,224.09909999999985,1.0,0.0,0.8499999999999998,489.30435313820783,0.006278199958615005
Dynamic Carbon,250,19,Classical,53.369999999999976,398.32530000000014,0.64,0.36,0.697,171.88149987709556,0.007803799991961569
Dynamic Carbon,250,19,Proposed Quantum-Inspired,55.919999999999966,471.24949999999995,0.848,0.15200000000000002,0.6244,31.212978070027216,0.013040299993008375
Dynamic Carbon,250,20,FCFS,57.40500000000003,508.4592000000001,0.804,0.19599999999999995,0.6237999999999999,12.891373084353738,0.003787500027101487
Dynamic Carbon,250,20,Round Robin,57.40500000000003,508.4592000000001,0.804,0.19599999999999995,0.6237999999999999,12.891373084353738,0.0033765999833121896
Dynamic Carbon,250,20,Min-Min,47.15999999999996,425.6205000000001,0.452,0.548,0.7,510.52197553092657,0.003807600005529821
Dynamic Carbon,250,20,Max-Min,70.73999999999998,258.8409000000001,1.0,0.0,0.8499999999999998,510.52197553092657,0.00370260002091527
Dynamic Carbon,250,20,GA,70.73999999999998,235.81519999999995,1.0,0.0,0.8499999999999998,510.52197553092657,0.006185600010212511
Dynamic Carbon,250,20,Classical,55.74,424.05429999999996,0.62,0.38,0.6945999999999999,168.43006709017249,0.007902200042735785
Dynamic Carbon,250,20,Proposed Quantum-Inspired,56.36500000000003,493.72430000000037,0.8,0.19999999999999996,0.634,53.49006917176309,0.013784000009763986
Dynamic Carbon,250,21,FCFS,53.37999999999996,473.74799999999993,0.86,0.14,0.6237999999999999,11.07925990308017,0.0033125000190921128
Dynamic Carbon,250,21,Round Robin,53.37999999999996,473.74799999999993,0.86,0.14,0.6237999999999999,11.07925990308017,0.0029409999842755497
Dynamic Carbon,250,21,Min-Min,43.91999999999995,386.5401999999999,0.548,0.45199999999999996,0.7,475.44794667765683,0.003810799971688539
Dynamic Carbon,250,21,Max-Min,65.87999999999997,245.91550000000004,1.0,0.0,0.8499999999999998,475.44794667765683,0.0036706000100821257
Dynamic Carbon,250,21,GA,65.87999999999997,220.19489999999993,1.0,0.0,0.8499999999999998,475.44794667765683,0.005853399983607233
Dynamic Carbon,250,21,Classical,52.290000000000006,391.7785999999999,0.708,0.29200000000000004,0.7005999999999999,157.1138122508648,0.007734199985861778
Dynamic Carbon,250,21,Proposed Quantum-Inspired,54.024999999999956,448.2673000000001,0.84,0.16000000000000003,0.6424,28.85740806101615,0.013592299947049469
Dynamic Carbon,250,22,FCFS,55.02999999999997,485.9840999999997,0.84,0.16000000000000003,0.6237999999999999,14.972892172189045,0.0033674000296741724
Dynamic Carbon,250,22,Round Robin,55.02999999999997,485.9840999999997,0.84,0.16000000000000003,0.6237999999999999,14.972892172189045,0.003029200015589595
Dynamic Carbon,250,22,Min-Min,45.39999999999998,405.2847,0.548,0.45199999999999996,0.7,491.46941664766894,0.0035341999609954655
Dynamic Carbon,250,22,Max-Min,68.09999999999991,251.34780000000006,1.0,0.0,0.8499999999999998,491.46941664766894,0.0034457999863661826
Dynamic Carbon,250,22,GA,68.09999999999991,225.0752999999999,1.0,0.0,0.8499999999999998,491.46941664766894,0.005937999987509102
Dynamic Carbon,250,22,Classical,54.255000000000024,405.30589999999984,0.728,0.272,0.6921999999999998,135.64913379745556,0.007624700025189668
Dynamic Carbon,250,22,Proposed Quantum-Inspired,55.54499999999999,467.3920999999999,0.836,0.16400000000000003,0.6364,17.36915369268175,0.012585899967234582
Dynamic Carbon,250,23,FCFS,52.115,460.34400000000045,0.848,0.15200000000000002,0.6237999999999999,9.86154146165801,0.0030376000213436782
Dynamic Carbon,250,23,Round Robin,52.115,460.34400000000045,0.848,0.15200000000000002,0.6237999999999999,9.86154146165801,0.0034746999735943973
Dynamic Carbon,250,23,Min-Min,42.79999999999995,381.36510000000004,0.54,0.45999999999999996,0.7,463.32359102467467,0.0033521000295877457
Dynamic Carbon,250,23,Max-Min,64.19999999999995,237.26730000000018,1.0,0.0,0.8499999999999998,463.32359102467467,0.0032727999496273696
Dynamic Carbon,250,23,GA,64.19999999999995,214.3388999999999,1.0,0.0,0.8499999999999998,463.32359102467467,0.005564999999478459
Dynamic Carbon,250,23,Classical,51.23499999999997,365.15199999999993,0.684,0.31599999999999995,0.7108,169.13086649101044,0.008360999985598028
Dynamic Carbon,250,23,Proposed Quantum-Inspired,52.25999999999997,444.06600000000014,0.864,0.136,0.6316,11.324751652906125,0.013787300034891814
Dynamic Carbon,250,24,FCFS,55.23999999999997,483.8870000000002,0.88,0.12,0.6237999999999999,18.9917745353087,0.003385899995919317
Dynamic Carbon,250,24,Round Robin,55.23999999999997,483.8870000000002,0.88,0.12,0.6237999999999999,18.9917745353087,0.0033451999770477414
Dynamic Carbon,250,24,Min-Min,45.31999999999993,401.08549999999997,0.568,0.43200000000000005,0.7,490.6033912438845,0.0033539000432938337
Dynamic Carbon,250,24,Max-Min,67.97999999999993,252.65870000000012,1.0,0.0,0.8499999999999998,490.6033912438845,0.0039450000040233135
Dynamic Carbon,250,24,GA,67.97999999999993,225.00439999999992,1.0,0.0,0.8499999999999998,490.6033912438845,0.006098699988797307
Dynamic Carbon,250,24,Classical,53.99500000000001,408.2908000000001,0.724,0.276,0.6831999999999998,134.6001021544932,0.008200499985832721
Dynamic Carbon,250,24,Proposed Quantum-Inspired,55.85000000000001,467.0744999999998,0.872,0.128,0.631,22.331312097590683,0.013728799996897578
Dynamic Carbon,250,25,FCFS,55.73499999999999,487.3057000000002,0.848,0.15200000000000002,0.6237999999999999,10.012492197250394,0.003443600027821958
Dynamic Carbon,250,25,Round Robin,55.73499999999999,487.3057000000002,0.848,0.15200000000000002,0.6237999999999999,10.012492197250394,0.003483799984678626
Dynamic Carbon,250,25,Min-Min,45.51999999999994,406.23549999999983,0.496,0.504,0.7,492.76845475334557,0.0034964000224135816
Dynamic Carbon,250,25,Max-Min,68.27999999999997,252.12420000000014,1.0,0.0,0.8499999999999998,492.76845475334557,0.0035438999766483903
Dynamic Carbon,250,25,GA,68.27999999999997,228.86220000000003,1.0,0.0,0.8499999999999998,492.76845475334557,0.006371899973601103
Dynamic Carbon,250,25,Classical,53.895000000000024,408.4007000000001,0.628,0.372,0.7005999999999999,171.88586329305852,0.007695299980696291
Dynamic Carbon,250,25,Proposed Quantum-Inspired,55.15499999999999,473.58900000000017,0.796,0.20399999999999996,0.6267999999999999,29.0215437218629,0.013966500002425164
Dynamic Carbon,250,26,FCFS,54.014999999999986,478.5044999999997,0.832,0.16800000000000004,0.6237999999999999,12.891373084353738,0.0031980000203475356
Dynamic Carbon,250,26,Round Robin,54.014999999999986,478.5044999999997,0.832,0.16800000000000004,0.6237999999999999,12.891373084353738,0.00361209997208789
Dynamic Carbon,250,26,Min-Min,44.35999999999998,386.38660000000016,0.568,0.43200000000000005,0.7,480.21108639847125,0.003487600013613701
Dynamic Carbon,250,26,Max-Min,66.53999999999998,250.38989999999993,1.0,0.0,0.8499999999999998,480.21108639847125,0.003585200000088662
Dynamic Carbon,250,26,GA,66.53999999999998,223.0283000000001,1.0,0.0,0.8499999999999998,480.21108639847125,0.005607400031294674
Dynamic Carbon,250,26,Classical,53.20000000000002,383.78099999999966,0.716,0.28400000000000003,0.7053999999999999,172.79666518772868,0.008226799953263253
Dynamic Carbon,250,26,Proposed Quantum-Inspired,53.53500000000002,475.2920000000003,0.856,0.14400000000000002,0.6166,27.949731662397046,0.01413009996758774
Dynamic Carbon,250,27,FCFS,55.61499999999999,487.4554999999999,0.848,0.15200000000000002,0.6237999999999999,3.1622776601683795,0.00340919999871403
Dynamic Carbon,250,27,Round Robin,55.61499999999999,487.4554999999999,0.848,0.15200000000000002,0.6237999999999999,3.1622776601683795,0.003092300030402839
Dynamic Carbon,250,27,Min-Min,45.59999999999995,408.8356000000002,0.448,0.552,0.7,493.63448015713004,0.0034147999831475317
Dynamic Carbon,250,27,Max-Min,68.39999999999999,251.5877000000001,1.0,0.0,0.8499999999999998,493.63448015713004,0.004371199989691377
Dynamic Carbon,250,27,GA,68.39999999999999,228.6164999999999,1.0,0.0,0.8499999999999998,493.63448015713004,0.00593519996618852
Dynamic Carbon,250,27,Classical,53.65999999999999,416.94719999999995,0.6,0.4,0.6891999999999998,163.69789247268884,0.008562500006519258
Dynamic Carbon,250,27,Proposed Quantum-Inspired,55.52500000000001,472.25120000000004,0.832,0.16800000000000004,0.643,35.88175023601831,0.01407520001521334
Dynamic Carbon,250,28,FCFS,50.17000000000002,438.94110000000006,0.84,0.16000000000000003,0.6237999999999999,11.562331079847178,0.0038160999538376927
Dynamic Carbon,250,28,Round Robin,50.17000000000002,438.94110000000006,0.84,0.16000000000000003,0.6237999999999999,11.562331079847178,0.0029673000099137425
Dynamic Carbon,250,28,Min-Min,41.07999999999994,358.2765,0.532,0.46799999999999997,0.7,444.70404484330925,0.0033863999997265637
Dynamic Carbon,250,28,Max-Min,61.61999999999995,231.6053,1.0,0.0,0.8499999999999998,444.70404484330925,0.003743700042832643
Dynamic Carbon,250,28,GA,61.61999999999995,205.8140999999998,1.0,0.0,0.8499999999999998,444.70404484330925,0.006348000024445355
Dynamic Carbon,250,28,Classical,49.355,346.4415,0.712,0.28800000000000003,0.7167999999999998,161.56635633695524,0.00783469999441877
Dynamic Carbon,250,28,Proposed Quantum-Inspired,49.62999999999999,434.0837000000005,0.844,0.15600000000000003,0.6207999999999999,22.730761095924613,0.013227200019173324
Dynamic Carbon,250,29,FCFS,55.82499999999997,495.11730000000006,0.852,0.14800000000000002,0.6237999999999999,15.811388300841896,0.0037249000160954893
Dynamic Carbon,250,29,Round Robin,55.82499999999997,495.11730000000006,0.852,0.14800000000000002,0.6237999999999999,15.811388300841896,0.0034324000007472932
Dynamic Carbon,250,29,Min-Min,45.91999999999995,411.9854000000001,0.544,0.45599999999999996,0.7,497.0985817722678,0.003630799998063594
Dynamic Carbon,250,29,Max-Min,68.88000000000001,253.22100000000012,1.0,0.0,0.8499999999999998,497.0985817722678,0.003387899952940643
Dynamic Carbon,250,29,GA,68.88000000000001,230.30710000000002,1.0,0.0,0.8499999999999998,497.0985817722678,0.005490500014275312
Dynamic Carbon,250,29,Classical,54.66499999999999,412.86740000000003,0.66,0.33999999999999997,0.6928,161.11641753713369,0.008190799970179796
Dynamic Carbon,250,29,Proposed Quantum-Inspired,56.34999999999998,474.9091000000001,0.848,0.15200000000000002,0.637,18.748333259252675,0.013984100020024925
Dynamic Carbon,500,0,FCFS,110.4700000000001,962.4985000000004,0.818,0.18200000000000005,0.625,20.753011829611623,0.006601199973374605
Dynamic Carbon,500,0,Round Robin,110.4700000000001,962.4985000000004,0.818,0.18200000000000005,0.625,20.753011829611623,0.006509699975140393
Dynamic Carbon,500,0,Min-Min,90.27999999999983,802.461900000001,0.512,0.488,0.7,977.309668170739,0.00754429999506101
Dynamic Carbon,500,0,Max-Min,135.42000000000036,501.57019999999994,1.0,0.0,0.8499999999999998,977.309668170739,0.008454500057268888
Dynamic Carbon,500,0,GA,135.42000000000036,452.6333000000003,1.0,0.0,0.8499999999999998,977.309668170739,0.011613400012720376
Dynamic Carbon,500,0,Classical,109.14500000000014,893.3940999999999,0.678,0.32199999999999995,0.6630999999999999,159.69404340801194,0.017010699957609177
Dynamic Carbon,500,0,Proposed Quantum-Inspired,109.93500000000016,960.292399999999,0.84,0.16000000000000003,0.6256,33.662850443775554,0.026502200053073466
Dynamic Carbon,500,1,FCFS,108.01000000000012,938.4317000000007,0.812,0.18799999999999994,0.625,26.818836663807772,0.0068039000034332275
Dynamic Carbon,500,1,Round Robin,108.01000000000012,938.4317000000007,0.812,0.18799999999999994,0.625,26.818836663807772,0.006653100019320846
Dynamic Carbon,500,1,Min-Min,88.55999999999987,777.1951,0.498,0.502,0.7,958.6901219893736,0.0069834000314585865
Dynamic Carbon,500,1,Max-Min,132.84000000000032,496.97719999999947,1.0,0.0,0.8499999999999998,958.6901219893736,0.0076206999947316945
Dynamic Carbon,500,1,GA,132.84000000000032,439.8776999999999,1.0,0.0,0.8499999999999998,958.6901219893736,0.011729499965440482
Dynamic Carbon,500,1,Classical,105.47000000000017,885.5168000000012,0.638,0.362,0.6412,141.93396351825027,0.01702209998620674
Dynamic Carbon,500,1,Proposed Quantum-Inspired,106.65000000000012,942.7444000000002,0.808,0.19199999999999995,0.6199,44.95831402532795,0.026402699993923306
Dynamic Carbon,500,2,FCFS,111.07000000000009,962.7022999999997,0.82,0.18000000000000005,0.625,22.15287791687572,0.006694799987599254
Dynamic Carbon,500,2,Round Robin,111.07000000000009,962.7022999999997,0.82,0.18000000000000005,0.625,22.15287791687572,0.0065938999759964645
Dynamic Carbon,500,2,Min-Min,91.43999999999987,811.7776999999999,0.5,0.5,0.7,989.8670365256133,0.008160600031260401
Dynamic Carbon,500,2,Max-Min,137.1600000000004,508.5406999999999,1.0,0.0,0.8499999999999998,989.8670365256133,0.00690430001122877
Dynamic Carbon,500,2,GA,137.1600000000004,455.7854999999999,1.0,0.0,0.8499999999999998,989.8670365256133,0.01205139997182414
Dynamic Carbon,500,2,Classical,109.23500000000004,919.0690999999996,0.668,0.33199999999999996,0.6501999999999999,149.08806122557232,0.01631570002064109
Dynamic Carbon,500,2,Proposed Quantum-Inspired,110.695,963.0038999999995,0.836,0.16400000000000003,0.622,40.450587140361755,0.027910900011193007
Dynamic Carbon,500,3,FCFS,104.92500000000017,925.5413999999993,0.842,0.15800000000000003,0.625,17.32591988899868,0.007050500018522143
Dynamic Carbon,500,3,Round Robin,104.92500000000017,925.5413999999993,0.842,0.15800000000000003,0.625,17.32591988899868,0.006210500025190413
Dynamic Carbon,500,3,Min-Min,86.27999999999986,760.6462999999999,0.524,0.476,0.7,934.0083979815171,0.007986099983099848
Dynamic Carbon,500,3,Max-Min,129.4200000000004,482.4489000000001,1.0,0.0,0.8499999999999998,934.0083979815171,0.0077333999797701836
Dynamic Carbon,500,3,GA,129.4200000000004,436.9013999999995,1.0,0.0,0.8499999999999998,934.0083979815171,0.011922100035008043
Dynamic Carbon,500,3,Classical,106.63000000000017,829.5895999999995,0.72,0.28,0.6852999999999999,199.48104546547773,0.015312600007746369
Dynamic Carbon,500,3,Proposed Quantum-Inspired,106.63000000000018,904.9563999999986,0.856,0.14400000000000002,0.625,54.43057504748595,0.02905579999787733
Dynamic Carbon,500,4,FCFS,107.20000000000009,951.6011000000004,0.84,0.16000000000000003,0.625,20.40067400847335,0.007348600018303841
Dynamic Carbon,500,4,Round Robin,107.20000000000009,951.6011000000004,0.84,0.16000000000000003,0.625,20.40067400847335,0.007082600030116737
Dynamic Carbon,500,4,Min-Min,88.35999999999993,783.4174000000004,0.534,0.46599999999999997,0.7,956.5250584799124,0.00757850002264604
Dynamic Carbon,500,4,Max-Min,132.5400000000004,491.8707999999999,1.0,0.0,0.8499999999999998,956.5250584799124,0.007831999973859638
Dynamic Carbon,500,4,GA,132.5400000000004,446.50340000000017,1.0,0.0,0.8499999999999998,956.5250584799124,0.013033399998676032
Dynamic Carbon,500,4,Classical,107.72000000000021,878.9189000000003,0.726,0.274,0.6694,153.08718920928686,0.01767979998840019
Dynamic Carbon,500,4,Proposed Quantum-Inspired,107.00500000000018,960.9805999999999,0.838,0.16200000000000003,0.6244000000000001,33.025558284456,0.029518899973481894
Dynamic Carbon,500,5,FCFS,110.08000000000015,951.8233000000005,0.826,0.17400000000000004,0.625,20.0124960961895,0.00681089999852702
Dynamic Carbon,500,5,Round Robin,110.08000000000015,951.8233000000005,0.826,0.17400000000000004,0.625,20.0124960961895,0.006653600023128092
Dynamic Carbon,500,5,Min-Min,90.0799999999999,798.4526000000002,0.524,0.476,0.7,975.1446046612779,0.007914300018455833
Dynamic Carbon,500,5,Max-Min,135.1200000000004,501.5554999999998,1.0,0.0,0.8499999999999998,975.1446046612779,0.008085499983280897
Dynamic Carbon,500,5,GA,135.1200000000004,452.46680000000003,1.0,0.0,0.8499999999999998,975.1446046612779,0.013215599989052862
Dynamic Carbon,500,5,Classical,108.52000000000021,906.8957000000005,0.69,0.31000000000000005,0.6496000000000001,135.7534529947581,0.016870599996764213
Dynamic Carbon,500,5,Proposed Quantum-Inspired,108.99500000000012,959.7390000000009,0.84,0.16000000000000003,0.6253,28.853076092507017,0.029068499978166074
Dynamic Carbon,500,6,FCFS,111.18000000000002,979.3896000000004,0.83,0.17000000000000004,0.625,29.966648127543394,0.007698699948377907
Dynamic Carbon,500,6,Round Robin,111.18000000000002,979.3896000000004,0.83,0.17000000000000004,0.625,29.966648127543394,0.006846999982371926
Dynamic Carbon,500,6,Min-Min,91.51999999999987,811.1442999999999,0.514,0.486,0.7,990.7330619293978,0.007952600019052625
Dynamic Carbon,500,6,Max-Min,137.28000000000046,509.6327999999997,1.0,0.0,0.8499999999999998,990.7330619293978,0.007445299997925758
Dynamic Carbon,500,6,GA,137.28000000000046,454.2837000000002,1.0,0.0,0.8499999999999998,990.7330619293978,0.012564499978907406
Dynamic Carbon,500,6,Classical,110.63500000000009,902.0059000000002,0.702,0.29800000000000004,0.6613,143.56705750275722,0.01588430005358532
Dynamic Carbon,500,6,Proposed Quantum-Inspired,111.76000000000006,957.8617,0.84,0.16000000000000003,0.6285999999999999,25.41653005427767,0.026470999990124255
Dynamic Carbon,500,7,FCFS,107.65000000000012,944.2779000000002,0.822,0.17800000000000005,0.625,8.870597499605086,0.0067007000325247645
Dynamic Carbon,500,7,Round Robin,107.65000000000012,944.2779000000002,0.822,0.17800000000000005,0.625,8.870597499605086,0.006780199997592717
Dynamic Carbon,500,7,Min-Min,88.5199999999998,783.4624000000003,0.502,0.498,0.7,958.2571092874814,0.007369200000539422
Dynamic Carbon,500,7,Max-Min,132.78000000000034,493.4457999999998,1.0,0.0,0.8499999999999998,958.2571092874814,0.006957399949897081
Dynamic Carbon,500,7,GA,132.78000000000034,442.71259999999967,1.0,0.0,0.8499999999999998,958.2571092874814,0.013000599981751293
Dynamic Carbon,500,7,Classical,106.46500000000003,875.7953999999997,0.666,0.33399999999999996,0.6630999999999999,145.09371971246722,0.016326699987985194
Dynamic Carbon,500,7,Proposed Quantum-Inspired,108.07500000000012,966.7568000000008,0.824,0.17600000000000005,0.6165999999999999,78.38486779985024,0.030842999985907227
Dynamic Carbon,500,8,FCFS,113.74499999999985,999.639600000001,0.832,0.16800000000000004,0.625,20.474068965401088,0.007414799998514354
Dynamic Carbon,500,8,Round Robin,113.74499999999985,999.639600000001,0.832,0.16800000000000004,0.625,20.474068965401088,0.007341600023210049
Dynamic Carbon,500,8,Min-Min,93.31999999999984,830.0962000000003,0.512,0.488,0.7,1010.2186335145477,0.008272300008684397
Dynamic Carbon,500,8,Max-Min,139.98000000000042,518.1665999999998,1.0,0.0,0.8499999999999998,1010.2186335145477,0.00849110004492104
Dynamic Carbon,500,8,GA,139.98000000000042,465.4372,1.0,0.0,0.8499999999999998,1010.2186335145477,0.011524799978360534
Dynamic Carbon,500,8,Classical,112.42000000000006,939.0883000000002,0.68,0.31999999999999995,0.6496,127.41737518878655,0.015748400008305907
Dynamic Carbon,500,8,Proposed Quantum-Inspired,113.80499999999999,985.1400000000007,0.852,0.14800000000000002,0.634,47.76701267611363,0.030358900025021285
Dynamic Carbon,500,9,FCFS,111.10000000000002,975.0890000000007,0.83,0.17000000000000004,0.625,23.13547060251855,0.007481799984816462
Dynamic Carbon,500,9,Round Robin,111.10000000000002,975.0890000000007,0.83,0.17000000000000004,0.625,23.13547060251855,0.00787909998325631
Dynamic Carbon,500,9,Min-Min,91.27999999999996,807.3237999999996,0.52,0.48,0.7,988.1349857180445,0.0072194000240415335
Dynamic Carbon,500,9,Max-Min,136.92000000000039,509.1527999999996,1.0,0.0,0.8499999999999998,988.1349857180445,0.006993499991949648
Dynamic Carbon,500,9,GA,136.92000000000039,456.4597999999997,1.0,0.0,0.8499999999999998,988.1349857180445,0.011692099971696734
Dynamic Carbon,500,9,Classical,111.39000000000013,886.8131000000003,0.676,0.32399999999999995,0.6718,163.58713274582448,0.01627840002765879
Dynamic Carbon,500,9,Proposed Quantum-Inspired,110.93000000000008,988.7066000000002,0.828,0.17200000000000004,0.6187,26.02402735934621,0.026547999994363636
Dynamic Carbon,500,10,FCFS,112.69999999999997,964.3829,0.83,0.17000000000000004,0.625,37.97614382740828,0.007173000019975007
Dynamic Carbon,500,10,Round Robin,112.69999999999997,964.3829,0.83,0.17000000000000004,0.625,37.97614382740828,0.0069620999856851995
Dynamic Carbon,500,10,Min-Min,91.79999999999983,814.7787000000001,0.502,0.498,0.7,993.7641508426434,0.008121700026094913
Dynamic Carbon,500,10,Max-Min,137.7000000000003,510.62119999999976,1.0,0.0,0.8499999999999998,993.7641508426434,0.008096500008832663
Dynamic Carbon,500,10,GA,137.7000000000003,458.23449999999974,1.0,0.0,0.8499999999999998,993.7641508426434,0.013328199973329902
Dynamic Carbon,500,10,Classical,111.28500000000011,906.7879,0.67,0.32999999999999996,0.6595,151.6795553131667,0.01810799998929724
Dynamic Carbon,500,10,Proposed Quantum-Inspired,112.04999999999995,972.7701000000011,0.81,0.18999999999999995,0.6286,24.159625411003375,0.02959369996096939
Dynamic Carbon,500,11,FCFS,114.34999999999998,993.2177,0.838,0.16200000000000003,0.625,17.95132307101624,0.0071844999911263585
Dynamic Carbon,500,11,Round Robin,114.34999999999998,993.2177,0.838,0.16200000000000003,0.625,17.95132307101624,0.007151299971155822
Dynamic Carbon,500,11,Min-Min,94.15999999999977,838.4767000000002,0.532,0.46799999999999997,0.7,1019.3119002542843,0.008158900018315762
Dynamic Carbon,500,11,Max-Min,141.24000000000024,522.3871,1.0,0.0,0.8499999999999998,1019.3119002542843,0.009520700026769191
Dynamic Carbon,500,11,GA,141.24000000000024,463.4088,1.0,0.0,0.8499999999999998,1019.3119002542843,0.01425589999416843
Dynamic Carbon,500,11,Classical,114.03500000000008,914.5411,0.682,0.31799999999999995,0.6583,149.02768199230638,0.018641200033016503
Dynamic Carbon,500,11,Proposed Quantum-Inspired,113.80000000000001,987.2346000000003,0.83,0.17000000000000004,0.6292000000000001,50.53958844312051,0.0289045000099577
Dynamic Carbon,500,12,FCFS,111.59499999999994,981.264200000001,0.854,0.14600000000000002,0.625,33.0681115275729,0.007339700008742511
Dynamic Carbon,500,12,Round Robin,111.59499999999994,981.264200000001,0.854,0.14600000000000002,0.625,33.0681115275729,0.007358999981079251
Dynamic Carbon,500,12,Min-Min,91.83999999999985,819.0863000000006,0.52,0.48,0.7,994.1971635445356,0.008237299975007772
Dynamic Carbon,500,12,Max-Min,137.76000000000033,508.9004000000003,1.0,0.0,0.8499999999999998,994.1971635445356,0.007811099989339709
Dynamic Carbon,500,12,GA,137.76000000000033,459.83629999999994,1.0,0.0,0.8499999999999998,994.1971635445356,0.013026000000536442
Dynamic Carbon,500,12,Classical,110.12499999999989,921.5705000000003,0.662,0.33799999999999997,0.6507999999999999,147.5567687366459,0.017794699990190566
Dynamic Carbon,500,12,Proposed Quantum-Inspired,112.06500000000003,964.1509999999996,0.856,0.14400000000000002,0.6202000000000001,40.50308630215727,0.028257800033316016
Dynamic Carbon,500,13,FCFS,112.41499999999999,990.9640999999996,0.816,0.18400000000000005,0.625,14.747881203752625,0.00787159998435527
Dynamic Carbon,500,13,Round Robin,112.41499999999999,990.9640999999996,0.816,0.18400000000000005,0.625,14.747881203752625,0.0069555999943986535
Dynamic Carbon,500,13,Min-Min,92.47999999999978,825.7142000000003,0.52,0.48,0.7,1001.125366774811,0.008227100013755262
Dynamic Carbon,500,13,Max-Min,138.72000000000028,511.96299999999997,1.0,0.0,0.8499999999999998,1001.125366774811,0.007422599999699742
Dynamic Carbon,500,13,GA,138.72000000000028,464.7503999999995,1.0,0.0,0.8499999999999998,1001.125366774811,0.012653400015551597
Dynamic Carbon,500,13,Classical,113.25000000000011,904.8940999999996,0.698,0.30200000000000005,0.6733,173.2065241265467,0.017520399997010827
Dynamic Carbon,500,13,Proposed Quantum-Inspired,112.245,990.0383999999997,0.838,0.16200000000000003,0.6232,19.480759738778158,0.025792300002649426
Dynamic Carbon,500,14,FCFS,111.02500000000005,952.7965999999998,0.854,0.14600000000000002,0.625,35.64758056306206,0.006813800020609051
Dynamic Carbon,500,14,Round Robin,111.02500000000005,952.7965999999998,0.854,0.14600000000000002,0.625,35.64758056306206,0.007176599989179522
Dynamic Carbon,500,14,Min-Min,91.11999999999975,807.4846000000001,0.544,0.45599999999999996,0.7,986.4029349104757,0.007961499970406294
Dynamic Carbon,500,14,Max-Min,136.6800000000002,507.4564,1.0,0.0,0.8499999999999998,986.4029349104757,0.006764499994460493
Dynamic Carbon,500,14,GA,136.6800000000002,454.82529999999997,1.0,0.0,0.8499999999999998,986.4029349104757,0.012333300022874027
Dynamic Carbon,500,14,Classical,110.30000000000008,903.0052999999995,0.712,0.28800000000000003,0.6592,140.15259540943222,0.017726899997796863
Dynamic Carbon,500,14,Proposed Quantum-Inspired,111.49500000000003,951.5130999999998,0.836,0.16400000000000003,0.6274000000000001,23.425413550244958,0.03014599997550249
Dynamic Carbon,500,15,FCFS,109.13000000000015,964.0736000000006,0.836,0.16400000000000003,0.625,13.988834833537782,0.008048699994105846
Dynamic Carbon,500,15,Round Robin,109.13000000000015,964.0736000000006,0.836,0.16400000000000003,0.625,13.988834833537782,0.006423099956009537
Dynamic Carbon,500,15,Min-Min,89.23999999999984,787.2768000000002,0.472,0.528,0.7,966.0513379215413,0.007020700024440885
Dynamic Carbon,500,15,Max-Min,133.8600000000004,498.74420000000003,1.0,0.0,0.8499999999999998,966.0513379215413,0.0077111999853514135
Dynamic Carbon,500,15,GA,133.8600000000004,454.5475999999999,1.0,0.0,0.8499999999999998,966.0513379215413,0.012335999985225499
Dynamic Carbon,500,15,Classical,108.8250000000002,888.5757000000002,0.682,0.31799999999999995,0.6697,159.88961035664576,0.019226500007789582
Dynamic Carbon,500,15,Proposed Quantum-Inspired,107.43500000000009,973.0544000000001,0.79,0.20999999999999996,0.6202,46.83681778259492,0.027784199977759272
Dynamic Carbon,500,16,FCFS,113.41999999999999,996.4852000000002,0.842,0.15800000000000003,0.625,24.631027181179434,0.006854300037957728
Dynamic Carbon,500,16,Round Robin,113.41999999999999,996.4852000000002,0.842,0.15800000000000003,0.625,24.631027181179434,0.007156600011512637
Dynamic Carbon,500,16,Min-Min,93.63999999999984,835.1165000000005,0.476,0.524,0.7,1013.6827351296854,0.007484200003091246
Dynamic Carbon,500,16,Max-Min,140.46000000000024,518.8713,1.0,0.0,0.8499999999999998,1013.6827351296854,0.00812349998159334
Dynamic Carbon,500,16,GA,140.46000000000024,467.0742999999996,1.0,0.0,0.8499999999999998,1013.6827351296854,0.01274169998941943
Dynamic Carbon,500,16,Classical,112.51500000000019,936.7915000000007,0.648,0.352,0.6514,143.77130276936353,0.01828429999295622
Dynamic Carbon,500,16,Proposed Quantum-Inspired,114.50500000000004,961.2585000000003,0.824,0.17600000000000005,0.6349,59.943202283495,0.030753000057302415
Dynamic Carbon,500,17,FCFS,109.15000000000016,960.1743000000005,0.84,0.16000000000000003,0.625,13.285330255586423,0.008282599970698357
Dynamic Carbon,500,17,Round Robin,109.15000000000016,960.1743000000005,0.84,0.16000000000000003,0.625,13.285330255586423,0.00748059997567907
Dynamic Carbon,500,17,Min-Min,89.59999999999981,794.4688000000006,0.514,0.486,0.7,969.9484522385712,0.007110999955330044
Dynamic Carbon,500,17,Max-Min,134.40000000000038,498.7624999999998,1.0,0.0,0.8499999999999998,969.9484522385712,0.006973700015805662
Dynamic Carbon,500,17,GA,134.40000000000038,449.8952999999996,1.0,0.0,0.8499999999999998,969.9484522385712,0.013075300026685
Dynamic Carbon,500,17,Classical,110.21500000000013,866.1336000000003,0.704,0.29600000000000004,0.6711999999999998,173.88358174364825,0.01788579998537898
Dynamic Carbon,500,17,Proposed Quantum-Inspired,108.49000000000007,946.2162000000006,0.842,0.15800000000000003,0.6307,43.110323589599744,0.028480300039518625
Dynamic Carbon,500,18,FCFS,110.30000000000008,972.7773999999993,0.852,0.14800000000000002,0.625,12.298373876248844,0.007368399994447827
Dynamic Carbon,500,18,Round Robin,110.30000000000008,972.7773999999993,0.852,0.14800000000000002,0.625,12.298373876248844,0.0066513000056147575
Dynamic Carbon,500,18,Min-Min,90.31999999999982,804.7479000000011,0.542,0.45799999999999996,0.7,977.7426808726312,0.0075236999546177685
Dynamic Carbon,500,18,Max-Min,135.48000000000044,500.81379999999996,1.0,0.0,0.8499999999999998,977.7426808726312,0.007858700002543628
Dynamic Carbon,500,18,GA,135.48000000000044,457.2592999999993,1.0,0.0,0.8499999999999998,977.7426808726312,0.012834699999075383
Dynamic Carbon,500,18,Classical,110.58500000000018,882.2958000000001,0.704,0.29600000000000004,0.6705999999999999,178.2589408697359,0.01783239998621866
Dynamic Carbon,500,18,Proposed Quantum-Inspired,110.4200000000001,966.7742999999997,0.822,0.17800000000000005,0.6289000000000001,14.115594213493104,0.029237599985208362
Dynamic Carbon,500,19,FCFS,111.01500000000014,970.2065000000001,0.824,0.17600000000000005,0.625,15.562374497485916,0.007030599983409047
Dynamic Carbon,500,19,Round Robin,111.01500000000014,970.2065000000001,0.824,0.17600000000000005,0.625,15.562374497485916,0.007279799960087985
Dynamic Carbon,500,19,Min-Min,91.39999999999992,808.6248000000003,0.484,0.516,0.7,989.4340238237212,0.007944799959659576
Dynamic Carbon,500,19,Max-Min,137.10000000000036,509.67569999999995,1.0,0.0,0.8499999999999998,989.4340238237212,0.00749400001950562
Dynamic Carbon,500,19,GA,137.10000000000036,457.0608999999998,1.0,0.0,0.8499999999999998,989.4340238237212,0.01229300000704825
Dynamic Carbon,500,19,Classical,109.5950000000002,919.0129000000007,0.654,0.346,0.6529,140.75932473552152,0.01795569999376312
Dynamic Carbon,500,19,Proposed Quantum-Inspired,112.09000000000013,969.4440000000005,0.836,0.16400000000000003,0.6178,36.36189626518397,0.029900600027758628
Dynamic Carbon,500,20,FCFS,111.09500000000013,985.617100000001,0.806,0.19399999999999995,0.625,21.924586655168667,0.007864499988500029
Dynamic Carbon,500,20,Round Robin,111.09500000000013,985.617100000001,0.806,0.19399999999999995,0.625,21.924586655168667,0.0067943999893032014
Dynamic Carbon,500,20,Min-Min,91.23999999999992,812.5335000000002,0.498,0.502,0.7,987.7019730161522,0.007480799977201968
Dynamic Carbon,500,20,Max-Min,136.86000000000035,506.1651,1.0,0.0,0.8499999999999998,987.7019730161522,0.007511799980420619
Dynamic Carbon,500,20,GA,136.86000000000035,458.27869999999996,1.0,0.0,0.8499999999999998,987.7019730161522,0.012770499975886196
Dynamic Carbon,500,20,Classical,109.87000000000006,915.0503000000011,0.656,0.344,0.6597999999999999,149.66525147809025,0.016991899989079684
Dynamic Carbon,500,20,Proposed Quantum-Inspired,109.76000000000012,950.1742000000014,0.814,0.18600000000000005,0.6406000000000001,108.20899916365552,0.027843700023368
Dynamic Carbon,500,21,FCFS,109.55500000000005,962.2323999999995,0.842,0.15800000000000003,0.625,19.06567596493762,0.007398399990051985
Dynamic Carbon,500,21,Round Robin,109.55500000000005,962.2323999999995,0.842,0.15800000000000003,0.625,19.06567596493762,0.0068304999731481075
Dynamic Carbon,500,21,Min-Min,90.23999999999987,795.0435000000001,0.534,0.46599999999999997,0.7,976.8766554688468,0.007889100001193583
Dynamic Carbon,500,21,Max-Min,135.36000000000038,504.8757999999997,1.0,0.0,0.8499999999999998,976.8766554688468,0.008074000012129545
Dynamic Carbon,500,21,GA,135.36000000000038,448.76699999999994,1.0,0.0,0.8499999999999998,976.8766554688468,0.011437600012868643
Dynamic Carbon,500,21,Classical,108.95500000000021,888.8272,0.704,0.29600000000000004,0.6604,154.18008950574648,0.016630800033453852
Dynamic Carbon,500,21,Proposed Quantum-Inspired,110.44499999999992,935.0878000000002,0.852,0.14800000000000002,0.6367,27.577164466275352,0.06703480001306161
Dynamic Carbon,500,22,FCFS,109.56000000000004,972.5872000000007,0.846,0.15400000000000003,0.625,25.0099980007996,0.007236899982672185
Dynamic Carbon,500,22,Round Robin,109.56000000000004,972.5872000000007,0.846,0.15400000000000003,0.625,25.0099980007996,0.006805799959693104
Dynamic Carbon,500,22,Min-Min,90.39999999999993,808.0887000000013,0.53,0.47,0.7,978.6087062764157,0.007890900014899671
Dynamic Carbon,500,22,Max-Min,135.60000000000022,499.95320000000044,1.0,0.0,0.8499999999999998,978.6087062764157,0.00744349998421967
Dynamic Carbon,500,22,GA,135.60000000000022,453.04469999999975,1.0,0.0,0.8499999999999998,978.6087062764157,0.012333200022112578
Dynamic Carbon,500,22,Classical,109.06000000000009,903.6863,0.696,0.30400000000000005,0.6660999999999999,148.0861235902946,0.017045099986717105
Dynamic Carbon,500,22,Proposed Quantum-Inspired,109.80000000000004,948.7079999999993,0.81,0.18999999999999995,0.6289000000000001,37.027017163147235,0.026866400032304227
Dynamic Carbon,500,23,FCFS,107.12000000000008,935.9375000000008,0.838,0.16200000000000003,0.625,13.102957681378658,0.007329599990043789
Dynamic Carbon,500,23,Round Robin,107.12000000000008,935.9375000000008,0.838,0.16200000000000003,0.625,13.102957681378658,0.0076697999611496925
Dynamic Carbon,500,23,Min-Min,88.11999999999976,781.1877000000001,0.54,0.45999999999999996,0.7,953.9269822685592,0.00858149997657165
Dynamic Carbon,500,23,Max-Min,132.18000000000038,490.56750000000005,1.0,0.0,0.8499999999999998,953.9269822685592,0.006886199989821762
Dynamic Carbon,500,23,GA,132.18000000000038,436.82600000000014,1.0,0.0,0.8499999999999998,953.9269822685592,0.013591499999165535
Dynamic Carbon,500,23,Classical,104.66999999999993,884.7141999999997,0.682,0.31799999999999995,0.6397,145.4877572168875,0.017048200010322034
Dynamic Carbon,500,23,Proposed Quantum-Inspired,106.62999999999994,931.3663000000013,0.85,0.15000000000000002,0.6271,28.630185119904482,0.02676669997163117
Dynamic Carbon,500,24,FCFS,108.9500000000001,965.3854999999996,0.88,0.12,0.625,14.359230480774379,0.0071632000035606325
Dynamic Carbon,500,24,Round Robin,108.9500000000001,965.3854999999996,0.88,0.12,0.625,14.359230480774379,0.006290399993304163
Dynamic Carbon,500,24,Min-Min,89.47999999999998,792.0522000000005,0.556,0.44399999999999995,0.7,968.6494141328947,0.007216700003482401
Dynamic Carbon,500,24,Max-Min,134.22000000000037,498.7695999999998,1.0,0.0,0.8499999999999998,968.6494141328947,0.00695170002290979
Dynamic Carbon,500,24,GA,134.22000000000037,451.31089999999983,1.0,0.0,0.8499999999999998,968.6494141328947,0.011149599973578006
Dynamic Carbon,500,24,Classical,109.00500000000028,888.5794999999988,0.718,0.28200000000000003,0.6708999999999998,158.2061550635752,0.01582660002168268
Dynamic Carbon,500,24,Proposed Quantum-Inspired,110.0900000000002,953.8941999999996,0.858,0.14200000000000002,0.6271,38.88042566639414,0.02721400000154972
Dynamic Carbon,500,25,FCFS,113.145,966.3001000000008,0.852,0.14800000000000002,0.625,23.43608329051593,0.007026200008112937
Dynamic Carbon,500,25,Round Robin,113.145,966.3001000000008,0.852,0.14800000000000002,0.625,23.43608329051593,0.006464000034611672
Dynamic Carbon,500,25,Min-Min,92.39999999999999,824.5028000000004,0.522,0.478,0.7,1000.2593413710266,0.007858600001782179
Dynamic Carbon,500,25,Max-Min,138.60000000000056,511.79920000000016,1.0,0.0,0.8499999999999998,1000.2593413710266,0.007061499985866249
Dynamic Carbon,500,25,GA,138.60000000000056,458.9066000000001,1.0,0.0,0.8499999999999998,1000.2593413710266,0.012114300043322146
Dynamic Carbon,500,25,Classical,111.55000000000003,910.0875000000003,0.652,0.348,0.6658,152.48852415837723,0.017683700018096715
Dynamic Carbon,500,25,Proposed Quantum-Inspired,112.67500000000008,951.3574999999994,0.82,0.18000000000000005,0.6330999999999999,55.98883817333594,0.027157299977261573
Dynamic Carbon,500,26,FCFS,112.41000000000003,973.7515000000001,0.852,0.14800000000000002,0.625,18.280795934531955,0.007293600006960332
Dynamic Carbon,500,26,Round Robin,112.41000000000003,973.7515000000001,0.852,0.14800000000000002,0.625,18.280795934531955,0.007069999992381781
Dynamic Carbon,500,26,Min-Min,92.1199999999999,810.7784,0.556,0.44399999999999995,0.7,997.2282524577811,0.006973000010475516
Dynamic Carbon,500,26,Max-Min,138.18000000000043,515.8245999999996,1.0,0.0,0.8499999999999998,997.2282524577811,0.007512600044719875
Dynamic Carbon,500,26,GA,138.18000000000043,455.39040000000017,1.0,0.0,0.8499999999999998,997.2282524577811,0.012156400014646351
Dynamic Carbon,500,26,Classical,110.38500000000009,921.8594000000012,0.692,0.30800000000000005,0.649,131.0140736714953,0.016544399957638234
Dynamic Carbon,500,26,Proposed Quantum-Inspired,111.51500000000009,974.1472999999996,0.846,0.15400000000000003,0.6193,27.123559869604136,0.02661709999665618
Dynamic Carbon,500,27,FCFS,110.26500000000007,965.9290999999998,0.844,0.15600000000000003,0.625,10.685855136581255,0.007531900017056614
Dynamic Carbon,500,27,Round Robin,110.26500000000007,965.9290999999998,0.844,0.15600000000000003,0.625,10.685855136581255,0.006833499995991588
Dynamic Carbon,500,27,Min-Min,90.43999999999993,807.2252000000008,0.476,0.524,0.7,979.0417189783079,0.00842889997875318
Dynamic Carbon,500,27,Max-Min,135.66000000000034,500.78840000000025,1.0,0.0,0.8499999999999998,979.0417189783079,0.007278300006873906
Dynamic Carbon,500,27,GA,135.66000000000034,454.0835000000002,1.0,0.0,0.8499999999999998,979.0417189783079,0.012521199998445809
Dynamic Carbon,500,27,Classical,109.49000000000017,901.6939000000007,0.66,0.33999999999999997,0.6613,148.24704887450542,0.016559500014409423
Dynamic Carbon,500,27,Proposed Quantum-Inspired,109.17000000000007,958.2856999999997,0.814,0.18600000000000005,0.625,38.336503492102665,0.02902620000531897
Dynamic Carbon,500,28,FCFS,102.38500000000019,892.6807999999995,0.842,0.15800000000000003,0.625,27.299267389437397,0.007552299997769296
Dynamic Carbon,500,28,Round Robin,102.38500000000019,892.6807999999995,0.842,0.15800000000000003,0.625,27.299267389437397,0.007008400047197938
Dynamic Carbon,500,28,Min-Min,83.75999999999986,732.8859000000001,0.534,0.46599999999999997,0.7,906.7285977623072,0.0077129999990575016
Dynamic Carbon,500,28,Max-Min,125.64000000000033,471.1011,1.0,0.0,0.8499999999999998,906.7285977623072,0.008021699963137507
Dynamic Carbon,500,28,GA,125.64000000000033,416.3560000000005,1.0,0.0,0.8499999999999998,906.7285977623072,0.013029600027948618
Dynamic Carbon,500,28,Classical,98.50999999999998,876.2626999999997,0.664,0.33599999999999997,0.6216999999999998,135.87586246276416,0.016852900036610663
Dynamic Carbon,500,28,Proposed Quantum-Inspired,101.29500000000002,882.2281999999992,0.85,0.15000000000000002,0.6241,38.713692668098716,0.029250200022943318
Dynamic Carbon,500,29,FCFS,109.46000000000008,969.1109000000005,0.854,0.14600000000000002,0.625,27.325583250865844,0.0073784000123851
Dynamic Carbon,500,29,Round Robin,109.46000000000008,969.1109000000005,0.854,0.14600000000000002,0.625,27.325583250865844,0.0067183999926783144
Dynamic Carbon,500,29,Min-Min,89.95999999999995,799.6132000000007,0.552,0.44799999999999995,0.7,973.8455665556013,0.007894800044596195
Dynamic Carbon,500,29,Max-Min,134.94000000000048,499.8008,1.0,0.0,0.8499999999999998,973.8455665556013,0.007683200004976243
Dynamic Carbon,500,29,GA,134.94000000000048,450.23959999999965,1.0,0.0,0.8499999999999998,973.8455665556013,0.01318469998659566
Dynamic Carbon,500,29,Classical,107.73500000000008,919.0035000000012,0.688,0.31200000000000006,0.6439,115.07687647829168,0.01714069995796308
Dynamic Carbon,500,29,Proposed Quantum-Inspired,109.40000000000006,948.2729000000008,0.852,0.14800000000000002,0.6241,33.92915413033458,0.027910800010431558
Dynamic Carbon,1000,0,FCFS,219.65500000000068,1923.764499999999,0.833,0.16700000000000004,0.6249999999999999,29.819247140060394,0.012870799982920289
Dynamic Carbon,1000,0,Round Robin,219.65500000000068,1923.764499999999,0.833,0.16700000000000004,0.6249999999999999,29.819247140060394,0.012739299971144646
Dynamic Carbon,1000,0,Min-Min,179.87999999999997,1596.9916999999987,0.516,0.484,0.6999999999999998,1947.2581204093103,0.014588599966373295
Dynamic Carbon,1000,0,Max-Min,269.8200000000023,1000.304600000001,1.0,0.0,0.8499999999999998,1947.2581204093103,0.015920799982268363
Dynamic Carbon,1000,0,GA,269.8200000000023,902.1721000000008,1.0,0.0,0.8499999999999998,1947.2581204093103,0.023953699972480536
Dynamic Carbon,1000,0,Classical,234.58500000000137,1646.6106000000016,0.794,0.20599999999999996,0.7259499999999999,727.6236578754157,0.03355940000619739
Dynamic Carbon,1000,0,Proposed Quantum-Inspired,218.72000000000062,1897.538099999999,0.835,0.16500000000000004,0.6300999999999999,64.61569081887154,0.05216720001772046
Dynamic Carbon,1000,1,FCFS,223.48000000000067,1949.0613999999998,0.827,0.17300000000000004,0.6249999999999999,41.5052707496289,0.013252499978989363
Dynamic Carbon,1000,1,Round Robin,223.48000000000067,1949.0613999999998,0.827,0.17300000000000004,0.6249999999999999,41.5052707496289,0.01358759996946901
Dynamic Carbon,1000,1,Min-Min,183.87999999999948,1629.9439999999993,0.503,0.497,0.6999999999999998,1990.5593905985322,0.014442300016526133
Dynamic Carbon,1000,1,Max-Min,275.8200000000023,1023.8504000000003,1.0,0.0,0.8499999999999998,1990.5593905985322,0.015536000020802021
Dynamic Carbon,1000,1,GA,275.8200000000023,909.1899000000001,1.0,0.0,0.8499999999999998,1990.5593905985322,0.023142300022300333
Dynamic Carbon,1000,1,Classical,237.09000000000125,1663.9117999999971,0.764,0.236,0.71905,705.1316809646266,0.03167950001079589
Dynamic Carbon,1000,1,Proposed Quantum-Inspired,222.91000000000048,1926.7825999999986,0.809,0.19099999999999995,0.6304,80.04490926973432,0.05264459998579696
Dynamic Carbon,1000,2,FCFS,221.56500000000054,1933.589900000002,0.823,0.17700000000000005,0.6249999999999999,19.11151485361639,0.014168299967423081
Dynamic Carbon,1000,2,Round Robin,221.56500000000054,1933.589900000002,0.823,0.17700000000000005,0.6249999999999999,19.11151485361639,0.013617199962027371
Dynamic Carbon,1000,2,Min-Min,182.15999999999954,1616.0300999999984,0.494,0.506,0.6999999999999998,1971.9398444171668,0.014034399995580316
Dynamic Carbon,1000,2,Max-Min,273.2400000000022,1013.6062000000005,1.0,0.0,0.8499999999999998,1971.9398444171668,0.015710100007709116
Dynamic Carbon,1000,2,GA,273.2400000000022,910.3354000000014,1.0,0.0,0.8499999999999998,1971.9398444171668,0.02508639998268336
Dynamic Carbon,1000,2,Classical,236.37500000000128,1677.614100000001,0.787,0.21299999999999997,0.7203999999999998,701.9820154391422,0.03122190001886338
Dynamic Carbon,1000,2,Proposed Quantum-Inspired,221.1050000000006,1923.4871,0.826,0.17400000000000004,0.6301,63.48425001525969,0.054284000012557954
Dynamic Carbon,1000,3,FCFS,216.32500000000056,1861.6252999999992,0.834,0.16600000000000004,0.6249999999999999,15.256146302392358,0.014784400002099574
Dynamic Carbon,1000,3,Round Robin,216.32500000000056,1861.6252999999992,0.834,0.16600000000000004,0.6249999999999999,15.256146302392358,0.0144144999794662
Dynamic Carbon,1000,3,Min-Min,177.19999999999987,1568.7444999999989,0.518,0.482,0.6999999999999998,1918.2462693825316,0.01421749999281019
Dynamic Carbon,1000,3,Max-Min,265.8000000000021,987.6126000000005,1.0,0.0,0.8499999999999998,1918.2462693825316,0.014623800001572818
Dynamic Carbon,1000,3,GA,265.8000000000021,877.8732,1.0,0.0,0.8499999999999998,1918.2462693825316,0.024393699946813285
Dynamic Carbon,1000,3,Classical,232.4250000000014,1593.059699999999,0.796,0.20399999999999996,0.7203999999999998,745.7628644549151,0.034113299974706024
Dynamic Carbon,1000,3,Proposed Quantum-Inspired,218.30000000000092,1844.9477999999992,0.849,0.15100000000000002,0.6237999999999999,88.45761696993651,0.05328910000389442
Dynamic Carbon,1000,4,FCFS,214.58500000000083,1890.101500000001,0.828,0.17200000000000004,0.6249999999999999,37.84838173555112,0.013174800027627498
Dynamic Carbon,1000,4,Round Robin,214.58500000000083,1890.101500000001,0.828,0.17200000000000004,0.6249999999999999,37.84838173555112,0.012804700003471226
Dynamic Carbon,1000,4,Min-Min,176.79999999999995,1570.3295999999973,0.523,0.477,0.6999999999999998,1913.9161423636094,0.016017100017052144
Dynamic Carbon,1000,4,Max-Min,265.20000000000243,982.827700000001,1.0,0.0,0.8499999999999998,1913.9161423636094,0.015283599961549044
Dynamic Carbon,1000,4,GA,265.20000000000243,885.6430000000004,1.0,0.0,0.8499999999999998,1913.9161423636094,0.02490120002767071
Dynamic Carbon,1000,4,Classical,235.0650000000018,1576.0476999999994,0.831,0.16900000000000004,0.7328499999999999,829.2565947883683,0.03415800002403557
Dynamic Carbon,1000,4,Proposed Quantum-Inspired,214.02500000000086,1881.6862999999996,0.831,0.16900000000000004,0.6323499999999999,74.67596668272866,0.053646600048523396
Dynamic Carbon,1000,5,FCFS,221.42000000000058,1926.840700000001,0.831,0.16900000000000004,0.6249999999999999,10.709224995301948,0.014125999994575977
Dynamic Carbon,1000,5,Round Robin,221.42000000000058,1926.840700000001,0.831,0.16900000000000004,0.6249999999999999,10.709224995301948,0.012957900005858392
Dynamic Carbon,1000,5,Min-Min,181.55999999999983,1614.7064999999989,0.521,0.479,0.6999999999999998,1965.4446538887835,0.014619799971114844
Dynamic Carbon,1000,5,Max-Min,272.34000000000253,1008.2431000000012,1.0,0.0,0.8499999999999998,1965.4446538887835,0.014646199997514486
Dynamic Carbon,1000,5,GA,272.34000000000253,906.4097000000007,1.0,0.0,0.8499999999999998,1965.4446538887835,0.02365530002862215
Dynamic Carbon,1000,5,Classical,239.77000000000157,1632.3681000000001,0.812,0.18799999999999994,0.7241499999999998,804.3759615378868,0.03310500003863126
Dynamic Carbon,1000,5,Proposed Quantum-Inspired,220.96500000000069,1930.1380000000001,0.841,0.15900000000000003,0.6233500000000001,27.049722734253674,0.09591189998900518
Dynamic Carbon,1000,6,FCFS,215.12500000000065,1913.9174999999984,0.827,0.17300000000000004,0.6249999999999999,40.42508503392417,0.013821200001984835
Dynamic Carbon,1000,6,Round Robin,215.12500000000065,1913.9174999999984,0.827,0.17300000000000004,0.6249999999999999,40.42508503392417,0.014265800011344254
Dynamic Carbon,1000,6,Min-Min,176.83999999999978,1567.4091999999985,0.515,0.485,0.6999999999999998,1914.3491550655017,0.01479359995573759
Dynamic Carbon,1000,6,Max-Min,265.26000000000244,984.6810000000007,1.0,0.0,0.8499999999999998,1914.3491550655017,0.01424989994848147
Dynamic Carbon,1000,6,GA,265.26000000000244,890.9933000000016,1.0,0.0,0.8499999999999998,1914.3491550655017,0.02383019996341318
Dynamic Carbon,1000,6,Classical,232.81500000000156,1612.594499999997,0.818,0.18200000000000005,0.7341999999999999,764.712813741211,0.03383520001079887
Dynamic Carbon,1000,6,Proposed Quantum-Inspired,215.44000000000068,1889.4503999999986,0.837,0.16300000000000003,0.62665,27.03123193641015,0.053308899980038404
Dynamic Carbon,1000,7,FCFS,220.6100000000007,1917.3506000000011,0.828,0.17200000000000004,0.6249999999999999,12.449899597988733,0.013844800007063895
Dynamic Carbon,1000,7,Round Robin,220.6100000000007,1917.3506000000011,0.828,0.17200000000000004,0.6249999999999999,12.449899597988733,0.013689699990209192
Dynamic Carbon,1000,7,Min-Min,180.95999999999972,1607.8074000000004,0.516,0.484,0.6999999999999998,1958.9494633604002,0.014967499999329448
Dynamic Carbon,1000,7,Max-Min,271.4400000000023,1005.6951000000006,1.0,0.0,0.8499999999999998,1958.9494633604002,0.01466939999954775
Dynamic Carbon,1000,7,GA,271.4400000000023,902.1672000000009,1.0,0.0,0.8499999999999998,1958.9494633604002,0.02501270000357181
Dynamic Carbon,1000,7,Classical,236.94000000000133,1640.9441,0.791,0.20899999999999996,0.7235499999999998,749.9149951827874,0.03428140003234148
Dynamic Carbon,1000,7,Proposed Quantum-Inspired,221.55500000000058,1926.2313000000033,0.837,0.16300000000000003,0.6271,49.49747468305833,0.056678100023418665
Dynamic Carbon,1000,8,FCFS,221.52,1950.8174000000024,0.845,0.15500000000000003,0.6249999999999999,26.836309358777335,0.014745199994649738
Dynamic Carbon,1000,8,Round Robin,221.52,1950.8174000000024,0.845,0.15500000000000003,0.6249999999999999,26.836309358777335,0.01402629999211058
Dynamic Carbon,1000,8,Min-Min,181.39999999999958,1601.2867000000006,0.533,0.46699999999999997,0.6999999999999998,1963.7126030812146,0.015139400027692318
Dynamic Carbon,1000,8,Max-Min,272.10000000000196,1013.3592000000003,1.0,0.0,0.8499999999999998,1963.7126030812146,0.015017100027762353
Dynamic Carbon,1000,8,GA,272.10000000000196,915.3506999999995,1.0,0.0,0.8499999999999998,1963.7126030812146,0.02663760003633797
Dynamic Carbon,1000,8,Classical,238.30000000000126,1661.2515000000003,0.811,0.18899999999999995,0.7288,769.8260761366816,0.03353509999578819
Dynamic Carbon,1000,8,Proposed Quantum-Inspired,221.29500000000053,1920.5775000000033,0.861,0.139,0.634,67.51805314136361,0.05702240002574399
Dynamic Carbon,1000,9,FCFS,221.22500000000053,1936.5810000000045,0.843,0.15700000000000003,0.6249999999999999,30.75203245315665,0.01413000002503395
Dynamic Carbon,1000,9,Round Robin,221.22500000000053,1936.5810000000045,0.843,0.15700000000000003,0.6249999999999999,30.75203245315665,0.014152900024782866
Dynamic Carbon,1000,9,Min-Min,181.55999999999966,1614.8748999999991,0.527,0.473,0.6999999999999998,1965.4446538887835,0.015271999989636242
Dynamic Carbon,1000,9,Max-Min,272.34000000000236,1008.159800000001,1.0,0.0,0.8499999999999998,1965.4446538887835,0.01614029996562749
Dynamic Carbon,1000,9,GA,272.34000000000236,910.4833000000006,1.0,0.0,0.8499999999999998,1965.4446538887835,0.025899500004015863
Dynamic Carbon,1000,9,Classical,236.74500000000128,1650.2257999999986,0.789,0.21099999999999997,0.7307499999999999,749.5920140316331,0.0356053999857977
Dynamic Carbon,1000,9,Proposed Quantum-Inspired,220.9700000000005,1956.0626999999984,0.841,0.15900000000000003,0.62215,45.75136609982264,0.05716179998125881
Dynamic Carbon,1000,10,FCFS,226.83500000000078,1954.0346000000034,0.836,0.16400000000000003,0.6249999999999999,53.46201922860752,0.01474060001783073
Dynamic Carbon,1000,10,Round Robin,226.83500000000078,1954.0346000000034,0.836,0.16400000000000003,0.6249999999999999,53.46201922860752,0.01394039997830987
Dynamic Carbon,1000,10,Min-Min,185.0799999999999,1648.0797000000014,0.499,0.501,0.6999999999999998,2003.5497716552989,0.015750100021250546
Dynamic Carbon,1000,10,Max-Min,277.6200000000025,1026.7793,1.0,0.0,0.8499999999999998,2003.5497716552989,0.017046199995093048
Dynamic Carbon,1000,10,GA,277.6200000000025,925.3592999999996,1.0,0.0,0.8499999999999998,2003.5497716552989,0.026004599989391863
Dynamic Carbon,1000,10,Classical,238.4600000000013,1712.0875000000024,0.774,0.22599999999999998,0.7172499999999998,684.617548343599,0.03420640004333109
Dynamic Carbon,1000,10,Proposed Quantum-Inspired,225.64500000000055,1955.6585000000007,0.817,0.18300000000000005,0.6292000000000001,82.11691360493282,0.05816869996488094
Dynamic Carbon,1000,11,FCFS,223.84000000000037,1966.572999999999,0.847,0.15300000000000002,0.6249999999999999,37.04304928053305,0.014366600022185594
Dynamic Carbon,1000,11,Round Robin,223.84000000000037,1966.572999999999,0.847,0.15300000000000002,0.6249999999999999,37.04304928053305,0.014028300007339567
Dynamic Carbon,1000,11,Min-Min,184.35999999999962,1643.3969999999993,0.532,0.46799999999999997,0.6999999999999998,1995.755543021239,0.0164443000103347
Dynamic Carbon,1000,11,Max-Min,276.54000000000235,1021.9216000000008,1.0,0.0,0.8499999999999998,1995.755543021239,0.015487500000745058
Dynamic Carbon,1000,11,GA,276.54000000000235,923.5370999999998,1.0,0.0,0.8499999999999998,1995.755543021239,0.026043199992273003
Dynamic Carbon,1000,11,Classical,242.37500000000136,1684.9441999999983,0.809,0.19099999999999995,0.7266999999999998,774.6268053069168,0.03531860001385212
Dynamic Carbon,1000,11,Proposed Quantum-Inspired,223.38000000000065,1961.4664000000002,0.835,0.16500000000000004,0.62815,75.16772911296442,0.05356539995409548
Dynamic Carbon,1000,12,FCFS,224.97500000000076,1956.3311,0.849,0.15100000000000002,0.6249999999999999,50.39841267341661,0.013011000002734363
Dynamic Carbon,1000,12,Round Robin,224.97500000000076,1956.3311,0.849,0.15100000000000002,0.6249999999999999,50.39841267341661,0.012765899999067187
Dynamic Carbon,1000,12,Min-Min,184.79999999999967,1651.5250000000012,0.514,0.486,0.6999999999999998,2000.5186827420532,0.014070899982471019
Dynamic Carbon,1000,12,Max-Min,277.20000000000243,1022.2688000000002,1.0,0.0,0.8499999999999998,2000.5186827420532,0.015258900006301701
Dynamic Carbon,1000,12,GA,277.20000000000243,921.7965999999996,1.0,0.0,0.8499999999999998,2000.5186827420532,0.0238538000266999
Dynamic Carbon,1000,12,Classical,241.7500000000013,1675.4842000000044,0.793,0.20699999999999996,0.7257999999999999,765.0506519178975,0.03139339998597279
Dynamic Carbon,1000,12,Proposed Quantum-Inspired,226.01000000000053,1965.4634999999998,0.847,0.15300000000000002,0.62095,31.709619991415853,0.05158609995851293
Dynamic Carbon,1000,13,FCFS,222.84000000000074,1951.1210999999996,0.828,0.17200000000000004,0.6249999999999999,9.730750228014282,0.014190100017003715
Dynamic Carbon,1000,13,Round Robin,222.84000000000074,1951.1210999999996,0.828,0.17200000000000004,0.6249999999999999,9.730750228014282,0.013752600003499538
Dynamic Carbon,1000,13,Min-Min,182.75999999999976,1626.3926000000001,0.516,0.484,0.6999999999999998,1978.4350349455501,0.01436119998106733
Dynamic Carbon,1000,13,Max-Min,274.1400000000023,1014.4143000000005,1.0,0.0,0.8499999999999998,1978.4350349455501,0.014302400057204068
Dynamic Carbon,1000,13,GA,274.1400000000023,916.0203000000006,1.0,0.0,0.8499999999999998,1978.4350349455501,0.02460929995868355
Dynamic Carbon,1000,13,Classical,241.46500000000137,1646.2014000000006,0.815,0.18500000000000005,0.7317999999999999,815.1654356632156,0.032898099976591766
Dynamic Carbon,1000,13,Proposed Quantum-Inspired,222.03500000000085,1936.817300000003,0.847,0.15300000000000002,0.62995,98.64931576042481,0.09555819997331128
Dynamic Carbon,1000,14,FCFS,220.19000000000034,1914.6014,0.846,0.15400000000000003,0.6249999999999999,29.483045975611137,0.014054599974770099
Dynamic Carbon,1000,14,Round Robin,220.19000000000034,1914.6014,0.846,0.15400000000000003,0.6249999999999999,29.483045975611137,0.013327299966476858
Dynamic Carbon,1000,14,Min-Min,180.55999999999946,1603.2177999999992,0.543,0.45699999999999996,0.6999999999999998,1954.619336341478,0.014292900043074042
Dynamic Carbon,1000,14,Max-Min,270.84000000000225,1003.985800000001,1.0,0.0,0.8499999999999998,1954.619336341478,0.015535300015471876
Dynamic Carbon,1000,14,GA,270.84000000000225,906.3923000000002,1.0,0.0,0.8499999999999998,1954.619336341478,0.025213500019162893
Dynamic Carbon,1000,14,Classical,240.1200000000011,1615.190199999998,0.831,0.16900000000000004,0.7344999999999999,844.0599800962015,0.032246400020085275
Dynamic Carbon,1000,14,Proposed Quantum-Inspired,220.59500000000057,1901.9078000000018,0.835,0.16500000000000004,0.62965,49.711668650327965,0.05253950000042096
Dynamic Carbon,1000,15,FCFS,217.5850000000008,1883.991100000003,0.829,0.17100000000000004,0.6249999999999999,13.790848414800301,0.014166800014209002
Dynamic Carbon,1000,15,Round Robin,217.5850000000008,1883.991100000003,0.829,0.17100000000000004,0.6249999999999999,13.790848414800301,0.01342339999973774
Dynamic Carbon,1000,15,Min-Min,178.19999999999987,1566.9159999999983,0.492,0.508,0.6999999999999998,1929.0715869298372,0.014590599981602281
Dynamic Carbon,1000,15,Max-Min,267.30000000000206,998.5386000000003,1.0,0.0,0.8499999999999998,1929.0715869298372,0.015001700026914477
Dynamic Carbon,1000,15,GA,267.30000000000206,889.9998999999998,1.0,0.0,0.8499999999999998,1929.0715869298372,0.024333100009243935
Dynamic Carbon,1000,15,Classical,235.7100000000013,1591.5718999999974,0.8,0.19999999999999996,0.7296999999999998,808.9587056828055,0.032622900034766644
Dynamic Carbon,1000,15,Proposed Quantum-Inspired,214.88500000000067,1913.6688999999985,0.807,0.19299999999999995,0.6205,79.0865823006659,0.054798000026494265
Dynamic Carbon,1000,16,FCFS,219.53000000000048,1945.522900000002,0.846,0.15400000000000003,0.6249999999999999,19.00657780874821,0.0150353999924846
Dynamic Carbon,1000,16,Round Robin,219.53000000000048,1945.522900000002,0.846,0.15400000000000003,0.6249999999999999,19.00657780874821,0.013857999991159886
Dynamic Carbon,1000,16,Min-Min,180.5599999999998,1607.2354999999986,0.494,0.506,0.6999999999999998,1954.619336341478,0.015313000010792166
Dynamic Carbon,1000,16,Max-Min,270.8400000000024,1001.9830000000011,1.0,0.0,0.8499999999999998,1954.619336341478,0.014837800001259893
Dynamic Carbon,1000,16,GA,270.8400000000024,911.5617000000009,1.0,0.0,0.8499999999999998,1954.619336341478,0.023876500024925917
Dynamic Carbon,1000,16,Classical,235.40500000000156,1688.9853000000035,0.788,0.21199999999999997,0.7212999999999999,698.4957050691149,0.03346160001819953
Dynamic Carbon,1000,16,Proposed Quantum-Inspired,220.3600000000004,1896.1080999999992,0.819,0.18100000000000005,0.6307,66.92719925411491,0.0526401000097394
Dynamic Carbon,1000,17,FCFS,219.99500000000063,1907.1593,0.826,0.17400000000000004,0.6249999999999999,36.61283927804562,0.015448999998625368
Dynamic Carbon,1000,17,Round Robin,219.99500000000063,1907.1593,0.826,0.17400000000000004,0.6249999999999999,36.61283927804562,0.013134700013324618
Dynamic Carbon,1000,17,Min-Min,179.8399999999997,1603.2025999999987,0.498,0.502,0.6999999999999998,1946.825107707418,0.014083800022490323
Dynamic Carbon,1000,17,Max-Min,269.76000000000255,996.805700000001,1.0,0.0,0.8499999999999998,1946.825107707418,0.015750299964565784
Dynamic Carbon,1000,17,GA,269.76000000000255,898.3837000000012,1.0,0.0,0.8499999999999998,1946.825107707418,0.02416499995160848
Dynamic Carbon,1000,17,Classical,235.82000000000178,1645.9206999999988,0.798,0.20199999999999996,0.7206999999999998,735.7214146672638,0.03308470000047237
Dynamic Carbon,1000,17,Proposed Quantum-Inspired,218.83500000000072,1886.1529999999998,0.833,0.16700000000000004,0.6292000000000001,74.15861379502721,0.054254200018476695
Dynamic Carbon,1000,18,FCFS,223.4950000000004,1946.3478999999988,0.842,0.15800000000000003,0.6249999999999999,34.0697813318489,0.014454200048930943
Dynamic Carbon,1000,18,Round Robin,223.4950000000004,1946.3478999999988,0.842,0.15800000000000003,0.6249999999999999,34.0697813318489,0.013568700000178069
Dynamic Carbon,1000,18,Min-Min,183.43999999999957,1633.0887000000002,0.525,0.475,0.6999999999999998,1985.7962508777177,0.01435819995822385
Dynamic Carbon,1000,18,Max-Min,275.16000000000236,1017.8634000000008,1.0,0.0,0.8499999999999998,1985.7962508777177,0.014762500009965152
Dynamic Carbon,1000,18,GA,275.16000000000236,914.5650999999993,1.0,0.0,0.8499999999999998,1985.7962508777177,0.0263783999835141
Dynamic Carbon,1000,18,Classical,240.08000000000112,1659.0012999999983,0.804,0.19599999999999995,0.7229499999999999,762.8320588438847,0.03385870001511648
Dynamic Carbon,1000,18,Proposed Quantum-Inspired,224.4550000000005,1933.1999999999994,0.823,0.17700000000000005,0.6281500000000001,55.13846207503434,0.058003899990580976
Dynamic Carbon,1000,19,FCFS,220.2650000000007,1925.633900000001,0.828,0.17200000000000004,0.6249999999999999,7.084313657652377,0.014590400038287044
Dynamic Carbon,1000,19,Round Robin,220.2650000000007,1925.633900000001,0.828,0.17200000000000004,0.6249999999999999,7.084313657652377,0.014219800010323524
Dynamic Carbon,1000,19,Min-Min,180.75999999999956,1599.4272999999985,0.486,0.514,0.6999999999999998,1956.784399850939,0.015335100004449487
Dynamic Carbon,1000,19,Max-Min,271.14000000000215,1007.8759000000014,1.0,0.0,0.8499999999999998,1956.784399850939,0.015524699992965907
Dynamic Carbon,1000,19,GA,271.14000000000215,907.3807,1.0,0.0,0.8499999999999998,1956.784399850939,0.024459300038870424
Dynamic Carbon,1000,19,Classical,235.73000000000138,1661.2400999999998,0.782,0.21799999999999997,0.7233999999999998,728.398371428712,0.03370379999978468
Dynamic Carbon,1000,19,Proposed Quantum-Inspired,221.16500000000045,1922.6714000000004,0.828,0.17200000000000004,0.6217,81.17073056219218,0.05384919996140525
Dynamic Carbon,1000,20,FCFS,220.4700000000005,1947.4813000000001,0.815,0.18500000000000005,0.6249999999999999,27.343874999714288,0.014949899981729686
Dynamic Carbon,1000,20,Round Robin,220.4700000000005,1947.4813000000001,0.815,0.18500000000000005,0.6249999999999999,27.343874999714288,0.013327599968761206
Dynamic Carbon,1000,20,Min-Min,181.23999999999992,1609.2547999999988,0.507,0.493,0.6999999999999998,1961.9805522736458,0.014964399975724518
Dynamic Carbon,1000,20,Max-Min,271.8600000000021,1007.7809000000009,1.0,0.0,0.8499999999999998,1961.9805522736458,0.015245299960952252
Dynamic Carbon,1000,20,GA,271.8600000000021,907.5757999999995,1.0,0.0,0.8499999999999998,1961.9805522736458,0.026108100020792335
Dynamic Carbon,1000,20,Classical,239.00000000000108,1635.1363000000024,0.794,0.20599999999999996,0.7314999999999999,796.2466247966141,0.034354900009930134
Dynamic Carbon,1000,20,Proposed Quantum-Inspired,219.79000000000065,1889.144000000003,0.824,0.17600000000000005,0.6326499999999999,100.05092453345947,0.05382069997722283
Dynamic Carbon,1000,21,FCFS,213.72500000000065,1890.823699999999,0.843,0.15700000000000003,0.6249999999999999,38.75886995256699,0.013999799964949489
Dynamic Carbon,1000,21,Round Robin,213.72500000000065,1890.823699999999,0.843,0.15700000000000003,0.6249999999999999,38.75886995256699,0.013301200000569224
Dynamic Carbon,1000,21,Min-Min,175.59999999999982,1543.0250999999982,0.54,0.45999999999999996,0.6999999999999998,1900.9257613068428,0.014275000023189932
Dynamic Carbon,1000,21,Max-Min,263.4000000000022,984.4714000000001,1.0,0.0,0.8499999999999998,1900.9257613068428,0.015540199994575232
Dynamic Carbon,1000,21,GA,263.4000000000022,882.0347000000015,1.0,0.0,0.8499999999999998,1900.9257613068428,0.06619679997675121
Dynamic Carbon,1000,21,Classical,230.70500000000138,1600.9089000000006,0.818,0.18200000000000005,0.7296999999999998,744.9384202737834,0.03462370001943782
Dynamic Carbon,1000,21,Proposed Quantum-Inspired,214.33500000000026,1858.6726999999987,0.843,0.15700000000000003,0.6344500000000001,25.3229145242012,0.0554132999968715
Dynamic Carbon,1000,22,FCFS,219.0250000000004,1934.2233000000017,0.842,0.15800000000000003,0.6249999999999999,21.0535032714273,0.014969700016081333
Dynamic Carbon,1000,22,Round Robin,219.0250000000004,1934.2233000000017,0.842,0.15800000000000003,0.6249999999999999,21.0535032714273,0.013782399997580796
Dynamic Carbon,1000,22,Min-Min,179.76,1601.776899999999,0.535,0.46499999999999997,0.6999999999999998,1945.9590823036337,0.01551090000430122
Dynamic Carbon,1000,22,Max-Min,269.64000000000243,996.7180000000013,1.0,0.0,0.8499999999999998,1945.9590823036337,0.015627399960067123
Dynamic Carbon,1000,22,GA,269.64000000000243,904.7205000000018,1.0,0.0,0.8499999999999998,1945.9590823036337,0.03566669998690486
Dynamic Carbon,1000,22,Classical,238.41000000000162,1610.3091999999983,0.818,0.18200000000000005,0.7355499999999998,833.4034137199103,0.03330539999296889
Dynamic Carbon,1000,22,Proposed Quantum-Inspired,218.20500000000067,1914.8062000000011,0.821,0.17900000000000005,0.6260500000000001,72.58615570478987,0.061198599985800683
Dynamic Carbon,1000,23,FCFS,212.33500000000052,1872.682100000001,0.844,0.15600000000000003,0.6249999999999999,27.35415873317986,0.016175700002349913
Dynamic Carbon,1000,23,Round Robin,212.33500000000052,1872.682100000001,0.844,0.15600000000000003,0.6249999999999999,27.35415873317986,0.01801309996517375
Dynamic Carbon,1000,23,Min-Min,174.7999999999995,1542.9256999999973,0.54,0.45999999999999996,0.6999999999999998,1892.2655072689984,0.016839399992022663
Dynamic Carbon,1000,23,Max-Min,262.20000000000226,976.5090000000008,1.0,0.0,0.8499999999999998,1892.2655072689984,0.015122600016184151
Dynamic Carbon,1000,23,GA,262.20000000000226,876.0199000000011,1.0,0.0,0.8499999999999998,1892.2655072689984,0.024940999981481582
Dynamic Carbon,1000,23,Classical,229.24500000000148,1595.5557999999996,0.805,0.19499999999999995,0.7258,724.5434769563522,0.03398800001014024
Dynamic Carbon,1000,23,Proposed Quantum-Inspired,212.63500000000036,1854.8428000000001,0.845,0.15500000000000003,0.6293500000000001,37.73923687622737,0.052498499979265034
Dynamic Carbon,1000,24,FCFS,217.4600000000005,1901.222600000001,0.864,0.136,0.6249999999999999,14.428704030508076,0.014579700015019625
Dynamic Carbon,1000,24,Round Robin,217.4600000000005,1901.222600000001,0.864,0.136,0.6249999999999999,14.428704030508076,0.012934099999256432
Dynamic Carbon,1000,24,Min-Min,178.27999999999963,1578.2965999999988,0.536,0.46399999999999997,0.6999999999999998,1929.9376123336215,0.01380700001027435
Dynamic Carbon,1000,24,Max-Min,267.42000000000235,993.6444000000008,1.0,0.0,0.8499999999999998,1929.9376123336215,0.014757300028577447
Dynamic Carbon,1000,24,GA,267.42000000000235,893.0264000000006,1.0,0.0,0.8499999999999998,1929.9376123336215,0.02395629999227822
Dynamic Carbon,1000,24,Classical,233.55000000000146,1630.830400000002,0.811,0.18899999999999995,0.7248999999999999,734.6857746683272,0.03207779995864257
Dynamic Carbon,1000,24,Proposed Quantum-Inspired,217.48500000000087,1889.8577999999993,0.849,0.15100000000000002,0.6313,36.615399765672365,0.0649023000150919
Dynamic Carbon,1000,25,FCFS,220.57500000000033,1918.9046999999987,0.857,0.14300000000000002,0.6249999999999999,22.74862633215465,0.014134099998045713
Dynamic Carbon,1000,25,Round Robin,220.57500000000033,1918.9046999999987,0.857,0.14300000000000002,0.6249999999999999,22.74862633215465,0.0147685999982059
Dynamic Carbon,1000,25,Min-Min,180.63999999999996,1601.1794999999975,0.517,0.483,0.6999999999999998,1955.4853617452625,0.01614049996715039
Dynamic Carbon,1000,25,Max-Min,270.9600000000024,1005.8301000000006,1.0,0.0,0.8499999999999998,1955.4853617452625,0.016034800035413355
Dynamic Carbon,1000,25,GA,270.9600000000024,910.3698000000016,1.0,0.0,0.8499999999999998,1955.4853617452625,0.023799399961717427
Dynamic Carbon,1000,25,Classical,237.96000000000117,1634.911,0.804,0.19599999999999995,0.7349499999999998,796.5343683733929,0.03227570001035929
Dynamic Carbon,1000,25,Proposed Quantum-Inspired,219.86000000000058,1906.1427000000003,0.828,0.17200000000000004,0.6269499999999999,52.52142420003479,0.053861299995332956
Dynamic Carbon,1000,26,FCFS,221.94000000000074,1951.3023999999998,0.843,0.15700000000000003,0.6249999999999999,15.890248582070704,0.014274299959652126
Dynamic Carbon,1000,26,Round Robin,221.94000000000074,1951.3023999999998,0.843,0.15700000000000003,0.6249999999999999,15.890248582070704,0.01323799998499453
Dynamic Carbon,1000,26,Min-Min,182.07999999999987,1603.1838999999989,0.542,0.45799999999999996,0.6999999999999998,1971.0738190133823,0.013963700039312243
Dynamic Carbon,1000,26,Max-Min,273.1200000000022,1019.2128000000008,1.0,0.0,0.8499999999999998,1971.0738190133823,0.014520200027618557
Dynamic Carbon,1000,26,GA,273.1200000000022,914.2002,1.0,0.0,0.8499999999999998,1971.0738190133823,0.025995399977546185
Dynamic Carbon,1000,26,Classical,239.7400000000011,1655.4489000000012,0.811,0.18899999999999995,0.7286499999999999,785.1557170396201,0.03291280003031716
Dynamic Carbon,1000,26,Proposed Quantum-Inspired,221.52000000000066,1939.0663000000015,0.844,0.15600000000000003,0.6237999999999999,39.84344362627307,0.05451090005226433
Dynamic Carbon,1000,27,FCFS,218.6950000000007,1911.2768,0.842,0.15800000000000003,0.6249999999999999,35.33411948810951,0.015707499987911433
Dynamic Carbon,1000,27,Round Robin,218.6950000000007,1911.2768,0.842,0.15800000000000003,0.6249999999999999,35.33411948810951,0.01336410001385957
Dynamic Carbon,1000,27,Min-Min,179.20000000000002,1592.699299999999,0.486,0.514,0.6999999999999998,1939.8969044771425,0.015554499987047166
Dynamic Carbon,1000,27,Max-Min,268.8000000000022,995.6469000000008,1.0,0.0,0.8499999999999998,1939.8969044771425,0.01446029997896403
Dynamic Carbon,1000,27,GA,268.8000000000022,898.8462000000015,1.0,0.0,0.8499999999999998,1939.8969044771425,0.023583700007293373
Dynamic Carbon,1000,27,Classical,237.01000000000164,1599.8809999999987,0.8,0.19999999999999996,0.7353999999999998,818.4693030285254,0.034095300012268126
Dynamic Carbon,1000,27,Proposed Quantum-Inspired,216.92500000000084,1909.8009000000009,0.818,0.18200000000000005,0.631,86.29310517069136,0.05495980003615841
Dynamic Carbon,1000,28,FCFS,209.44500000000076,1823.2351999999996,0.842,0.15800000000000003,0.6249999999999999,27.83433131943356,0.014099200023338199
Dynamic Carbon,1000,28,Round Robin,209.44500000000076,1823.2351999999996,0.842,0.15800000000000003,0.6249999999999999,27.83433131943356,0.013345799990929663
Dynamic Carbon,1000,28,Min-Min,171.5999999999997,1512.1734,0.524,0.476,0.6999999999999998,1857.624491117621,0.013938099960796535
Dynamic Carbon,1000,28,Max-Min,257.400000000002,959.874800000001,1.0,0.0,0.8499999999999998,1857.624491117621,0.015037400007713586
Dynamic Carbon,1000,28,GA,257.400000000002,852.2769000000013,1.0,0.0,0.8499999999999998,1857.624491117621,0.0242625999962911
Dynamic Carbon,1000,28,Classical,223.42500000000135,1583.0404999999985,0.783,0.21699999999999997,0.7139499999999999,646.8402043781756,0.03367859998252243
Dynamic Carbon,1000,28,Proposed Quantum-Inspired,207.80000000000044,1830.7073999999989,0.836,0.16400000000000003,0.6194500000000001,58.95125104694556,0.05331450002267957
Dynamic Carbon,1000,29,FCFS,218.36000000000044,1933.0624000000005,0.849,0.15100000000000002,0.6249999999999999,44.94093345715017,0.014105400012340397
Dynamic Carbon,1000,29,Round Robin,218.36000000000044,1933.0624000000005,0.849,0.15100000000000002,0.6249999999999999,44.94093345715017,0.05629219999536872
Dynamic Carbon,1000,29,Min-Min,179.31999999999925,1591.8130999999987,0.529,0.471,0.6999999999999998,1941.1959425828193,0.015459099959116429
Dynamic Carbon,1000,29,Max-Min,268.9800000000025,997.3000000000001,1.0,0.0,0.8499999999999998,1941.1959425828193,0.01457900000968948
Dynamic Carbon,1000,29,GA,268.9800000000025,897.2469999999994,1.0,0.0,0.8499999999999998,1941.1959425828193,0.023509400023613125
Dynamic Carbon,1000,29,Classical,236.3800000000014,1614.581200000001,0.812,0.18799999999999994,0.7311999999999999,790.6849483201258,0.03348889999324456
Dynamic Carbon,1000,29,Proposed Quantum-Inspired,219.6250000000004,1892.126099999999,0.844,0.15600000000000003,0.6274000000000001,43.68280554176895,0.05382939998526126
Dynamic Carbon,2000,0,FCFS,435.82000000000346,3814.1532000000047,0.8395,0.16049999999999998,0.6249999999999999,19.253246479490155,0.027194500027690083
Dynamic Carbon,2000,0,Round Robin,435.82000000000346,3814.1532000000047,0.8395,0.16049999999999998,0.6249999999999999,19.253246479490155,0.027637799968943
Dynamic Carbon,2000,0,Min-Min,357.6399999999996,3170.7906999999977,0.5275,0.47250000000000003,0.6999999999999998,3871.566567618333,0.03367440000874922
Dynamic Carbon,2000,0,Max-Min,536.4600000000097,1990.9984999999974,1.0,0.0,0.8499999999999998,3871.566567618333,0.030782599991653115
Dynamic Carbon,2000,0,GA,536.4600000000097,1794.472599999997,1.0,0.0,0.8499999999999998,3871.566567618333,0.04961450002156198
Dynamic Carbon,2000,0,Classical,486.2400000000099,2770.6343,0.861,0.139,0.7751499999999999,2241.767313415913,0.06624620000366122
Dynamic Carbon,2000,0,Proposed Quantum-Inspired,433.1000000000032,3808.7105000000056,0.8355,0.16449999999999998,0.6253,161.0875150345302,0.10893930000020191
Dynamic Carbon,2000,1,FCFS,442.6650000000036,3894.640099999991,0.8345,0.16549999999999998,0.6249999999999999,40.786027019066225,0.027526399993803352
Dynamic Carbon,2000,1,Round Robin,442.6650000000036,3894.640099999991,0.8345,0.16549999999999998,0.6249999999999999,40.786027019066225,0.02771809999831021
Dynamic Carbon,2000,1,Min-Min,363.5199999999997,3228.347399999999,0.511,0.489,0.6999999999999998,3935.219434796489,0.02912999998079613
Dynamic Carbon,2000,1,Max-Min,545.2800000000086,2021.0367999999985,1.0,0.0,0.8499999999999998,3935.219434796489,0.030941499979235232
Dynamic Carbon,2000,1,GA,545.2800000000086,1822.0348000000015,1.0,0.0,0.8499999999999998,3935.219434796489,0.04895179998129606
Dynamic Carbon,2000,1,Classical,489.80000000001013,2859.3864999999905,0.8455,0.15449999999999997,0.7709499999999998,2189.745989835351,0.06507130002137274
Dynamic Carbon,2000,1,Proposed Quantum-Inspired,440.7250000000033,3854.104599999989,0.8165,0.1835,0.628075,125.43723530116566,0.11168029997497797
Dynamic Carbon,2000,2,FCFS,437.07500000000374,3832.3044000000123,0.83,0.17000000000000004,0.6249999999999999,40.263972729972885,0.02868669998133555
Dynamic Carbon,2000,2,Round Robin,437.07500000000374,3832.3044000000123,0.83,0.17000000000000004,0.6249999999999999,40.263972729972885,0.027076799946371466
Dynamic Carbon,2000,2,Min-Min,358.83999999999884,3180.457099999997,0.499,0.501,0.6999999999999998,3884.5569486750996,0.07279950001975521
Dynamic Carbon,2000,2,Max-Min,538.260000000009,1998.1737999999984,1.0,0.0,0.8499999999999998,3884.5569486750996,0.03129590000025928
Dynamic Carbon,2000,2,GA,538.260000000009,1803.0760000000005,1.0,0.0,0.8499999999999998,3884.5569486750996,0.0510690999799408
Dynamic Carbon,2000,2,Classical,491.55500000001047,2750.1192999999994,0.8725,0.12749999999999995,0.7759749999999999,2322.314833845747,0.07827220001490787
Dynamic Carbon,2000,2,Proposed Quantum-Inspired,437.8000000000038,3784.3272999999995,0.8325,0.16749999999999998,0.6318250000000001,112.82591679219806,0.11946089996490628
Dynamic Carbon,2000,3,FCFS,433.75500000000306,3753.7863,0.8425,0.15749999999999997,0.6249999999999999,32.080952292598795,0.029311499965842813
Dynamic Carbon,2000,3,Round Robin,433.75500000000306,3753.7863,0.8425,0.15749999999999997,0.6249999999999999,32.080952292598795,0.029753199953120202
Dynamic Carbon,2000,3,Min-Min,355.4,3144.627099999996,0.516,0.484,0.6999999999999998,3847.317856312369,0.033646500029135495
Dynamic Carbon,2000,3,Max-Min,533.1000000000093,1981.680199999997,1.0,0.0,0.8499999999999998,3847.317856312369,0.032191700011026114
Dynamic Carbon,2000,3,GA,533.1000000000093,1773.7066000000023,1.0,0.0,0.8499999999999998,3847.317856312369,0.05431999999564141
Dynamic Carbon,2000,3,Classical,488.40000000001004,2682.179499999998,0.8795,0.12050000000000005,0.7746999999999998,2348.236292944132,0.07133940001949668
Dynamic Carbon,2000,3,Proposed Quantum-Inspired,434.73000000000343,3742.300399999997,0.848,0.15200000000000002,0.626875,60.87025135482849,0.11285670002689585
Dynamic Carbon,2000,4,FCFS,430.6200000000041,3766.821700000001,0.829,0.17100000000000004,0.6249999999999999,25.183079636930824,0.030124499986413866
Dynamic Carbon,2000,4,Round Robin,430.6200000000041,3766.821700000001,0.829,0.17100000000000004,0.6249999999999999,25.183079636930824,0.02835070004221052
Dynamic Carbon,2000,4,Min-Min,353.8800000000004,3136.4404999999974,0.508,0.492,0.6999999999999998,3830.8633736404645,0.03159560001222417
Dynamic Carbon,2000,4,Max-Min,530.8200000000109,1970.5692999999958,1.0,0.0,0.8499999999999998,3830.8633736404645,0.03429920005146414
Dynamic Carbon,2000,4,GA,530.8200000000109,1769.8949999999993,1.0,0.0,0.8499999999999998,3830.8633736404645,0.05197039997437969
Dynamic Carbon,2000,4,Classical,485.0100000000103,2695.373300000003,0.8785,0.12150000000000005,0.7763499999999999,2299.5602161065494,0.07020070002181455
Dynamic Carbon,2000,4,Proposed Quantum-Inspired,427.66000000000315,3735.760100000001,0.8235,0.1765,0.632125,182.21741821242009,0.1532883999752812
Dynamic Carbon,2000,5,FCFS,434.57500000000266,3816.7072000000085,0.835,0.16500000000000004,0.6249999999999999,33.24154027718932,0.027325800037942827
Dynamic Carbon,2000,5,Round Robin,434.57500000000266,3816.7072000000085,0.835,0.16500000000000004,0.6249999999999999,33.24154027718932,0.029523500008508563
Dynamic Carbon,2000,5,Min-Min,357.11999999999927,3157.769499999998,0.528,0.472,0.6999999999999998,3865.937402493734,0.02916239999467507
Dynamic Carbon,2000,5,Max-Min,535.6800000000097,1992.3072999999977,1.0,0.0,0.8499999999999998,3865.937402493734,0.03067980002379045
Dynamic Carbon,2000,5,GA,535.6800000000097,1789.9550000000004,1.0,0.0,0.8499999999999998,3865.937402493734,0.05238079995615408
Dynamic Carbon,2000,5,Classical,489.1500000000106,2726.7887999999953,0.874,0.126,0.7743249999999998,2314.859390978208,0.07586770004127175
Dynamic Carbon,2000,5,Proposed Quantum-Inspired,435.4050000000027,3810.2096000000006,0.8445,0.15549999999999997,0.6271749999999999,68.01102851743973,0.11118800000986084
Dynamic Carbon,2000,6,FCFS,436.54000000000326,3820.7302,0.8265,0.1735,0.6249999999999999,30.894983411550815,0.029544199991505593
Dynamic Carbon,2000,6,Round Robin,436.54000000000326,3820.7302,0.8265,0.1735,0.6249999999999999,30.894983411550815,0.031390000018291175
Dynamic Carbon,2000,6,Min-Min,358.3999999999996,3180.014899999999,0.514,0.486,0.6999999999999998,3879.793808954285,0.028780599997844547
Dynamic Carbon,2000,6,Max-Min,537.6000000000099,1993.9852999999969,1.0,0.0,0.8499999999999998,3879.793808954285,0.03161790000740439
Dynamic Carbon,2000,6,GA,537.6000000000099,1787.3723000000014,1.0,0.0,0.8499999999999998,3879.793808954285,0.05106979998527095
Dynamic Carbon,2000,6,Classical,499.8300000000109,2597.0349000000033,0.893,0.10699999999999998,0.7866249999999998,2569.102177804534,0.06892079999670386
Dynamic Carbon,2000,6,Proposed Quantum-Inspired,435.14000000000283,3768.5809999999965,0.8275,0.1725,0.630325,121.54217375051344,0.11442270001862198
Dynamic Carbon,2000,7,FCFS,447.9900000000026,3870.7548999999967,0.829,0.17100000000000004,0.6249999999999999,37.45330426010501,0.028751200006809086
Dynamic Carbon,2000,7,Round Robin,447.9900000000026,3870.7548999999967,0.829,0.17100000000000004,0.6249999999999999,37.45330426010501,0.027917400002479553
Dynamic Carbon,2000,7,Min-Min,367.1199999999984,3258.1274999999964,0.5075,0.49250000000000005,0.6999999999999998,3974.190577966789,0.07271559996297583
Dynamic Carbon,2000,7,Max-Min,550.6800000000082,2042.148399999998,1.0,0.0,0.8499999999999998,3974.190577966789,0.03276710002683103
Dynamic Carbon,2000,7,GA,550.6800000000082,1827.0366000000008,1.0,0.0,0.8499999999999998,3974.190577966789,0.05347869999241084
Dynamic Carbon,2000,7,Classical,497.92500000001,2854.484599999999,0.856,0.14400000000000002,0.7696,2262.3380052503207,0.07208960002753884
Dynamic Carbon,2000,7,Proposed Quantum-Inspired,447.40500000000304,3854.488400000004,0.8265,0.1735,0.630775,81.12490369793976,0.11539789999369532
Dynamic Carbon,2000,8,FCFS,435.59000000000293,3826.1951000000113,0.841,0.15900000000000003,0.6249999999999999,52.112258634605354,0.030240300053264946
Dynamic Carbon,2000,8,Round Robin,435.59000000000293,3826.1951000000113,0.841,0.15900000000000003,0.6249999999999999,52.112258634605354,0.03048539999872446
Dynamic Carbon,2000,8,Min-Min,356.99999999999886,3152.7264999999966,0.5295,0.47050000000000003,0.6999999999999998,3864.6383643880577,0.031384300033096224
Dynamic Carbon,2000,8,Max-Min,535.5000000000095,1993.6254999999987,1.0,0.0,0.8499999999999998,3864.6383643880577,0.03226499998709187
Dynamic Carbon,2000,8,GA,535.5000000000095,1795.4018,1.0,0.0,0.8499999999999998,3864.6383643880577,0.05350420001195744
Dynamic Carbon,2000,8,Classical,494.98500000001036,2647.7045000000044,0.8935,0.10650000000000004,0.7841499999999999,2472.9873003111034,0.07378670002799481
Dynamic Carbon,2000,8,Proposed Quantum-Inspired,435.41000000000327,3767.6944000000067,0.8465,0.15349999999999997,0.631225,154.80532129096855,0.10857330000726506
Dynamic Carbon,2000,9,FCFS,440.9450000000037,3841.7674999999995,0.839,0.16100000000000003,0.6249999999999999,42.15744299646268,0.027097699989099056
Dynamic Carbon,2000,9,Round Robin,440.9450000000037,3841.7674999999995,0.839,0.16100000000000003,0.6249999999999999,42.15744299646268,0.026853299990762025
Dynamic Carbon,2000,9,Min-Min,361.19999999999965,3209.464099999996,0.5285,0.47150000000000003,0.6999999999999998,3910.1046980867404,0.03130490001058206
Dynamic Carbon,2000,9,Max-Min,541.8000000000095,2007.2695999999983,1.0,0.0,0.8499999999999998,3910.1046980867404,0.03052989998832345
Dynamic Carbon,2000,9,GA,541.8000000000095,1807.3913999999986,1.0,0.0,0.8499999999999998,3910.1046980867404,0.047581200022250414
Dynamic Carbon,2000,9,Classical,490.46500000001,2790.200100000003,0.86,0.14,0.7761999999999998,2259.262877577552,0.06546209997031838
Dynamic Carbon,2000,9,Proposed Quantum-Inspired,442.1700000000034,3838.4322000000025,0.8345,0.16549999999999998,0.6303249999999999,75.59927248327196,0.1475127000012435
Dynamic Carbon,2000,10,FCFS,438.3100000000037,3846.504400000002,0.8395,0.16049999999999998,0.6249999999999999,59.95571282204891,0.03155269997660071
Dynamic Carbon,2000,10,Round Robin,438.3100000000037,3846.504400000002,0.8395,0.16049999999999998,0.6249999999999999,59.95571282204891,0.0267131999717094
Dynamic Carbon,2000,10,Min-Min,359.2400000000005,3191.556899999999,0.5035,0.49650000000000005,0.6999999999999998,3888.887075694022,0.02945860003819689
Dynamic Carbon,2000,10,Max-Min,538.8600000000099,1996.617299999998,1.0,0.0,0.8499999999999998,3888.887075694022,0.03130329999839887
Dynamic Carbon,2000,10,GA,538.8600000000099,1815.0921000000021,1.0,0.0,0.8499999999999998,3888.887075694022,0.051763700030278414
Dynamic Carbon,2000,10,Classical,490.6250000000104,2774.756500000002,0.8685,0.13149999999999995,0.7759749999999997,2295.835400785518,0.0701206999947317
Dynamic Carbon,2000,10,Proposed Quantum-Inspired,437.6600000000035,3797.6956000000046,0.8185,0.1815,0.632575,156.48222742535333,0.11234460002742708
Dynamic Carbon,2000,11,FCFS,442.195000000003,3866.8162000000057,0.8415,0.15849999999999997,0.6249999999999999,49.30770730829005,0.02963960001943633
Dynamic Carbon,2000,11,Round Robin,442.195000000003,3866.8162000000057,0.8415,0.15849999999999997,0.6249999999999999,49.30770730829005,0.027621900022495538
Dynamic Carbon,2000,11,Min-Min,362.95999999999987,3223.6976000000004,0.5375,0.4625,0.6999999999999998,3929.1572569699983,0.029606099997181445
Dynamic Carbon,2000,11,Max-Min,544.4400000000094,2017.7557999999985,1.0,0.0,0.8499999999999998,3929.1572569699983,0.03182660002494231
Dynamic Carbon,2000,11,GA,544.4400000000094,1828.1633999999992,1.0,0.0,0.8499999999999998,3929.1572569699983,0.050323799951002
Dynamic Carbon,2000,11,Classical,504.0600000000107,2706.825099999995,0.8865,0.11350000000000005,0.7817499999999997,2519.6942770899805,0.07048349996330217
Dynamic Carbon,2000,11,Proposed Quantum-Inspired,441.29000000000326,3892.3986000000064,0.8475,0.15249999999999997,0.626575,75.2744976735149,0.10880849999375641
Dynamic Carbon,2000,12,FCFS,446.3600000000035,3912.266700000006,0.852,0.14800000000000002,0.6249999999999999,50.19213085733659,0.028795499994885176
Dynamic Carbon,2000,12,Round Robin,446.3600000000035,3912.266700000006,0.852,0.14800000000000002,0.6249999999999999,50.19213085733659,0.027126199973281473
Dynamic Carbon,2000,12,Min-Min,366.31999999999937,3261.765999999997,0.538,0.46199999999999997,0.6999999999999998,3965.5303239289447,0.03014200000325218
Dynamic Carbon,2000,12,Max-Min,549.4800000000085,2032.328599999998,1.0,0.0,0.8499999999999998,3965.5303239289447,0.07321079995017499
Dynamic Carbon,2000,12,GA,549.4800000000085,1836.5899999999986,1.0,0.0,0.8499999999999998,3965.5303239289447,0.04985760001000017
Dynamic Carbon,2000,12,Classical,493.4150000000098,2899.5310000000068,0.852,0.14800000000000002,0.7699749999999997,2180.089963740029,0.06657299998914823
Dynamic Carbon,2000,12,Proposed Quantum-Inspired,447.2600000000025,3884.2987999999896,0.8445,0.15549999999999997,0.626575,42.72294465506796,0.11209000000962988
Dynamic Carbon,2000,13,FCFS,440.01000000000397,3858.399200000004,0.834,0.16600000000000004,0.6249999999999999,61.37792762874941,0.029299799993168563
Dynamic Carbon,2000,13,Round Robin,440.01000000000397,3858.399200000004,0.834,0.16600000000000004,0.6249999999999999,61.37792762874941,0.02634580002631992
Dynamic Carbon,2000,13,Min-Min,360.5599999999994,3202.816699999998,0.5155,0.48450000000000004,0.6999999999999998,3903.176494856465,0.03150470001855865
Dynamic Carbon,2000,13,Max-Min,540.8400000000092,2004.1943999999971,1.0,0.0,0.8499999999999998,3903.176494856465,0.030807800008915365
Dynamic Carbon,2000,13,GA,540.8400000000092,1808.4674999999975,1.0,0.0,0.8499999999999998,3903.176494856465,0.052188800007570535
Dynamic Carbon,2000,13,Classical,502.8350000000109,2625.8215999999943,0.8905,0.10950000000000004,0.7864749999999999,2577.7502303365236,0.06549220002489164
Dynamic Carbon,2000,13,Proposed Quantum-Inspired,439.39500000000373,3796.1070999999984,0.8435,0.15649999999999997,0.631375,131.29070797280363,0.1065766999963671
Dynamic Carbon,2000,14,FCFS,442.02500000000293,3839.4272000000055,0.833,0.16700000000000004,0.6249999999999999,55.17868700866305,0.029569100006483495
Dynamic Carbon,2000,14,Round Robin,442.02500000000293,3839.4272000000055,0.833,0.16700000000000004,0.6249999999999999,55.17868700866305,0.030926600040402263
Dynamic Carbon,2000,14,Min-Min,362.2799999999987,3220.7599999999984,0.528,0.472,0.6999999999999998,3921.7960410378305,0.03262630000244826
Dynamic Carbon,2000,14,Max-Min,543.4200000000096,2012.418799999998,1.0,0.0,0.8499999999999998,3921.7960410378305,0.03080100001534447
Dynamic Carbon,2000,14,GA,543.4200000000096,1810.1606000000027,1.0,0.0,0.8499999999999998,3921.7960410378305,0.053796399966813624
Dynamic Carbon,2000,14,Classical,502.7700000000105,2670.5087999999955,0.891,0.10899999999999999,0.7817499999999997,2522.646762331183,0.07126389996847138
Dynamic Carbon,2000,14,Proposed Quantum-Inspired,442.7700000000038,3786.3835999999983,0.839,0.16100000000000003,0.6319,106.59590751994187,0.15722870000172406
Dynamic Carbon,2000,15,FCFS,435.87500000000335,3773.6139000000016,0.8405,0.15949999999999998,0.6249999999999999,36.50599265874029,0.02961750002577901
Dynamic Carbon,2000,15,Round Robin,435.87500000000335,3773.6139000000016,0.8405,0.15949999999999998,0.6249999999999999,36.50599265874029,0.027837399975396693
Dynamic Carbon,2000,15,Min-Min,357.07999999999976,3152.4015999999974,0.511,0.489,0.6999999999999998,3865.5043897918417,0.029433000017888844
Dynamic Carbon,2000,15,Max-Min,535.6200000000098,1994.5980999999963,1.0,0.0,0.8499999999999998,3865.5043897918417,0.030477299995254725
Dynamic Carbon,2000,15,GA,535.6200000000098,1782.8914,1.0,0.0,0.8499999999999998,3865.5043897918417,0.04838170000584796
Dynamic Carbon,2000,15,Classical,485.42500000001024,2744.513399999999,0.856,0.14400000000000002,0.7740249999999999,2245.6916946678143,0.06514699995750561
Dynamic Carbon,2000,15,Proposed Quantum-Inspired,430.73000000000326,3800.0978999999998,0.8205,0.1795,0.628825,196.5926944217409,0.1115152999991551
Dynamic Carbon,2000,16,FCFS,435.3450000000033,3834.0969999999984,0.8485,0.15149999999999997,0.6249999999999999,31.212978070027216,0.03040280001005158
Dynamic Carbon,2000,16,Round Robin,435.3450000000033,3834.0969999999984,0.8485,0.15149999999999997,0.6249999999999999,31.212978070027216,0.027739499986637384
Dynamic Carbon,2000,16,Min-Min,357.68000000000046,3167.4672999999975,0.516,0.484,0.6999999999999998,3871.999580320225,0.031357500003650784
Dynamic Carbon,2000,16,Max-Min,536.52000000001,1993.0607999999968,1.0,0.0,0.8499999999999998,3871.999580320225,0.027765600010752678
Dynamic Carbon,2000,16,GA,536.52000000001,1798.195600000002,1.0,0.0,0.8499999999999998,3871.999580320225,0.050744300009682775
Dynamic Carbon,2000,16,Classical,480.2800000000094,2888.195900000002,0.8435,0.15649999999999997,0.7672749999999998,2059.8935045288144,0.06933989998651668
Dynamic Carbon,2000,16,Proposed Quantum-Inspired,438.1700000000031,3764.331700000004,0.835,0.16500000000000004,0.627775,103.16128149649946,0.11094029998639598
Dynamic Carbon,2000,17,FCFS,439.80000000000337,3818.945200000003,0.833,0.16700000000000004,0.6249999999999999,50.06246098625196,0.0318766999989748
Dynamic Carbon,2000,17,Round Robin,439.80000000000337,3818.945200000003,0.833,0.16700000000000004,0.6249999999999999,50.06246098625196,0.027189999993424863
Dynamic Carbon,2000,17,Min-Min,359.91999999999877,3196.860199999998,0.5015,0.49850000000000005,0.6999999999999998,3896.2482916261893,0.03064680000534281
Dynamic Carbon,2000,17,Max-Min,539.8800000000093,2000.7739999999965,1.0,0.0,0.8499999999999998,3896.2482916261893,0.032709999999497086
Dynamic Carbon,2000,17,GA,539.8800000000093,1802.9131999999984,1.0,0.0,0.8499999999999998,3896.2482916261893,0.09759809996467084
Dynamic Carbon,2000,17,Classical,488.9700000000103,2816.473599999999,0.861,0.139,0.7698999999999999,2217.8415745945426,0.0706345000071451
Dynamic Carbon,2000,17,Proposed Quantum-Inspired,438.5100000000036,3787.6414000000013,0.8305,0.16949999999999998,0.6322000000000001,90.50552469324732,0.10730260005220771
Dynamic Carbon,2000,18,FCFS,439.5550000000031,3880.5267999999974,0.8445,0.15549999999999997,0.6249999999999999,54.83327001009515,0.028296399977989495
Dynamic Carbon,2000,18,Round Robin,439.5550000000031,3880.5267999999974,0.8445,0.15549999999999997,0.6249999999999999,54.83327001009515,0.027406899956986308
Dynamic Carbon,2000,18,Min-Min,361.5599999999994,3206.5390999999963,0.534,0.46599999999999997,0.6999999999999998,3914.0018124037706,0.030642000027000904
Dynamic Carbon,2000,18,Max-Min,542.3400000000086,2012.3267999999982,1.0,0.0,0.8499999999999998,3914.0018124037706,0.03165040002204478
Dynamic Carbon,2000,18,GA,542.3400000000086,1814.2715999999975,1.0,0.0,0.8499999999999998,3914.0018124037706,0.049880500009749085
Dynamic Carbon,2000,18,Classical,493.90000000000975,2773.937500000004,0.8745,0.12549999999999994,0.7754499999999999,2319.3400327463846,0.06702759995823726
Dynamic Carbon,2000,18,Proposed Quantum-Inspired,443.4350000000039,3817.7037999999925,0.8375,0.16249999999999998,0.627625,102.37522893747295,0.11727230000542477
Dynamic Carbon,2000,19,FCFS,440.5000000000037,3849.0610000000047,0.8245,0.1755,0.6249999999999999,32.89756829919196,0.02965879999101162
Dynamic Carbon,2000,19,Round Robin,440.5000000000037,3849.0610000000047,0.8245,0.1755,0.6249999999999999,32.89756829919196,0.02587760001188144
Dynamic Carbon,2000,19,Min-Min,361.9999999999996,3212.900699999996,0.5015,0.49850000000000005,0.6999999999999998,3918.764952124585,0.03016110003227368
Dynamic Carbon,2000,19,Max-Min,543.000000000009,2013.542199999999,1.0,0.0,0.8499999999999998,3918.764952124585,0.03081869997549802
Dynamic Carbon,2000,19,GA,543.000000000009,1807.7404000000013,1.0,0.0,0.8499999999999998,3918.764952124585,0.05053639999823645
Dynamic Carbon,2000,19,Classical,489.8650000000101,2832.8272000000043,0.852,0.14800000000000002,0.7701249999999997,2204.2643330598985,0.06619380001211539
Dynamic Carbon,2000,19,Proposed Quantum-Inspired,442.26000000000334,3823.4508999999966,0.831,0.16900000000000004,0.6270249999999999,50.584088407324295,0.11631130002206191
Dynamic Carbon,2000,20,FCFS,440.39000000000334,3840.3858,0.826,0.17400000000000004,0.6249999999999999,28.331740151286155,0.029456100019160658
Dynamic Carbon,2000,20,Round Robin,440.39000000000334,3840.3858,0.826,0.17400000000000004,0.6249999999999999,28.331740151286155,0.027315200015436858
Dynamic Carbon,2000,20,Min-Min,361.0799999999997,3203.626999999996,0.5115,0.48850000000000005,0.6999999999999998,3908.805659981064,0.0757115000160411
Dynamic Carbon,2000,20,Max-Min,541.6200000000091,2008.9892999999986,1.0,0.0,0.8499999999999998,3908.805659981064,0.03122049994999543
Dynamic Carbon,2000,20,GA,541.6200000000091,1802.2992000000015,1.0,0.0,0.8499999999999998,3908.805659981064,0.048092000011820346
Dynamic Carbon,2000,20,Classical,497.45000000001045,2709.1739999999963,0.87,0.13,0.7802499999999998,2415.0624603724023,0.06745809997664765
Dynamic Carbon,2000,20,Proposed Quantum-Inspired,438.4650000000038,3791.4425999999985,0.826,0.17400000000000004,0.6318250000000001,122.21369604099206,0.10461479995865375
Dynamic Carbon,2000,21,FCFS,439.38000000000386,3824.21309999999,0.8425,0.15749999999999997,0.6249999999999999,33.818449106959356,0.028961600037291646
Dynamic Carbon,2000,21,Round Robin,439.38000000000386,3824.21309999999,0.8425,0.15749999999999997,0.6249999999999999,33.818449106959356,0.02710750000551343
Dynamic Carbon,2000,21,Min-Min,360.1999999999986,3194.539799999997,0.527,0.473,0.6999999999999998,3899.279380539435,0.029558299982454628
Dynamic Carbon,2000,21,Max-Min,540.3000000000096,2004.722799999999,1.0,0.0,0.8499999999999998,3899.279380539435,0.030148899997584522
Dynamic Carbon,2000,21,GA,540.3000000000096,1793.7314,1.0,0.0,0.8499999999999998,3899.279380539435,0.04918319999706
Dynamic Carbon,2000,21,Classical,503.7600000000109,2585.9692000000027,0.8995,0.10050000000000003,0.7857999999999998,2621.581524099527,0.0660554000060074
Dynamic Carbon,2000,21,Proposed Quantum-Inspired,438.73000000000235,3815.546400000002,0.8465,0.15349999999999997,0.6300250000000001,10.568230693924125,0.1126498999656178
Dynamic Carbon,2000,22,FCFS,438.96000000000294,3838.5825,0.8365,0.16349999999999998,0.6249999999999999,13.038404810405298,0.028770600038114935
Dynamic Carbon,2000,22,Round Robin,438.96000000000294,3838.5825,0.8365,0.16349999999999998,0.6249999999999999,13.038404810405298,0.02668239997001365
Dynamic Carbon,2000,22,Min-Min,360.31999999999965,3201.2134999999967,0.5245,0.47550000000000003,0.6999999999999998,3900.5784186451115,0.031237799965310842
Dynamic Carbon,2000,22,Max-Min,540.4800000000097,2002.5993999999966,1.0,0.0,0.8499999999999998,3900.5784186451115,0.03725210000993684
Dynamic Carbon,2000,22,GA,540.4800000000097,1804.8834999999992,1.0,0.0,0.8499999999999998,3900.5784186451115,0.05195559997810051
Dynamic Carbon,2000,22,Classical,495.0500000000107,2718.258999999996,0.8795,0.12050000000000005,0.7794249999999998,2386.644192166063,0.06606529996497557
Dynamic Carbon,2000,22,Proposed Quantum-Inspired,436.7750000000037,3834.3011999999935,0.819,0.18100000000000005,0.6265,100.56589879278164,0.10359300003619865
Dynamic Carbon,2000,23,FCFS,434.8850000000038,3796.4307000000013,0.8435,0.15649999999999997,0.6249999999999999,48.015622457696,0.028913099959027022
Dynamic Carbon,2000,23,Round Robin,434.8850000000038,3796.4307000000013,0.8435,0.15649999999999997,0.6249999999999999,48.015622457696,0.029865299991797656
Dynamic Carbon,2000,23,Min-Min,357.75999999999885,3166.6934999999976,0.5385,0.4615,0.6999999999999998,3872.8656057240096,0.03022299997974187
Dynamic Carbon,2000,23,Max-Min,536.6400000000107,1994.2479999999964,1.0,0.0,0.8499999999999998,3872.8656057240096,0.02974490000633523
Dynamic Carbon,2000,23,GA,536.6400000000107,1778.467200000001,1.0,0.0,0.8499999999999998,3872.8656057240096,0.04994749999605119
Dynamic Carbon,2000,23,Classical,485.91500000000985,2769.0623999999957,0.8615,0.13849999999999996,0.7720749999999998,2223.181166706843,0.06730769999558106
Dynamic Carbon,2000,23,Proposed Quantum-Inspired,437.0450000000021,3748.1409000000026,0.8415,0.15849999999999997,0.6297999999999999,93.74966666607408,0.10655480000423267
Dynamic Carbon,2000,24,FCFS,438.97000000000344,3802.2873000000022,0.8475,0.15249999999999997,0.6249999999999999,21.0282548015759,0.029294700012542307
Dynamic Carbon,2000,24,Round Robin,438.97000000000344,3802.2873000000022,0.8475,0.15249999999999997,0.6249999999999999,21.0282548015759,0.02668100001756102
Dynamic Carbon,2000,24,Min-Min,359.71999999999946,3189.448399999996,0.5145,0.48550000000000004,0.6999999999999998,3894.083228116728,0.02982459997292608
Dynamic Carbon,2000,24,Max-Min,539.5800000000096,2002.4782999999977,1.0,0.0,0.8499999999999998,3894.083228116728,0.030974900000728667
Dynamic Carbon,2000,24,GA,539.5800000000096,1792.8054000000052,1.0,0.0,0.8499999999999998,3894.083228116728,0.051610900030937046
Dynamic Carbon,2000,24,Classical,491.1650000000102,2743.7679999999937,0.8735,0.12649999999999995,0.7752249999999998,2304.855676067376,0.06899420003173873
Dynamic Carbon,2000,24,Proposed Quantum-Inspired,437.0450000000037,3815.9535000000024,0.8365,0.16349999999999998,0.6267999999999999,52.95930041078715,0.11376750003546476
Dynamic Carbon,2000,25,FCFS,441.05000000000376,3817.050699999995,0.8385,0.16149999999999998,0.6249999999999999,35.54838252297846,0.02884680003626272
Dynamic Carbon,2000,25,Round Robin,441.05000000000376,3817.050699999995,0.8385,0.16149999999999998,0.6249999999999999,35.54838252297846,0.02832560002570972
Dynamic Carbon,2000,25,Min-Min,361.15999999999923,3201.5687999999964,0.514,0.486,0.6999999999999998,3909.6716853848484,0.03197119996184483
Dynamic Carbon,2000,25,Max-Min,541.7400000000094,2010.8310999999976,1.0,0.0,0.8499999999999998,3909.6716853848484,0.030790999997407198
Dynamic Carbon,2000,25,GA,541.7400000000094,1805.824400000001,1.0,0.0,0.8499999999999998,3909.6716853848484,0.09389469999587163
Dynamic Carbon,2000,25,Classical,501.20500000001056,2643.8174,0.8825,0.11750000000000005,0.7860249999999999,2529.7847116899097,0.06945250002900138
Dynamic Carbon,2000,25,Proposed Quantum-Inspired,442.3000000000032,3761.4374999999914,0.84,0.16000000000000003,0.633625,151.91342106607962,0.11557449999963865
Dynamic Carbon,2000,26,FCFS,439.46500000000367,3846.1539000000034,0.8375,0.16249999999999998,0.6249999999999999,25.495097567963924,0.030955699970945716
Dynamic Carbon,2000,26,Round Robin,439.46500000000367,3846.1539000000034,0.8375,0.16249999999999998,0.6249999999999999,25.495097567963924,0.028704199998173863
Dynamic Carbon,2000,26,Min-Min,361.1199999999998,3185.6352999999963,0.518,0.482,0.6999999999999998,3909.238672682956,0.03077450004639104
Dynamic Carbon,2000,26,Max-Min,541.6800000000094,2018.3815999999988,1.0,0.0,0.8499999999999998,3909.238672682956,0.030543799977749586
Dynamic Carbon,2000,26,GA,541.6800000000094,1805.072700000001,1.0,0.0,0.8499999999999998,3909.238672682956,0.050200500001665205
Dynamic Carbon,2000,26,Classical,492.94500000000994,2771.7319000000007,0.8735,0.12649999999999995,0.7767999999999998,2304.2309997046736,0.07514889998128638
Dynamic Carbon,2000,26,Proposed Quantum-Inspired,440.29500000000326,3823.3766999999984,0.8335,0.16649999999999998,0.624475,26.124700955226263,0.11060630000429228
Dynamic Carbon,2000,27,FCFS,434.0150000000033,3814.1860000000047,0.8355,0.16449999999999998,0.6249999999999999,49.31721301939111,0.027600299974437803
Dynamic Carbon,2000,27,Round Robin,434.0150000000033,3814.1860000000047,0.8355,0.16449999999999998,0.6249999999999999,49.31721301939111,0.027761499979533255
Dynamic Carbon,2000,27,Min-Min,356.03999999999985,3155.3956999999978,0.5035,0.49650000000000005,0.6999999999999998,3854.246059542644,0.03404240001691505
Dynamic Carbon,2000,27,Max-Min,534.0600000000101,1982.6944999999962,1.0,0.0,0.8499999999999998,3854.246059542644,0.03082899999571964
Dynamic Carbon,2000,27,GA,534.0600000000101,1785.508699999999,1.0,0.0,0.8499999999999998,3854.246059542644,0.04986349999671802
Dynamic Carbon,2000,27,Classical,491.1050000000106,2643.1422000000025,0.876,0.124,0.7842999999999999,2422.782736338527,0.06833749997895211
Dynamic Carbon,2000,27,Proposed Quantum-Inspired,430.5400000000035,3779.6580000000085,0.825,0.17500000000000004,0.6327999999999999,157.7915951500586,0.10641790000954643
Dynamic Carbon,2000,28,FCFS,428.2350000000036,3726.9010000000026,0.844,0.15600000000000003,0.6249999999999999,24.097458372201828,0.029182600032072514
Dynamic Carbon,2000,28,Round Robin,428.2350000000036,3726.9010000000026,0.844,0.15600000000000003,0.6249999999999999,24.097458372201828,0.07158869999693707
Dynamic Carbon,2000,28,Min-Min,350.9999999999998,3101.7400999999973,0.523,0.477,0.6999999999999998,3799.6864591042245,0.030342899961397052
Dynamic Carbon,2000,28,Max-Min,526.5000000000108,1959.114699999997,1.0,0.0,0.8499999999999998,3799.6864591042245,0.029530900006648153
Dynamic Carbon,2000,28,GA,526.5000000000108,1747.4324000000001,1.0,0.0,0.8499999999999998,3799.6864591042245,0.05346570000983775
Dynamic Carbon,2000,28,Classical,477.3000000000095,2743.9202,0.8605,0.13949999999999996,0.7680999999999999,2165.920632779512,0.06825379998190328
Dynamic Carbon,2000,28,Proposed Quantum-Inspired,426.3300000000035,3735.309700000005,0.832,0.16800000000000004,0.626575,66.88936761548878,0.1176963999751024
Dynamic Carbon,2000,29,FCFS,440.9800000000029,3850.5578000000005,0.843,0.15700000000000003,0.6249999999999999,42.55290824373817,0.03108560002874583
Dynamic Carbon,2000,29,Round Robin,440.9800000000029,3850.5578000000005,0.843,0.15700000000000003,0.6249999999999999,42.55290824373817,0.026869499997701496
Dynamic Carbon,2000,29,Min-Min,361.199999999999,3210.232099999999,0.5165,0.48350000000000004,0.6999999999999998,3910.1046980867404,0.030911799985915422
Dynamic Carbon,2000,29,Max-Min,541.8000000000098,2006.887499999997,1.0,0.0,0.8499999999999998,3910.1046980867404,0.029971000039950013
Dynamic Carbon,2000,29,GA,541.8000000000098,1802.5827999999988,1.0,0.0,0.8499999999999998,3910.1046980867404,0.04849590000230819
Dynamic Carbon,2000,29,Classical,493.46000000001015,2743.660000000003,0.87,0.13,0.7777749999999999,2331.9936213463366,0.06863649998558685
Dynamic Carbon,2000,29,Proposed Quantum-Inspired,441.230000000003,3790.7529,0.847,0.15300000000000002,0.628375,84.24221032237936,0.1079046999802813
Dynamic Renewable Availability,50,0,FCFS,9.644999999999998,79.69999999999999,0.82,0.18000000000000005,0.42009,8.98262211161084,0.002395500021521002
Dynamic Renewable Availability,50,0,Round Robin,9.644999999999998,79.69999999999999,0.82,0.18000000000000005,0.42009,8.98262211161084,0.0007275000098161399
Dynamic Renewable Availability,50,0,Min-Min,7.720000000000005,77.19999999999999,0.42,0.5800000000000001,0.4772600000000001,83.57145146519834,0.0007608000305481255
Dynamic Renewable Availability,50,0,Max-Min,11.579999999999998,38.599999999999994,1.0,0.0,0.579528,83.57145146519834,0.000693499983754009
Dynamic Renewable Availability,50,0,GA,11.579999999999998,38.599999999999994,1.0,0.0,0.579528,83.57145146519834,0.0011339000193402171
Dynamic Renewable Availability,50,0,Classical,11.419999999999998,40.2,0.94,0.06000000000000005,0.574004,79.02017147538974,0.001749899995047599
Dynamic Renewable Availability,50,0,Proposed Quantum-Inspired,9.510000000000002,75.19999999999999,0.88,0.12,0.4467419999999999,12.457427503300993,0.0037044999771751463
Dynamic Renewable Availability,50,1,FCFS,10.254999999999997,88.90000000000002,0.8,0.19999999999999996,0.42009,5.385164807134504,0.0008965000160969794
Dynamic Renewable Availability,50,1,Round Robin,10.254999999999997,88.90000000000002,0.8,0.19999999999999996,0.42009,5.385164807134504,0.0006750999600626528
Dynamic Renewable Availability,50,1,Min-Min,8.320000000000004,83.19999999999997,0.56,0.43999999999999995,0.47726,90.06664199358161,0.0007234999793581665
Dynamic Renewable Availability,50,1,Max-Min,12.479999999999999,41.59999999999999,1.0,0.0,0.5795279999999999,90.06664199358161,0.0006909000221639872
Dynamic Renewable Availability,50,1,GA,12.479999999999999,41.59999999999999,1.0,0.0,0.579528,90.06664199358161,0.0013681999989785254
Dynamic Renewable Availability,50,1,Classical,12.039999999999997,45.999999999999986,0.92,0.07999999999999996,0.5715520000000001,77.88452991448301,0.0016240999684669077
Dynamic Renewable Availability,50,1,Proposed Quantum-Inspired,10.175,83.09999999999998,0.8,0.19999999999999996,0.440298,10.319883720275147,0.0025981999933719635
Dynamic Renewable Availability,50,2,FCFS,11.51,101.39999999999998,0.84,0.16000000000000003,0.42009,4.656984002549289,0.0006635999889113009
Dynamic Renewable Availability,50,2,Round Robin,11.51,101.39999999999998,0.84,0.16000000000000003,0.42009,4.656984002549289,0.000651199952699244
Dynamic Renewable Availability,50,2,Min-Min,9.400000000000002,94.00000000000003,0.56,0.43999999999999995,0.47726,101.75798494467153,0.0008149000350385904
Dynamic Renewable Availability,50,2,Max-Min,14.1,47.000000000000014,1.0,0.0,0.579528,101.75798494467153,0.0007869000546634197
Dynamic Renewable Availability,50,2,GA,14.1,47.000000000000014,1.0,0.0,0.579528,101.75798494467153,0.0011688999948091805
Dynamic Renewable Availability,50,2,Classical,14.1,47.000000000000014,1.0,0.0,0.579528,101.75798494467153,0.0017949000466614962
Dynamic Renewable Availability,50,2,Proposed Quantum-Inspired,11.54,90.59999999999998,0.84,0.16000000000000003,0.432106,17.09349291397168,0.0029552000341936946
Dynamic Renewable Availability,50,3,FCFS,10.714999999999996,94.10000000000001,0.8,0.19999999999999996,0.42009,2.277608394786075,0.0006509999511763453
Dynamic Renewable Availability,50,3,Round Robin,10.714999999999996,94.10000000000001,0.8,0.19999999999999996,0.42009,2.277608394786075,0.0006246999837458134
Dynamic Renewable Availability,50,3,Min-Min,8.840000000000003,88.39999999999998,0.48,0.52,0.47726,95.69580711818047,0.0006991999689489603
Dynamic Renewable Availability,50,3,Max-Min,13.259999999999998,44.19999999999999,1.0,0.0,0.5795279999999999,95.69580711818047,0.0006673000170849264
Dynamic Renewable Availability,50,3,GA,13.259999999999998,44.19999999999999,1.0,0.0,0.579528,95.69580711818047,0.0011513999779708683
Dynamic Renewable Availability,50,3,Classical,12.979999999999997,46.999999999999986,0.94,0.06000000000000005,0.5733440000000001,87.79913154467987,0.001704900001641363
Dynamic Renewable Availability,50,3,Proposed Quantum-Inspired,11.064999999999996,85.50000000000003,0.92,0.07999999999999996,0.44546800000000003,23.54118731075389,0.0025260000256821513
Dynamic Renewable Availability,50,4,FCFS,10.084999999999999,89.70000000000002,0.8,0.19999999999999996,0.42009,5.244044240850758,0.0006067000213079154
Dynamic Renewable Availability,50,4,Round Robin,10.084999999999999,89.70000000000002,0.8,0.19999999999999996,0.42009,5.244044240850758,0.0007219999679364264
Dynamic Renewable Availability,50,4,Min-Min,8.320000000000004,83.2,0.48,0.52,0.47726,90.06664199358161,0.0009546999935992062
Dynamic Renewable Availability,50,4,Max-Min,12.48,41.6,1.0,0.0,0.5795280000000002,90.06664199358161,0.0008028000011108816
Dynamic Renewable Availability,50,4,GA,12.48,41.6,1.0,0.0,0.579528,90.06664199358161,0.0011146999895572662
Dynamic Renewable Availability,50,4,Classical,12.200000000000001,44.4,0.94,0.06000000000000005,0.5731440000000001,82.18272324521742,0.001517699973192066
Dynamic Renewable Availability,50,4,Proposed Quantum-Inspired,9.815,93.3,0.86,0.14,0.40432,26.248809496813376,0.002497499983292073
Dynamic Renewable Availability,50,5,FCFS,10.97,95.19999999999999,0.82,0.18000000000000005,0.42009,3.766629793329841,0.0007247999892570078
Dynamic Renewable Availability,50,5,Round Robin,10.97,95.19999999999999,0.82,0.18000000000000005,0.42009,3.766629793329841,0.0006062000175006688
Dynamic Renewable Availability,50,5,Min-Min,9.000000000000005,90.00000000000004,0.54,0.45999999999999996,0.4772600000000001,97.42785792574935,0.0006691999733448029
Dynamic Renewable Availability,50,5,Max-Min,13.499999999999998,45.00000000000002,1.0,0.0,0.5795279999999999,97.42785792574935,0.0006433999515138566
Dynamic Renewable Availability,50,5,GA,13.499999999999998,45.00000000000002,1.0,0.0,0.579528,97.42785792574935,0.0010981999803334475
Dynamic Renewable Availability,50,5,Classical,13.1,49.00000000000002,0.92,0.07999999999999996,0.5719339999999999,86.26811403989309,0.0014675999991595745
Dynamic Renewable Availability,50,5,Proposed Quantum-Inspired,10.595000000000002,94.3,0.84,0.16000000000000003,0.448474,20.191272867256288,0.0028494999860413373
Dynamic Renewable Availability,50,6,FCFS,10.394999999999994,92.1,0.76,0.24,0.42009,4.602988159880492,0.0007100999937392771
Dynamic Renewable Availability,50,6,Round Robin,10.394999999999994,92.1,0.76,0.24,0.42009,4.602988159880492,0.000647100037895143
Dynamic Renewable Availability,50,6,Min-Min,8.520000000000003,85.19999999999997,0.38,0.62,0.4772600000000001,92.23170550304272,0.0007010000408627093
Dynamic Renewable Availability,50,6,Max-Min,12.779999999999996,42.59999999999999,1.0,0.0,0.579528,92.23170550304272,0.0006941000465303659
Dynamic Renewable Availability,50,6,GA,12.779999999999996,42.59999999999999,1.0,0.0,0.579528,92.23170550304272,0.0011660000309348106
Dynamic Renewable Availability,50,6,Classical,12.179999999999996,48.59999999999998,0.88,0.12,0.568654,75.90578041229799,0.0016029999824240804
Dynamic Renewable Availability,50,6,Proposed Quantum-Inspired,10.684999999999999,85.29999999999998,0.76,0.24,0.436142,20.327014045353536,0.002803599985782057
Dynamic Renewable Availability,50,7,FCFS,10.430000000000001,93.2,0.76,0.24,0.42009,3.191786333700926,0.000736700021661818
Dynamic Renewable Availability,50,7,Round Robin,10.430000000000001,93.2,0.76,0.24,0.42009,3.191786333700926,0.0006719999946653843
Dynamic Renewable Availability,50,7,Min-Min,8.600000000000003,85.99999999999997,0.48,0.52,0.4772599999999999,93.09773090682715,0.0007184000569395721
Dynamic Renewable Availability,50,7,Max-Min,12.9,42.999999999999986,1.0,0.0,0.5795279999999999,93.09773090682715,0.000680800003465265
Dynamic Renewable Availability,50,7,GA,12.9,42.999999999999986,1.0,0.0,0.579528,93.09773090682715,0.0011421000235714018
Dynamic Renewable Availability,50,7,Classical,12.74,44.59999999999999,0.92,0.07999999999999996,0.57172,88.53918623976618,0.0015498999855481088
Dynamic Renewable Availability,50,7,Proposed Quantum-Inspired,10.454999999999997,93.70000000000002,0.82,0.18000000000000005,0.418684,16.269219403523945,0.0029587000026367605
Dynamic Renewable Availability,50,8,FCFS,11.209999999999999,98.99999999999997,0.82,0.18000000000000005,0.42009,6.609652033201143,0.0006530999671667814
Dynamic Renewable Availability,50,8,Round Robin,11.209999999999999,98.99999999999997,0.82,0.18000000000000005,0.42009,6.609652033201143,0.000609199982136488
Dynamic Renewable Availability,50,8,Min-Min,9.160000000000002,91.6,0.4,0.6,0.47726,99.15990873331822,0.0007122000097297132
Dynamic Renewable Availability,50,8,Max-Min,13.74,45.8,1.0,0.0,0.5795279999999999,99.15990873331822,0.0006813000072725117
Dynamic Renewable Availability,50,8,GA,13.74,45.8,1.0,0.0,0.579528,99.15990873331822,0.0011348999687470496
Dynamic Renewable Availability,50,8,Classical,13.180000000000001,51.4,0.9,0.09999999999999998,0.5702480000000001,83.77760739004188,0.0016147000133059919
Dynamic Renewable Availability,50,8,Proposed Quantum-Inspired,11.075,95.10000000000001,0.78,0.21999999999999997,0.434022,7.495832175282475,0.0030200000037439167
Dynamic Renewable Availability,50,9,FCFS,11.515,100.89999999999999,0.84,0.16000000000000003,0.42009,6.5383484153110105,0.0006870999932289124
Dynamic Renewable Availability,50,9,Round Robin,11.515,100.89999999999999,0.84,0.16000000000000003,0.42009,6.5383484153110105,0.0006041000015102327
Dynamic Renewable Availability,50,9,Min-Min,9.52,95.20000000000005,0.7,0.30000000000000004,0.4772599999999999,103.05702305034819,0.0006592999561689794
Dynamic Renewable Availability,50,9,Max-Min,14.280000000000001,47.60000000000002,1.0,0.0,0.5795279999999999,103.05702305034819,0.0006760000251233578
Dynamic Renewable Availability,50,9,GA,14.280000000000001,47.60000000000002,1.0,0.0,0.579528,103.05702305034819,0.0012531999964267015
Dynamic Renewable Availability,50,9,Classical,13.82,52.20000000000001,0.9,0.09999999999999998,0.569828,90.26765755241465,0.002973900001961738
Dynamic Renewable Availability,50,9,Proposed Quantum-Inspired,11.299999999999999,107.40000000000002,0.88,0.12,0.41594799999999993,11.926860441876563,0.0026450000004842877
Dynamic Renewable Availability,50,10,FCFS,11.950000000000001,103.99999999999999,0.8,0.19999999999999996,0.42009,7.980444849756184,0.0006786000449210405
Dynamic Renewable Availability,50,10,Round Robin,11.950000000000001,103.99999999999999,0.8,0.19999999999999996,0.42009,7.980444849756184,0.0006236000335775316
Dynamic Renewable Availability,50,10,Min-Min,9.72,97.20000000000005,0.52,0.48,0.47726,105.2220865598093,0.000699099968187511
Dynamic Renewable Availability,50,10,Max-Min,14.580000000000005,48.60000000000002,1.0,0.0,0.579528,105.2220865598093,0.0006895000115036964
Dynamic Renewable Availability,50,10,GA,14.580000000000005,48.60000000000002,1.0,0.0,0.579528,105.2220865598093,0.0011654000263661146
Dynamic Renewable Availability,50,10,Classical,14.240000000000004,52.000000000000014,0.92,0.07999999999999996,0.572326,95.65922590111212,0.0014954000362195075
Dynamic Renewable Availability,50,10,Proposed Quantum-Inspired,11.639999999999997,99.59999999999998,0.76,0.24,0.447854,14.13108276106258,0.0028572999872267246
Dynamic Renewable Availability,50,11,FCFS,10.885,92.5,0.86,0.14,0.42009,8.870597499605086,0.0006725999992340803
Dynamic Renewable Availability,50,11,Round Robin,10.885,92.5,0.86,0.14,0.42009,8.870597499605086,0.0006281000096350908
Dynamic Renewable Availability,50,11,Min-Min,8.919999999999998,89.20000000000003,0.54,0.45999999999999996,0.47726,96.5618325219649,0.0008081999840214849
Dynamic Renewable Availability,50,11,Max-Min,13.380000000000003,44.600000000000016,1.0,0.0,0.5795279999999999,96.5618325219649,0.0007912999717518687
Dynamic Renewable Availability,50,11,GA,13.380000000000003,44.600000000000016,1.0,0.0,0.579528,96.5618325219649,0.001179999962914735
Dynamic Renewable Availability,50,11,Classical,13.140000000000002,47.000000000000014,0.96,0.040000000000000036,0.576054,89.7674077825577,0.0016508999979123473
Dynamic Renewable Availability,50,11,Proposed Quantum-Inspired,10.949999999999998,93.80000000000003,0.8,0.19999999999999996,0.43402999999999997,7.628073151196179,0.0029486999846994877
Dynamic Renewable Availability,50,12,FCFS,10.749999999999998,95.39999999999998,0.92,0.07999999999999996,0.42009,2.5860201081971503,0.0006220000213943422
Dynamic Renewable Availability,50,12,Round Robin,10.749999999999998,95.39999999999998,0.92,0.07999999999999996,0.42009,2.5860201081971503,0.0006859999848529696
Dynamic Renewable Availability,50,12,Min-Min,8.840000000000002,88.39999999999999,0.52,0.48,0.4772600000000001,95.69580711818047,0.000686399987898767
Dynamic Renewable Availability,50,12,Max-Min,13.259999999999998,44.199999999999996,1.0,0.0,0.5795279999999999,95.69580711818047,0.0006467000348493457
Dynamic Renewable Availability,50,12,GA,13.259999999999998,44.199999999999996,1.0,0.0,0.579528,95.69580711818047,0.0010938000050373375
Dynamic Renewable Availability,50,12,Classical,12.92,47.599999999999994,0.94,0.06000000000000005,0.5734840000000001,86.1608234640315,0.0014925000141374767
Dynamic Renewable Availability,50,12,Proposed Quantum-Inspired,10.869999999999997,94.20000000000002,0.82,0.18000000000000005,0.42457399999999995,8.642193008721803,0.002724100020714104
Dynamic Renewable Availability,50,13,FCFS,11.01,99.6,0.82,0.18000000000000005,0.42009,4.949747468305833,0.0007010999834164977
Dynamic Renewable Availability,50,13,Round Robin,11.01,99.6,0.82,0.18000000000000005,0.42009,4.949747468305833,0.000741399999242276
Dynamic Renewable Availability,50,13,Min-Min,9.12,91.20000000000002,0.54,0.45999999999999996,0.47726,98.72689603142601,0.0007479999912902713
Dynamic Renewable Availability,50,13,Max-Min,13.680000000000001,45.60000000000001,1.0,0.0,0.579528,98.72689603142601,0.0007184999994933605
Dynamic Renewable Availability,50,13,GA,13.680000000000001,45.60000000000001,1.0,0.0,0.579528,98.72689603142601,0.0011624000035226345
Dynamic Renewable Availability,50,13,Classical,13.360000000000001,48.800000000000004,0.92,0.07999999999999996,0.57129,89.72736483370053,0.0015773000195622444
Dynamic Renewable Availability,50,13,Proposed Quantum-Inspired,11.069999999999993,93.60000000000004,0.88,0.12,0.433958,8.093207028119323,0.00256910000462085
Dynamic Renewable Availability,50,14,FCFS,10.599999999999998,92.60000000000005,0.88,0.12,0.42009,4.527692569068709,0.0006461999728344381
Dynamic Renewable Availability,50,14,Round Robin,10.599999999999998,92.60000000000005,0.88,0.12,0.42009,4.527692569068709,0.0005938999820500612
Dynamic Renewable Availability,50,14,Min-Min,8.64,86.4,0.5,0.5,0.47726,93.53074360871938,0.0006681000231765211
Dynamic Renewable Availability,50,14,Max-Min,12.959999999999999,43.2,1.0,0.0,0.5795279999999999,93.53074360871938,0.0006495999987237155
Dynamic Renewable Availability,50,14,GA,12.959999999999999,43.2,1.0,0.0,0.579528,93.53074360871938,0.0010927999974228442
Dynamic Renewable Availability,50,14,Classical,12.559999999999997,47.20000000000001,0.92,0.07999999999999996,0.570454,82.38931969618392,0.0014751999988220632
Dynamic Renewable Availability,50,14,Proposed Quantum-Inspired,10.834999999999999,88.90000000000002,0.82,0.18000000000000005,0.441536,13.435028842544403,0.0025621000095270574
Dynamic Renewable Availability,50,15,FCFS,9.985,86.7,0.8,0.19999999999999996,0.42009,6.726812023536855,0.0007220000261440873
Dynamic Renewable Availability,50,15,Round Robin,9.985,86.7,0.8,0.19999999999999996,0.42009,6.726812023536855,0.0009108000085689127
Dynamic Renewable Availability,50,15,Min-Min,8.240000000000004,82.4,0.44,0.56,0.4772600000000001,89.20061658979718,0.0006609000265598297
Dynamic Renewable Availability,50,15,Max-Min,12.36,41.2,1.0,0.0,0.579528,89.20061658979718,0.0006529000238515437
Dynamic Renewable Availability,50,15,GA,12.36,41.2,1.0,0.0,0.579528,89.20061658979718,0.001099600049201399
Dynamic Renewable Availability,50,15,Classical,11.799999999999997,46.79999999999999,0.88,0.12,0.5673239999999999,73.92394740542471,0.0014937000232748687
Dynamic Renewable Availability,50,15,Proposed Quantum-Inspired,10.284999999999997,81.30000000000003,0.88,0.12,0.43468799999999996,12.093386622447824,0.002946400025393814
Dynamic Renewable Availability,50,16,FCFS,10.155,92.10000000000001,0.88,0.12,0.42009,6.06217782649107,0.0007025999948382378
Dynamic Renewable Availability,50,16,Round Robin,10.155,92.10000000000001,0.88,0.12,0.42009,6.06217782649107,0.0006948999944142997
Dynamic Renewable Availability,50,16,Min-Min,8.400000000000006,83.99999999999999,0.46,0.54,0.4772600000000001,90.93266739736606,0.0007195000071078539
Dynamic Renewable Availability,50,16,Max-Min,12.600000000000001,41.99999999999999,1.0,0.0,0.5795279999999999,90.93266739736606,0.0006682000239379704
Dynamic Renewable Availability,50,16,GA,12.600000000000001,41.99999999999999,1.0,0.0,0.579528,90.93266739736606,0.0011060999822802842
Dynamic Renewable Availability,50,16,Classical,12.42,43.8,0.96,0.040000000000000036,0.5750160000000001,85.81520844232682,0.0015041999868117273
Dynamic Renewable Availability,50,16,Proposed Quantum-Inspired,10.099999999999998,88.00000000000001,0.76,0.24,0.4184419999999999,11.84271928232701,0.0029513000044971704
Dynamic Renewable Availability,50,17,FCFS,11.415,99.1,0.78,0.21999999999999997,0.42009,6.179603547154137,0.0007326999912038445
Dynamic Renewable Availability,50,17,Round Robin,11.415,99.1,0.78,0.21999999999999997,0.42009,6.179603547154137,0.0007086999830789864
Dynamic Renewable Availability,50,17,Min-Min,9.320000000000002,93.19999999999999,0.46,0.54,0.47726,100.8919595408871,0.0007066000252962112
Dynamic Renewable Availability,50,17,Max-Min,13.979999999999999,46.599999999999994,1.0,0.0,0.5795279999999999,100.8919595408871,0.0007045000093057752
Dynamic Renewable Availability,50,17,GA,13.979999999999999,46.599999999999994,1.0,0.0,0.579528,100.8919595408871,0.0011534999939613044
Dynamic Renewable Availability,50,17,Classical,13.739999999999998,49.0,0.94,0.06000000000000005,0.57472,94.09137845732732,0.0015290000010281801
Dynamic Renewable Availability,50,17,Proposed Quantum-Inspired,11.114999999999998,105.69999999999997,0.86,0.14,0.40629200000000004,21.533404282648853,0.0024535999982617795
Dynamic Renewable Availability,50,18,FCFS,10.654999999999996,96.5,0.84,0.16000000000000003,0.42009,5.11737237261468,0.0006299000233411789
Dynamic Renewable Availability,50,18,Round Robin,10.654999999999996,96.5,0.84,0.16000000000000003,0.42009,5.11737237261468,0.000591500021982938
Dynamic Renewable Availability,50,18,Min-Min,8.840000000000002,88.39999999999999,0.64,0.36,0.47726,95.69580711818047,0.0006713000475428998
Dynamic Renewable Availability,50,18,Max-Min,13.260000000000002,44.199999999999996,1.0,0.0,0.579528,95.69580711818047,0.0007735999533906579
Dynamic Renewable Availability,50,18,GA,13.260000000000002,44.199999999999996,1.0,0.0,0.579528,95.69580711818047,0.0010938000050373375
Dynamic Renewable Availability,50,18,Classical,12.92,47.599999999999994,0.94,0.06000000000000005,0.5730040000000001,86.1608234640315,0.0015069000073708594
Dynamic Renewable Availability,50,18,Proposed Quantum-Inspired,10.899999999999999,93.59999999999998,0.84,0.16000000000000003,0.4360239999999999,4.866980583482946,0.0028719999827444553
Dynamic Renewable Availability,50,19,FCFS,11.73,104.4,0.8,0.19999999999999996,0.42009,5.673402858955108,0.0006540999747812748
Dynamic Renewable Availability,50,19,Round Robin,11.73,104.4,0.8,0.19999999999999996,0.42009,5.673402858955108,0.0006935999845154583
Dynamic Renewable Availability,50,19,Min-Min,9.720000000000002,97.20000000000005,0.44,0.56,0.47726,105.2220865598093,0.0007167999865487218
Dynamic Renewable Availability,50,19,Max-Min,14.58,48.60000000000002,1.0,0.0,0.5795279999999999,105.2220865598093,0.0006854000384919345
Dynamic Renewable Availability,50,19,GA,14.58,48.60000000000002,1.0,0.0,0.579528,105.2220865598093,0.0014300000038929284
Dynamic Renewable Availability,50,19,Classical,14.08,53.60000000000002,0.9,0.09999999999999998,0.5697180000000001,91.36020742095543,0.0016079000197350979
Dynamic Renewable Availability,50,19,Proposed Quantum-Inspired,12.084999999999999,104.89999999999998,0.86,0.14,0.42090999999999995,11.712706775122479,0.002549599972553551
Dynamic Renewable Availability,50,20,FCFS,11.099999999999996,96.2,0.88,0.12,0.42009,4.387482193696061,0.0006509000086225569
Dynamic Renewable Availability,50,20,Round Robin,11.099999999999996,96.2,0.88,0.12,0.42009,4.387482193696061,0.0006140000186860561
Dynamic Renewable Availability,50,20,Min-Min,9.040000000000001,90.40000000000002,0.48,0.52,0.47726,97.86087062764156,0.000687599997036159
Dynamic Renewable Availability,50,20,Max-Min,13.560000000000002,45.20000000000001,1.0,0.0,0.5795279999999999,97.86087062764156,0.0008613999816589057
Dynamic Renewable Availability,50,20,GA,13.560000000000002,45.20000000000001,1.0,0.0,0.579528,97.86087062764156,0.0011537999962456524
Dynamic Renewable Availability,50,20,Classical,13.060000000000004,50.2,0.9,0.09999999999999998,0.570354,84.04909279700763,0.0018263000529259443
Dynamic Renewable Availability,50,20,Proposed Quantum-Inspired,10.95,86.59999999999998,0.84,0.16000000000000003,0.453534,21.195518394226642,0.0027513999957591295
Dynamic Renewable Availability,50,21,FCFS,9.879999999999999,93.00000000000001,0.8,0.19999999999999996,0.42009,15.514106484100203,0.0006568999961018562
Dynamic Renewable Availability,50,21,Round Robin,9.879999999999999,93.00000000000001,0.8,0.19999999999999996,0.42009,15.514106484100203,0.0006357000092975795
Dynamic Renewable Availability,50,21,Min-Min,8.120000000000003,81.20000000000002,0.5,0.5,0.47726,87.90157848412052,0.0007029999978840351
Dynamic Renewable Availability,50,21,Max-Min,12.180000000000001,40.60000000000001,1.0,0.0,0.579528,87.90157848412052,0.0006711000460200012
Dynamic Renewable Availability,50,21,GA,12.180000000000001,40.60000000000001,1.0,0.0,0.579528,87.90157848412052,0.001402400026563555
Dynamic Renewable Availability,50,21,Classical,11.799999999999999,44.400000000000006,0.9,0.09999999999999998,0.569026,77.32197294430607,0.0016556999762542546
Dynamic Renewable Availability,50,21,Proposed Quantum-Inspired,10.41,77.80000000000001,0.86,0.14,0.449334,19.253246479490155,0.002459599985741079
Dynamic Renewable Availability,50,22,FCFS,9.135,81.29999999999998,0.82,0.18000000000000005,0.42009,8.874119674649425,0.0006165000377222896
Dynamic Renewable Availability,50,22,Round Robin,9.135,81.29999999999998,0.82,0.18000000000000005,0.42009,8.874119674649425,0.0006124000065028667
Dynamic Renewable Availability,50,22,Min-Min,7.440000000000004,74.4,0.44,0.56,0.47726,80.5403625519528,0.0006531999679282308
Dynamic Renewable Availability,50,22,Max-Min,11.16,37.2,1.0,0.0,0.5795279999999999,80.5403625519528,0.0006516000139527023
Dynamic Renewable Availability,50,22,GA,11.16,37.2,1.0,0.0,0.579528,80.5403625519528,0.0012592999846674502
Dynamic Renewable Availability,50,22,Classical,11.040000000000001,38.400000000000006,0.96,0.040000000000000036,0.575194,77.11517360416171,0.0021838999819010496
Dynamic Renewable Availability,50,22,Proposed Quantum-Inspired,9.044999999999998,78.3,0.76,0.24,0.43830399999999997,2.29128784747792,0.0025536000030115247
Dynamic Renewable Availability,50,23,FCFS,12.065,106.30000000000003,0.82,0.18000000000000005,0.42009,9.604686356149273,0.0006189999985508621
Dynamic Renewable Availability,50,23,Round Robin,12.065,106.30000000000003,0.82,0.18000000000000005,0.42009,9.604686356149273,0.0005921999691054225
Dynamic Renewable Availability,50,23,Min-Min,9.840000000000003,98.40000000000002,0.48,0.52,0.4772600000000001,106.52112466548596,0.0007034000009298325
Dynamic Renewable Availability,50,23,Max-Min,14.760000000000003,49.20000000000001,1.0,0.0,0.5795279999999999,106.52112466548596,0.0006528000230900943
Dynamic Renewable Availability,50,23,GA,14.760000000000003,49.20000000000001,1.0,0.0,0.579528,106.52112466548596,0.0012944000191055238
Dynamic Renewable Availability,50,23,Classical,14.520000000000003,51.600000000000016,0.96,0.040000000000000036,0.575176,99.71333912772153,0.0015654999879188836
Dynamic Renewable Availability,50,23,Proposed Quantum-Inspired,12.44,99.39999999999998,0.86,0.14,0.442086,16.740669042783207,0.0024682999937795103
Dynamic Renewable Availability,50,24,FCFS,10.349999999999993,88.20000000000002,0.9,0.09999999999999998,0.42009,6.87386354243376,0.0006187999970279634
Dynamic Renewable Availability,50,24,Round Robin,10.349999999999993,88.20000000000002,0.9,0.09999999999999998,0.42009,6.87386354243376,0.000603599997702986
Dynamic Renewable Availability,50,24,Min-Min,8.400000000000004,83.99999999999997,0.54,0.45999999999999996,0.4772599999999999,90.93266739736606,0.0006495000561699271
Dynamic Renewable Availability,50,24,Max-Min,12.599999999999996,41.999999999999986,1.0,0.0,0.579528,90.93266739736606,0.0007930999854579568
Dynamic Renewable Availability,50,24,GA,12.599999999999996,41.999999999999986,1.0,0.0,0.579528,90.93266739736606,0.0013135999906808138
Dynamic Renewable Availability,50,24,Classical,12.479999999999997,43.19999999999999,0.96,0.040000000000000036,0.5757239999999999,87.50285709621143,0.0017422999953851104
Dynamic Renewable Availability,50,24,Proposed Quantum-Inspired,10.699999999999992,79.60000000000001,0.86,0.14,0.4513819999999999,18.364367672206956,0.0025754999951459467
Dynamic Renewable Availability,50,25,FCFS,11.409999999999998,101.6,0.84,0.16000000000000003,0.42009,4.6097722286464435,0.0006283999537117779
Dynamic Renewable Availability,50,25,Round Robin,11.409999999999998,101.6,0.84,0.16000000000000003,0.42009,4.6097722286464435,0.0005920999683439732
Dynamic Renewable Availability,50,25,Min-Min,9.360000000000003,93.60000000000004,0.54,0.45999999999999996,0.47726,101.32497224277932,0.0006606999668292701
Dynamic Renewable Availability,50,25,Max-Min,14.040000000000001,46.80000000000002,1.0,0.0,0.5795279999999999,101.32497224277932,0.0006821000133641064
Dynamic Renewable Availability,50,25,GA,14.040000000000001,46.80000000000002,1.0,0.0,0.579528,101.32497224277932,0.0012534999987110496
Dynamic Renewable Availability,50,25,Classical,13.78,49.4,0.9,0.09999999999999998,0.569266,93.96940991620625,0.0019195000058971345
Dynamic Renewable Availability,50,25,Proposed Quantum-Inspired,11.774999999999999,85.5,0.8,0.19999999999999996,0.469078,23.90083680543424,0.002691200003027916
Dynamic Renewable Availability,50,26,FCFS,11.49,102.6,0.84,0.16000000000000003,0.42009,10.894379284750462,0.0006673999596387148
Dynamic Renewable Availability,50,26,Round Robin,11.49,102.6,0.84,0.16000000000000003,0.42009,10.894379284750462,0.0007442000205628574
Dynamic Renewable Availability,50,26,Min-Min,9.480000000000004,94.80000000000001,0.64,0.36,0.47726,102.62401034845598,0.000742900010664016
Dynamic Renewable Availability,50,26,Max-Min,14.219999999999999,47.400000000000006,1.0,0.0,0.579528,102.62401034845598,0.0006932999822311103
Dynamic Renewable Availability,50,26,GA,14.219999999999999,47.400000000000006,1.0,0.0,0.579528,102.62401034845598,0.0011820999789051712
Dynamic Renewable Availability,50,26,Classical,13.699999999999998,52.6,0.9,0.09999999999999998,0.567606,88.25354100544635,0.0016404000343754888
Dynamic Renewable Availability,50,26,Proposed Quantum-Inspired,11.25,101.99999999999999,0.84,0.16000000000000003,0.42906599999999995,13.497684986693088,0.0029941999819129705
Dynamic Renewable Availability,50,27,FCFS,11.650000000000002,106.19999999999997,0.8,0.19999999999999996,0.42009,6.224949798994366,0.0006215000175870955
Dynamic Renewable Availability,50,27,Round Robin,11.650000000000002,106.19999999999997,0.8,0.19999999999999996,0.42009,6.224949798994366,0.0006052000098861754
Dynamic Renewable Availability,50,27,Min-Min,9.68,96.80000000000003,0.42,0.5800000000000001,0.4772599999999999,104.78907385791707,0.0006637999904341996
Dynamic Renewable Availability,50,27,Max-Min,14.520000000000001,48.40000000000001,1.0,0.0,0.579528,104.78907385791707,0.0006503000040538609
Dynamic Renewable Availability,50,27,GA,14.520000000000001,48.40000000000001,1.0,0.0,0.579528,104.78907385791707,0.0010829000384546816
Dynamic Renewable Availability,50,27,Classical,14.0,53.600000000000016,0.9,0.09999999999999998,0.568182,90.4032632154393,0.0017295999568887055
Dynamic Renewable Availability,50,27,Proposed Quantum-Inspired,11.719999999999997,105.2,0.84,0.16000000000000003,0.40663399999999994,13.275918047351754,0.0029942000401206315
Dynamic Renewable Availability,50,28,FCFS,9.845000000000002,84.89999999999999,0.82,0.18000000000000005,0.42009,2.0615528128088303,0.0006749000167474151
Dynamic Renewable Availability,50,28,Round Robin,9.845000000000002,84.89999999999999,0.82,0.18000000000000005,0.42009,2.0615528128088303,0.0006501000025309622
Dynamic Renewable Availability,50,28,Min-Min,8.080000000000004,80.80000000000003,0.58,0.42000000000000004,0.47726,87.4685657822283,0.0006818999536335468
Dynamic Renewable Availability,50,28,Max-Min,12.120000000000001,40.40000000000001,1.0,0.0,0.579528,87.4685657822283,0.0007277000113390386
Dynamic Renewable Availability,50,28,GA,12.120000000000001,40.40000000000001,1.0,0.0,0.579528,87.4685657822283,0.0011891000322066247
Dynamic Renewable Availability,50,28,Classical,12.120000000000001,40.40000000000001,1.0,0.0,0.579528,87.4685657822283,0.0018551000393927097
Dynamic Renewable Availability,50,28,Proposed Quantum-Inspired,9.534999999999998,82.90000000000002,0.82,0.18000000000000005,0.449406,21.880356487041066,0.002627599984407425
Dynamic Renewable Availability,50,29,FCFS,12.169999999999996,106.0,0.84,0.16000000000000003,0.42009,6.299801584177076,0.0006362000131048262
Dynamic Renewable Availability,50,29,Round Robin,12.169999999999996,106.0,0.84,0.16000000000000003,0.42009,6.299801584177076,0.0006065000197850168
Dynamic Renewable Availability,50,29,Min-Min,9.96,99.60000000000004,0.6,0.4,0.47726,107.82016277116261,0.0006652000010944903
Dynamic Renewable Availability,50,29,Max-Min,14.940000000000003,49.80000000000002,1.0,0.0,0.579528,107.82016277116261,0.000647100037895143
Dynamic Renewable Availability,50,29,GA,14.940000000000003,49.80000000000002,1.0,0.0,0.579528,107.82016277116261,0.0011153999948874116
Dynamic Renewable Availability,50,29,Classical,14.64,52.80000000000002,0.92,0.07999999999999996,0.571742,99.34881730549186,0.0015448000049218535
Dynamic Renewable Availability,50,29,Proposed Quantum-Inspired,12.284999999999997,104.1,0.84,0.16000000000000003,0.434692,15.896147331979533,0.0027556000277400017
Dynamic Renewable Availability,100,0,FCFS,19.475,168.29999999999993,0.81,0.18999999999999995,0.42604099999999995,6.057020719792859,0.00120009999955073
Dynamic Renewable Availability,100,0,Round Robin,19.475,168.29999999999993,0.81,0.18999999999999995,0.42604099999999995,6.057020719792859,0.0012202999787405133
Dynamic Renewable Availability,100,0,Min-Min,15.879999999999992,158.8,0.46,0.54,0.4772,171.90604265121107,0.0013053000438958406
Dynamic Renewable Availability,100,0,Max-Min,23.819999999999997,79.4,1.0,0.0,0.57946,171.90604265121107,0.0012695000041276217
Dynamic Renewable Availability,100,0,GA,23.819999999999997,79.4,1.0,0.0,0.5794600000000001,171.90604265121107,0.002217400004155934
Dynamic Renewable Availability,100,0,Classical,20.92999999999999,112.20000000000002,0.79,0.20999999999999996,0.530675,96.71446375801295,0.002993200032506138
Dynamic Renewable Availability,100,0,Proposed Quantum-Inspired,19.12,164.19999999999993,0.86,0.14,0.42947599999999997,20.116846174288852,0.005588200001511723
Dynamic Renewable Availability,100,1,FCFS,22.504999999999995,197.50000000000003,0.81,0.18999999999999995,0.42604099999999995,2.598076211353316,0.0012453000526875257
Dynamic Renewable Availability,100,1,Round Robin,22.504999999999995,197.50000000000003,0.81,0.18999999999999995,0.42604099999999995,2.598076211353316,0.0013535000034607947
Dynamic Renewable Availability,100,1,Min-Min,18.480000000000004,184.79999999999998,0.54,0.45999999999999996,0.4771999999999999,200.05186827420533,0.0013609000016003847
Dynamic Renewable Availability,100,1,Max-Min,27.719999999999995,92.39999999999999,1.0,0.0,0.57946,200.05186827420533,0.0013509999844245613
Dynamic Renewable Availability,100,1,GA,27.719999999999995,92.39999999999999,1.0,0.0,0.5794600000000001,200.05186827420533,0.0024438999826088548
Dynamic Renewable Availability,100,1,Classical,23.47,145.99999999999994,0.76,0.24,0.521177,86.7827747885489,0.0030820000101812184
Dynamic Renewable Availability,100,1,Proposed Quantum-Inspired,22.07,194.79999999999993,0.83,0.17000000000000004,0.424576,30.890937182286976,0.005631199979688972
Dynamic Renewable Availability,100,2,FCFS,22.004999999999992,190.2999999999999,0.79,0.20999999999999996,0.42604099999999995,4.69041575982343,0.0012654999736696482
Dynamic Renewable Availability,100,2,Round Robin,22.004999999999992,190.2999999999999,0.79,0.20999999999999996,0.42604099999999995,4.69041575982343,0.0012088000075891614
Dynamic Renewable Availability,100,2,Min-Min,18.079999999999988,180.80000000000007,0.5,0.5,0.47720000000000007,195.72174125528312,0.0012907999916933477
Dynamic Renewable Availability,100,2,Max-Min,27.11999999999999,90.40000000000003,1.0,0.0,0.57946,195.72174125528312,0.0013242000131867826
Dynamic Renewable Availability,100,2,GA,27.11999999999999,90.40000000000003,1.0,0.0,0.5794600000000001,195.72174125528312,0.0027438000543043017
Dynamic Renewable Availability,100,2,Classical,23.339999999999986,135.40000000000003,0.76,0.24,0.521478,97.00257728534845,0.003038100025150925
Dynamic Renewable Availability,100,2,Proposed Quantum-Inspired,22.334999999999997,181.89999999999995,0.83,0.17000000000000004,0.4245900000000001,17.277152543170995,0.005663999996613711
Dynamic Renewable Availability,100,3,FCFS,22.159999999999997,189.20000000000005,0.81,0.18999999999999995,0.42604099999999995,9.54921462739214,0.0012526999926194549
Dynamic Renewable Availability,100,3,Round Robin,22.159999999999997,189.20000000000005,0.81,0.18999999999999995,0.42604099999999995,9.54921462739214,0.0011863000108860433
Dynamic Renewable Availability,100,3,Min-Min,18.19999999999998,182.0,0.52,0.48,0.47720000000000007,197.02077936095978,0.0013362999889068305
Dynamic Renewable Availability,100,3,Max-Min,27.300000000000008,91.0,1.0,0.0,0.57946,197.02077936095978,0.001344699994660914
Dynamic Renewable Availability,100,3,GA,27.300000000000008,91.0,1.0,0.0,0.5794600000000001,197.02077936095978,0.0021824000286869705
Dynamic Renewable Availability,100,3,Classical,23.30499999999999,135.9,0.8,0.19999999999999996,0.5296319999999999,101.20122281869918,0.003030400024726987
Dynamic Renewable Availability,100,3,Proposed Quantum-Inspired,23.035000000000007,174.29999999999998,0.89,0.10999999999999999,0.441755,40.28259549731124,0.005460799962747842
Dynamic Renewable Availability,100,4,FCFS,22.230000000000004,196.2,0.81,0.18999999999999995,0.42604099999999995,9.41740410091868,0.001250099972821772
Dynamic Renewable Availability,100,4,Round Robin,22.230000000000004,196.2,0.81,0.18999999999999995,0.42604099999999995,9.41740410091868,0.0012037000269629061
Dynamic Renewable Availability,100,4,Min-Min,18.359999999999992,183.60000000000005,0.51,0.49,0.4772,198.75283016852867,0.0013090000138618052
Dynamic Renewable Availability,100,4,Max-Min,27.540000000000006,91.80000000000003,1.0,0.0,0.5794600000000001,198.75283016852867,0.001548800035379827
Dynamic Renewable Availability,100,4,GA,27.540000000000006,91.80000000000003,1.0,0.0,0.5794600000000001,198.75283016852867,0.002175999979954213
Dynamic Renewable Availability,100,4,Classical,23.63,137.80000000000004,0.81,0.18999999999999995,0.526359,98.57833179761158,0.002992300025653094
Dynamic Renewable Availability,100,4,Proposed Quantum-Inspired,22.295000000000005,195.7,0.89,0.10999999999999999,0.421791,16.768646337734005,0.00590580003336072
Dynamic Renewable Availability,100,5,FCFS,23.42000000000001,196.59999999999997,0.84,0.16000000000000003,0.42604099999999995,10.985786271359915,0.0012974999845027924
Dynamic Renewable Availability,100,5,Round Robin,23.42000000000001,196.59999999999997,0.84,0.16000000000000003,0.42604099999999995,10.985786271359915,0.0013126999838277698
Dynamic Renewable Availability,100,5,Min-Min,19.079999999999995,190.80000000000013,0.53,0.47,0.4772,206.54705880258862,0.0015075000119395554
Dynamic Renewable Availability,100,5,Max-Min,28.620000000000015,95.40000000000006,1.0,0.0,0.5794600000000001,206.54705880258862,0.0016447000089101493
Dynamic Renewable Availability,100,5,GA,28.620000000000015,95.40000000000006,1.0,0.0,0.5794600000000001,206.54705880258862,0.0022532999864779413
Dynamic Renewable Availability,100,5,Classical,23.955000000000002,150.30000000000004,0.74,0.26,0.517577,94.74538247323719,0.0032955000060610473
Dynamic Renewable Availability,100,5,Proposed Quantum-Inspired,23.25000000000001,194.99999999999997,0.89,0.10999999999999999,0.44401300000000005,21.878928218722233,0.005398800014518201
Dynamic Renewable Availability,100,6,FCFS,20.675,184.29999999999998,0.8,0.19999999999999996,0.42604099999999995,11.366067921669305,0.001283500052522868
Dynamic Renewable Availability,100,6,Round Robin,20.675,184.29999999999998,0.8,0.19999999999999996,0.42604099999999995,11.366067921669305,0.0017108999891206622
Dynamic Renewable Availability,100,6,Min-Min,16.919999999999987,169.20000000000007,0.48,0.52,0.4772,183.16437290040878,0.0014306000084616244
Dynamic Renewable Availability,100,6,Max-Min,25.37999999999999,84.60000000000004,1.0,0.0,0.5794600000000001,183.16437290040878,0.0013467000098899007
Dynamic Renewable Availability,100,6,GA,25.37999999999999,84.60000000000004,1.0,0.0,0.5794600000000001,183.16437290040878,0.0022800000151619315
Dynamic Renewable Availability,100,6,Classical,21.909999999999986,123.80000000000004,0.78,0.21999999999999997,0.530649,96.86685449626204,0.0037428000359795988
Dynamic Renewable Availability,100,6,Proposed Quantum-Inspired,20.93499999999999,173.90000000000003,0.84,0.16000000000000003,0.43045300000000003,29.38005275693017,0.005405999952927232
Dynamic Renewable Availability,100,7,FCFS,20.805000000000003,178.09999999999994,0.8,0.19999999999999996,0.42604099999999995,6.96419413859206,0.001443199987988919
Dynamic Renewable Availability,100,7,Round Robin,20.805000000000003,178.09999999999994,0.8,0.19999999999999996,0.42604099999999995,6.96419413859206,0.0012532999971881509
Dynamic Renewable Availability,100,7,Min-Min,16.959999999999987,169.60000000000002,0.49,0.51,0.47720000000000007,183.597385602301,0.0014096000231802464
Dynamic Renewable Availability,100,7,Max-Min,25.439999999999994,84.80000000000001,1.0,0.0,0.5794600000000001,183.597385602301,0.001582800003234297
Dynamic Renewable Availability,100,7,GA,25.439999999999994,84.80000000000001,1.0,0.0,0.5794600000000001,183.597385602301,0.0023855000035837293
Dynamic Renewable Availability,100,7,Classical,22.344999999999985,120.10000000000002,0.79,0.20999999999999996,0.531164,102.74969586329684,0.0031429000082425773
Dynamic Renewable Availability,100,7,Proposed Quantum-Inspired,20.784999999999986,182.50000000000006,0.81,0.18999999999999995,0.42475300000000005,22.9237867726953,0.004955599957611412
Dynamic Renewable Availability,100,8,FCFS,22.369999999999994,198.60000000000002,0.8,0.19999999999999996,0.42604099999999995,7.842193570679061,0.0012125000357627869
Dynamic Renewable Availability,100,8,Round Robin,22.369999999999994,198.60000000000002,0.8,0.19999999999999996,0.42604099999999995,7.842193570679061,0.0011928999447263777
Dynamic Renewable Availability,100,8,Min-Min,18.399999999999988,184.00000000000003,0.41,0.5900000000000001,0.47720000000000007,199.18584287042088,0.0013322000158950686
Dynamic Renewable Availability,100,8,Max-Min,27.600000000000005,92.00000000000001,1.0,0.0,0.5794600000000001,199.18584287042088,0.0012706000125035644
Dynamic Renewable Availability,100,8,GA,27.600000000000005,92.00000000000001,1.0,0.0,0.5794600000000001,199.18584287042088,0.002314099983777851
Dynamic Renewable Availability,100,8,Classical,23.369999999999997,141.8,0.7,0.30000000000000004,0.520365,94.30270409696638,0.003876200004015118
Dynamic Renewable Availability,100,8,Proposed Quantum-Inspired,22.01499999999999,196.3000000000001,0.8,0.19999999999999996,0.42483600000000005,15.795568998931314,0.005216300021857023
Dynamic Renewable Availability,100,9,FCFS,21.85,188.39999999999995,0.83,0.17000000000000004,0.42604099999999995,9.730750228014282,0.0013049000408500433
Dynamic Renewable Availability,100,9,Round Robin,21.85,188.39999999999995,0.83,0.17000000000000004,0.42604099999999995,9.730750228014282,0.0011857000063173473
Dynamic Renewable Availability,100,9,Min-Min,17.959999999999976,179.60000000000014,0.62,0.38,0.4772,194.42270314960646,0.0012951000244356692
Dynamic Renewable Availability,100,9,Max-Min,26.94000000000001,89.80000000000007,1.0,0.0,0.5794599999999999,194.42270314960646,0.0012653999729081988
Dynamic Renewable Availability,100,9,GA,26.94000000000001,89.80000000000007,1.0,0.0,0.5794600000000001,194.42270314960646,0.0024115999694913626
Dynamic Renewable Availability,100,9,Classical,22.884999999999987,139.50000000000003,0.77,0.22999999999999998,0.520678,88.50247171689614,0.003679300018120557
Dynamic Renewable Availability,100,9,Proposed Quantum-Inspired,21.81,200.80000000000007,0.85,0.15000000000000002,0.416288,18.9917745353087,0.005055000016000122
Dynamic Renewable Availability,100,10,FCFS,23.230000000000008,197.99999999999991,0.79,0.20999999999999996,0.42604099999999995,9.33742469849155,0.0017867999849840999
Dynamic Renewable Availability,100,10,Round Robin,23.230000000000008,197.99999999999991,0.79,0.20999999999999996,0.42604099999999995,9.33742469849155,0.0012496000272221863
Dynamic Renewable Availability,100,10,Min-Min,18.919999999999984,189.2000000000001,0.52,0.48,0.4772,204.81500799501973,0.0013057999894954264
Dynamic Renewable Availability,100,10,Max-Min,28.38000000000002,94.60000000000005,1.0,0.0,0.5794600000000001,204.81500799501973,0.0013076000032015145
Dynamic Renewable Availability,100,10,GA,28.38000000000002,94.60000000000005,1.0,0.0,0.5794600000000001,204.81500799501973,0.002556600025855005
Dynamic Renewable Availability,100,10,Classical,24.180000000000003,142.60000000000005,0.77,0.22999999999999998,0.5215289999999999,102.56309033955637,0.0035244000027887523
Dynamic Renewable Availability,100,10,Proposed Quantum-Inspired,22.735000000000003,197.0999999999999,0.79,0.20999999999999996,0.439043,18.833148966649205,0.005390500009525567
Dynamic Renewable Availability,100,11,FCFS,21.004999999999995,181.09999999999997,0.82,0.18000000000000005,0.42604099999999995,6.684870978560469,0.001220499980263412
Dynamic Renewable Availability,100,11,Round Robin,21.004999999999995,181.09999999999997,0.82,0.18000000000000005,0.42604099999999995,6.684870978560469,0.0011774999438785017
Dynamic Renewable Availability,100,11,Min-Min,17.239999999999988,172.39999999999995,0.49,0.51,0.4771999999999999,186.62847451554651,0.0013052999856881797
Dynamic Renewable Availability,100,11,Max-Min,25.86,86.19999999999997,1.0,0.0,0.5794600000000001,186.62847451554651,0.001568299951031804
Dynamic Renewable Availability,100,11,GA,25.86,86.19999999999997,1.0,0.0,0.5794600000000001,186.62847451554651,0.0027686000103130937
Dynamic Renewable Availability,100,11,Classical,22.055000000000003,130.10000000000005,0.72,0.28,0.5231629999999999,92.68596172020874,0.003048200043849647
Dynamic Renewable Availability,100,11,Proposed Quantum-Inspired,20.745000000000008,181.29999999999995,0.78,0.21999999999999997,0.43303,13.179055353097201,0.0053749000071547925
Dynamic Renewable Availability,100,12,FCFS,22.404999999999994,201.89999999999992,0.86,0.14,0.42604099999999995,9.974968671630002,0.0013091000146232545
Dynamic Renewable Availability,100,12,Round Robin,22.404999999999994,201.89999999999992,0.86,0.14,0.42604099999999995,9.974968671630002,0.0014359999913722277
Dynamic Renewable Availability,100,12,Min-Min,18.559999999999988,185.6,0.51,0.49,0.47720000000000007,200.91789367798975,0.0015018000267446041
Dynamic Renewable Availability,100,12,Max-Min,27.839999999999996,92.8,1.0,0.0,0.5794600000000001,200.91789367798975,0.0013711000210605562
Dynamic Renewable Availability,100,12,GA,27.839999999999996,92.8,1.0,0.0,0.5794600000000001,200.91789367798975,0.0022477000020444393
Dynamic Renewable Availability,100,12,Classical,23.604999999999986,142.5,0.78,0.21999999999999997,0.52169,95.91923686101761,0.0031599000212736428
Dynamic Renewable Availability,100,12,Proposed Quantum-Inspired,22.669999999999995,192.8,0.84,0.16000000000000003,0.43083400000000005,18.34393632784414,0.005380000045988709
Dynamic Renewable Availability,100,13,FCFS,22.484999999999996,200.09999999999997,0.81,0.18999999999999995,0.42604099999999995,6.87386354243376,0.001346200006082654
Dynamic Renewable Availability,100,13,Round Robin,22.484999999999996,200.09999999999997,0.81,0.18999999999999995,0.42604099999999995,6.87386354243376,0.0014273999840952456
Dynamic Renewable Availability,100,13,Min-Min,18.479999999999986,184.80000000000007,0.52,0.48,0.4772,200.05186827420533,0.0015673000016249716
Dynamic Renewable Availability,100,13,Max-Min,27.72000000000001,92.40000000000003,1.0,0.0,0.57946,200.05186827420533,0.0015959999873302877
Dynamic Renewable Availability,100,13,GA,27.72000000000001,92.40000000000003,1.0,0.0,0.5794600000000001,200.05186827420533,0.002527999982703477
Dynamic Renewable Availability,100,13,Classical,23.63499999999999,139.10000000000002,0.75,0.25,0.521137,100.36059983878135,0.0039276999887079
Dynamic Renewable Availability,100,13,Proposed Quantum-Inspired,22.414999999999992,195.09999999999997,0.87,0.13,0.427715,14.221462653327892,0.005444500013254583
Dynamic Renewable Availability,100,14,FCFS,21.57000000000001,182.20000000000002,0.86,0.14,0.42604099999999995,10.173494974687902,0.001816099975258112
Dynamic Renewable Availability,100,14,Round Robin,21.57000000000001,182.20000000000002,0.86,0.14,0.42604099999999995,10.173494974687902,0.0012527000508271158
Dynamic Renewable Availability,100,14,Min-Min,17.599999999999984,176.0,0.51,0.49,0.4772,190.5255888325765,0.001331400009803474
Dynamic Renewable Availability,100,14,Max-Min,26.400000000000002,88.0,1.0,0.0,0.5794600000000001,190.5255888325765,0.0013441999908536673
Dynamic Renewable Availability,100,14,GA,26.400000000000002,88.0,1.0,0.0,0.5794600000000001,190.5255888325765,0.002335700031835586
Dynamic Renewable Availability,100,14,Classical,22.28,135.80000000000004,0.76,0.24,0.524944,91.096103099968,0.0030057000112719834
Dynamic Renewable Availability,100,14,Proposed Quantum-Inspired,21.970000000000006,180.60000000000005,0.82,0.18000000000000005,0.435253,25.179356624028344,0.006177700008265674
Dynamic Renewable Availability,100,15,FCFS,21.244999999999997,185.09999999999994,0.83,0.17000000000000004,0.42604099999999995,1.4142135623730951,0.001408599957358092
Dynamic Renewable Availability,100,15,Round Robin,21.244999999999997,185.09999999999994,0.83,0.17000000000000004,0.42604099999999995,1.4142135623730951,0.0013290000497363508
Dynamic Renewable Availability,100,15,Min-Min,17.439999999999987,174.39999999999995,0.46,0.54,0.47720000000000007,188.79353802500762,0.0017174000386148691
Dynamic Renewable Availability,100,15,Max-Min,26.160000000000014,87.19999999999997,1.0,0.0,0.5794600000000001,188.79353802500762,0.001546100014820695
Dynamic Renewable Availability,100,15,GA,26.160000000000014,87.19999999999997,1.0,0.0,0.5794600000000001,188.79353802500762,0.0022997999913059175
Dynamic Renewable Availability,100,15,Classical,22.239999999999995,131.8,0.72,0.28,0.520578,94.46427896300273,0.0033432000200264156
Dynamic Renewable Availability,100,15,Proposed Quantum-Inspired,21.249999999999982,181.60000000000002,0.87,0.13,0.4305360000000001,10.977249200050075,0.005752899975050241
Dynamic Renewable Availability,100,16,FCFS,21.324999999999992,188.10000000000005,0.82,0.18000000000000005,0.42604099999999995,4.636809247747852,0.0012784999562427402
Dynamic Renewable Availability,100,16,Round Robin,21.324999999999992,188.10000000000005,0.82,0.18000000000000005,0.42604099999999995,4.636809247747852,0.0011990999919362366
Dynamic Renewable Availability,100,16,Min-Min,17.599999999999994,176.0,0.42,0.5800000000000001,0.4772,190.5255888325765,0.0013772000093013048
Dynamic Renewable Availability,100,16,Max-Min,26.4,88.0,1.0,0.0,0.5794600000000001,190.5255888325765,0.0018624999793246388
Dynamic Renewable Availability,100,16,GA,26.4,88.0,1.0,0.0,0.5794600000000001,190.5255888325765,0.002577300008852035
Dynamic Renewable Availability,100,16,Classical,22.749999999999996,130.2,0.75,0.25,0.526944,97.80593029055038,0.0038876000326126814
Dynamic Renewable Availability,100,16,Proposed Quantum-Inspired,21.514999999999993,180.50000000000006,0.78,0.21999999999999997,0.42868399999999995,13.74772708486752,0.005486800044309348
Dynamic Renewable Availability,100,17,FCFS,22.435000000000002,191.5,0.84,0.16000000000000003,0.42604099999999995,8.347903928532,0.0015699000214226544
Dynamic Renewable Availability,100,17,Round Robin,22.435000000000002,191.5,0.84,0.16000000000000003,0.42604099999999995,8.347903928532,0.0013971999869681895
Dynamic Renewable Availability,100,17,Min-Min,18.27999999999999,182.79999999999998,0.48,0.52,0.4772,197.88680476474423,0.001628900005016476
Dynamic Renewable Availability,100,17,Max-Min,27.42,91.39999999999999,1.0,0.0,0.57946,197.88680476474423,0.0017024999833665788
Dynamic Renewable Availability,100,17,GA,27.42,91.39999999999999,1.0,0.0,0.5794600000000001,197.88680476474423,0.0031707999878562987
Dynamic Renewable Availability,100,17,Classical,23.369999999999994,135.80000000000004,0.75,0.25,0.522149,104.2314132111812,0.0043181999935768545
Dynamic Renewable Availability,100,17,Proposed Quantum-Inspired,22.059999999999995,198.99999999999994,0.86,0.14,0.42504600000000003,23.370654676324325,0.005771899945102632
Dynamic Renewable Availability,100,18,FCFS,21.73999999999999,194.99999999999997,0.86,0.14,0.42604099999999995,8.584142356694699,0.0015071999514475465
Dynamic Renewable Availability,100,18,Round Robin,21.73999999999999,194.99999999999997,0.86,0.14,0.42604099999999995,8.584142356694699,0.0014449000009335577
Dynamic Renewable Availability,100,18,Min-Min,18.03999999999999,180.4,0.6,0.4,0.4772,195.2887285533909,0.0014085000148043036
Dynamic Renewable Availability,100,18,Max-Min,27.06,90.2,1.0,0.0,0.5794600000000001,195.2887285533909,0.0015619000187143683
Dynamic Renewable Availability,100,18,GA,27.06,90.2,1.0,0.0,0.5794600000000001,195.2887285533909,0.002500500006135553
Dynamic Renewable Availability,100,18,Classical,23.424999999999983,131.50000000000003,0.82,0.18000000000000005,0.5266040000000001,103.69275529177533,0.0031476999865844846
Dynamic Renewable Availability,100,18,Proposed Quantum-Inspired,22.48,189.39999999999984,0.87,0.13,0.4309610000000001,25.586861863073402,0.005716399988159537
Dynamic Renewable Availability,100,19,FCFS,21.04500000000001,190.29999999999995,0.81,0.18999999999999995,0.42604099999999995,13.96424004376894,0.0013153000036254525
Dynamic Renewable Availability,100,19,Round Robin,21.04500000000001,190.29999999999995,0.81,0.18999999999999995,0.42604099999999995,13.96424004376894,0.0014498000382445753
Dynamic Renewable Availability,100,19,Min-Min,17.599999999999984,176.00000000000009,0.5,0.5,0.4772,190.5255888325765,0.0016506999963894486
Dynamic Renewable Availability,100,19,Max-Min,26.4,88.00000000000004,1.0,0.0,0.57946,190.5255888325765,0.0014091000193729997
Dynamic Renewable Availability,100,19,GA,26.4,88.00000000000004,1.0,0.0,0.5794600000000001,190.5255888325765,0.002461099997162819
Dynamic Renewable Availability,100,19,Classical,22.939999999999994,126.2,0.79,0.20999999999999996,0.523369,105.26395394435836,0.003058500005863607
Dynamic Renewable Availability,100,19,Proposed Quantum-Inspired,21.769999999999996,187.99999999999991,0.88,0.12,0.4231870000000001,17.507141400011598,0.005590199958533049
Dynamic Renewable Availability,100,20,FCFS,23.04,201.59999999999997,0.81,0.18999999999999995,0.42604099999999995,5.931905258852336,0.001412999990861863
Dynamic Renewable Availability,100,20,Round Robin,23.04,201.59999999999997,0.81,0.18999999999999995,0.42604099999999995,5.931905258852336,0.0016196000506170094
Dynamic Renewable Availability,100,20,Min-Min,18.83999999999999,188.40000000000012,0.42,0.5800000000000001,0.47720000000000007,203.9489825912353,0.0014562999713234603
Dynamic Renewable Availability,100,20,Max-Min,28.260000000000005,94.20000000000006,1.0,0.0,0.5794599999999999,203.9489825912353,0.0014688000082969666
Dynamic Renewable Availability,100,20,GA,28.260000000000005,94.20000000000006,1.0,0.0,0.5794600000000001,203.9489825912353,0.002401899953838438
Dynamic Renewable Availability,100,20,Classical,23.709999999999994,147.20000000000005,0.67,0.32999999999999996,0.520556,95.52584728752737,0.005171400029212236
Dynamic Renewable Availability,100,20,Proposed Quantum-Inspired,22.710000000000015,194.3999999999999,0.82,0.18000000000000005,0.43340300000000004,21.660736367907717,0.005944999982602894
Dynamic Renewable Availability,100,21,FCFS,21.785,192.3,0.81,0.18999999999999995,0.42604099999999995,11.96609794377432,0.0013199999812059104
Dynamic Renewable Availability,100,21,Round Robin,21.785,192.3,0.81,0.18999999999999995,0.42604099999999995,11.96609794377432,0.0012638000189326704
Dynamic Renewable Availability,100,21,Min-Min,17.79999999999999,178.00000000000014,0.56,0.43999999999999995,0.4772,192.6906523420376,0.001357999979518354
Dynamic Renewable Availability,100,21,Max-Min,26.700000000000003,89.00000000000007,1.0,0.0,0.5794600000000001,192.6906523420376,0.0015938999713398516
Dynamic Renewable Availability,100,21,GA,26.700000000000003,89.00000000000007,1.0,0.0,0.5794600000000001,192.6906523420376,0.002408699947409332
Dynamic Renewable Availability,100,21,Classical,22.599999999999994,136.60000000000002,0.78,0.21999999999999997,0.522885,92.80995366877413,0.0036439000396057963
Dynamic Renewable Availability,100,21,Proposed Quantum-Inspired,21.735,183.5,0.88,0.12,0.43106300000000003,10.520812706250407,0.005845199979376048
Dynamic Renewable Availability,100,22,FCFS,20.625000000000004,181.69999999999996,0.85,0.15000000000000002,0.42604099999999995,15.2540978100968,0.001318399969022721
Dynamic Renewable Availability,100,22,Round Robin,20.625000000000004,181.69999999999996,0.85,0.15000000000000002,0.42604099999999995,15.2540978100968,0.0011992999934591353
Dynamic Renewable Availability,100,22,Min-Min,16.83999999999999,168.40000000000006,0.49,0.51,0.4772,182.29834749662433,0.001292100001592189
Dynamic Renewable Availability,100,22,Max-Min,25.260000000000005,84.20000000000003,1.0,0.0,0.5794599999999999,182.29834749662433,0.001289099978748709
Dynamic Renewable Availability,100,22,GA,25.260000000000005,84.20000000000003,1.0,0.0,0.5794600000000001,182.29834749662433,0.002461099997162819
Dynamic Renewable Availability,100,22,Classical,22.180000000000007,118.00000000000001,0.83,0.17000000000000004,0.5373209999999999,104.946117126838,0.0034106000093743205
Dynamic Renewable Availability,100,22,Proposed Quantum-Inspired,20.739999999999995,171.40000000000006,0.79,0.20999999999999996,0.437112,12.735285626950029,0.005659600021317601
Dynamic Renewable Availability,100,23,FCFS,21.679999999999996,188.2,0.83,0.17000000000000004,0.42604099999999995,12.193748398257199,0.001375199994072318
Dynamic Renewable Availability,100,23,Round Robin,21.679999999999996,188.2,0.83,0.17000000000000004,0.42604099999999995,12.193748398257199,0.0013349999790079892
Dynamic Renewable Availability,100,23,Min-Min,17.639999999999986,176.39999999999995,0.53,0.47,0.4771999999999999,190.95860153446873,0.0017010000301524997
Dynamic Renewable Availability,100,23,Max-Min,26.460000000000008,88.19999999999997,1.0,0.0,0.57946,190.95860153446873,0.0013879999751225114
Dynamic Renewable Availability,100,23,GA,26.460000000000008,88.19999999999997,1.0,0.0,0.5794600000000001,190.95860153446873,0.002414699993096292
Dynamic Renewable Availability,100,23,Classical,23.105,125.50000000000003,0.8,0.19999999999999996,0.526083,106.64749176609828,0.003728099982254207
Dynamic Renewable Availability,100,23,Proposed Quantum-Inspired,21.989999999999995,175.1999999999999,0.9,0.09999999999999998,0.438035,21.775846711436962,0.005198099999688566
Dynamic Renewable Availability,100,24,FCFS,22.019999999999982,192.60000000000014,0.88,0.12,0.42604099999999995,8.926785535678562,0.0012233000015839934
Dynamic Renewable Availability,100,24,Round Robin,22.019999999999982,192.60000000000014,0.88,0.12,0.42604099999999995,8.926785535678562,0.0011699000024236739
Dynamic Renewable Availability,100,24,Min-Min,18.119999999999997,181.2,0.57,0.43000000000000005,0.47720000000000007,196.15475395717536,0.0013209999888204038
Dynamic Renewable Availability,100,24,Max-Min,27.17999999999999,90.6,1.0,0.0,0.5794600000000001,196.15475395717536,0.0013070999993942678
Dynamic Renewable Availability,100,24,GA,27.17999999999999,90.6,1.0,0.0,0.5794600000000001,196.15475395717536,0.002717800030950457
Dynamic Renewable Availability,100,24,Classical,23.484999999999985,133.09999999999997,0.82,0.18000000000000005,0.5275259999999999,102.22126735665138,0.003511600021738559
Dynamic Renewable Availability,100,24,Proposed Quantum-Inspired,22.519999999999985,181.0,0.87,0.13,0.4398280000000001,21.405314760591587,0.005269399960525334
Dynamic Renewable Availability,100,25,FCFS,21.985,192.5,0.83,0.17000000000000004,0.42604099999999995,4.031128874149275,0.0012119999737478793
Dynamic Renewable Availability,100,25,Round Robin,21.985,192.5,0.83,0.17000000000000004,0.42604099999999995,4.031128874149275,0.0015323000261560082
Dynamic Renewable Availability,100,25,Min-Min,17.99999999999999,180.00000000000009,0.54,0.45999999999999996,0.47720000000000007,194.8557158514987,0.0014825999969616532
Dynamic Renewable Availability,100,25,Max-Min,26.999999999999993,90.00000000000004,1.0,0.0,0.5794600000000001,194.8557158514987,0.0013660999829880893
Dynamic Renewable Availability,100,25,GA,26.999999999999993,90.00000000000004,1.0,0.0,0.5794600000000001,194.8557158514987,0.0024712999584153295
Dynamic Renewable Availability,100,25,Classical,22.994999999999997,136.50000000000003,0.75,0.25,0.519482,95.61511386804912,0.003954000014346093
Dynamic Renewable Availability,100,25,Proposed Quantum-Inspired,21.945000000000007,178.49999999999997,0.81,0.18999999999999995,0.44002700000000006,26.004807247891687,0.005913299974054098
Dynamic Renewable Availability,100,26,FCFS,22.124999999999996,192.29999999999995,0.83,0.17000000000000004,0.42604099999999995,7.292976072907411,0.0014254999696277082
Dynamic Renewable Availability,100,26,Round Robin,22.124999999999996,192.29999999999995,0.83,0.17000000000000004,0.42604099999999995,7.292976072907411,0.0013702000142075121
Dynamic Renewable Availability,100,26,Min-Min,18.119999999999994,181.19999999999993,0.58,0.42000000000000004,0.4772,196.15475395717536,0.0017997999675571918
Dynamic Renewable Availability,100,26,Max-Min,27.179999999999993,90.59999999999997,1.0,0.0,0.57946,196.15475395717536,0.0015451000072062016
Dynamic Renewable Availability,100,26,GA,27.179999999999993,90.59999999999997,1.0,0.0,0.5794600000000001,196.15475395717536,0.0023960000253282487
Dynamic Renewable Availability,100,26,Classical,23.27,134.79999999999998,0.77,0.22999999999999998,0.523048,100.93902862619592,0.0032876000041142106
Dynamic Renewable Availability,100,26,Proposed Quantum-Inspired,21.784999999999993,193.29999999999993,0.8,0.19999999999999996,0.42627299999999996,16.63392617513977,0.00493530003586784
Dynamic Renewable Availability,100,27,FCFS,22.040000000000006,197.00000000000006,0.81,0.18999999999999995,0.42604099999999995,6.684870978560469,0.0016193999908864498
Dynamic Renewable Availability,100,27,Round Robin,22.040000000000006,197.00000000000006,0.81,0.18999999999999995,0.42604099999999995,6.684870978560469,0.00136900000507012
Dynamic Renewable Availability,100,27,Min-Min,18.199999999999985,182.00000000000009,0.42,0.5800000000000001,0.4771999999999999,197.02077936095978,0.0017796999891288579
Dynamic Renewable Availability,100,27,Max-Min,27.300000000000004,91.00000000000004,1.0,0.0,0.5794599999999999,197.02077936095978,0.0015051999944262207
Dynamic Renewable Availability,100,27,GA,27.300000000000004,91.00000000000004,1.0,0.0,0.5794600000000001,197.02077936095978,0.0024519000435248017
Dynamic Renewable Availability,100,27,Classical,23.264999999999997,135.70000000000002,0.69,0.31000000000000005,0.5223530000000001,102.47042256183,0.0034395999973639846
Dynamic Renewable Availability,100,27,Proposed Quantum-Inspired,21.78,202.00000000000003,0.82,0.18000000000000005,0.41438899999999995,22.18529918662356,0.005872100009582937
Dynamic Renewable Availability,100,28,FCFS,19.814999999999994,168.89999999999998,0.85,0.15000000000000002,0.42604099999999995,7.794228634059948,0.0013329999637790024
Dynamic Renewable Availability,100,28,Round Robin,19.814999999999994,168.89999999999998,0.85,0.15000000000000002,0.42604099999999995,7.794228634059948,0.002044699969701469
Dynamic Renewable Availability,100,28,Min-Min,16.079999999999984,160.8,0.55,0.44999999999999996,0.4771999999999999,174.07110616067217,0.0014610000071115792
Dynamic Renewable Availability,100,28,Max-Min,24.11999999999999,80.4,1.0,0.0,0.57946,174.07110616067217,0.0013717000256292522
Dynamic Renewable Availability,100,28,GA,24.11999999999999,80.4,1.0,0.0,0.5794600000000001,174.07110616067217,0.0023122000275179744
Dynamic Renewable Availability,100,28,Classical,21.404999999999987,109.5,0.84,0.16000000000000003,0.536695,105.84540613555224,0.003737499995622784
Dynamic Renewable Availability,100,28,Proposed Quantum-Inspired,19.39,167.00000000000003,0.84,0.16000000000000003,0.4324190000000001,14.517231140957975,0.005728500022087246
Dynamic Renewable Availability,100,29,FCFS,22.764999999999993,200.49999999999994,0.86,0.14,0.42604099999999995,11.519006033508273,0.0013342999736778438
Dynamic Renewable Availability,100,29,Round Robin,22.764999999999993,200.49999999999994,0.86,0.14,0.42604099999999995,11.519006033508273,0.0012502000317908823
Dynamic Renewable Availability,100,29,Min-Min,18.759999999999984,187.60000000000002,0.6,0.4,0.4772,203.08295718745086,0.0013975999900139868
Dynamic Renewable Availability,100,29,Max-Min,28.14000000000001,93.80000000000001,1.0,0.0,0.57946,203.08295718745086,0.0014971999917179346
Dynamic Renewable Availability,100,29,GA,28.14000000000001,93.80000000000001,1.0,0.0,0.5794600000000001,203.08295718745086,0.0023660000297240913
Dynamic Renewable Availability,100,29,Classical,24.034999999999982,138.90000000000003,0.77,0.22999999999999998,0.5267229999999999,107.2529137133346,0.003156099992338568
Dynamic Renewable Availability,100,29,Proposed Quantum-Inspired,23.73999999999999,188.19999999999993,0.88,0.12,0.444442,31.63364506344471,0.00537830003304407
Dynamic Renewable Availability,250,0,FCFS,54.85500000000001,473.30000000000007,0.832,0.16800000000000004,0.42485720000000005,8.774964387392123,0.0034173999447375536
Dynamic Renewable Availability,250,0,Round Robin,54.85500000000001,473.30000000000007,0.832,0.16800000000000004,0.42485720000000005,8.774964387392123,0.0031616000342182815
Dynamic Renewable Availability,250,0,Min-Min,44.799999999999955,447.99999999999994,0.496,0.504,0.47718720000000003,484.9742261192856,0.0036646000226028264
Dynamic Renewable Availability,250,0,Max-Min,67.19999999999996,223.99999999999997,1.0,0.0,0.5794416,484.9742261192856,0.003313200024422258
Dynamic Renewable Availability,250,0,GA,67.19999999999996,223.99999999999997,1.0,0.0,0.5794416,484.9742261192856,0.006523299962282181
Dynamic Renewable Availability,250,0,Classical,53.50500000000004,462.4999999999998,0.692,0.30800000000000005,0.4530832,65.77613549000884,0.00829540000995621
Dynamic Renewable Availability,250,0,Proposed Quantum-Inspired,53.844999999999985,486.6999999999999,0.844,0.15600000000000003,0.4189416,34.63379852109786,0.01326320000225678
Dynamic Renewable Availability,250,1,FCFS,52.36000000000002,460.3999999999998,0.792,0.20799999999999996,0.42485720000000005,17.76759691123141,0.003084300027694553
Dynamic Renewable Availability,250,1,Round Robin,52.36000000000002,460.3999999999998,0.792,0.20799999999999996,0.42485720000000005,17.76759691123141,0.0034337000106461346
Dynamic Renewable Availability,250,1,Min-Min,43.07999999999993,430.7999999999997,0.492,0.508,0.4771872,466.3546799379202,0.003929800004698336
Dynamic Renewable Availability,250,1,Max-Min,64.61999999999996,215.39999999999986,1.0,0.0,0.5794416,466.3546799379202,0.003453299985267222
Dynamic Renewable Availability,250,1,GA,64.61999999999996,215.39999999999986,1.0,0.0,0.5794416,466.3546799379202,0.006239999958779663
Dynamic Renewable Availability,250,1,Classical,51.32500000000002,438.50000000000006,0.624,0.376,0.4502896,78.8047428775705,0.00794149999273941
Dynamic Renewable Availability,250,1,Proposed Quantum-Inspired,51.27999999999999,457.9999999999999,0.788,0.21199999999999997,0.4233768,58.07484395157683,0.0134898999822326
Dynamic Renewable Availability,250,2,FCFS,54.82500000000001,477.09999999999997,0.804,0.19599999999999995,0.42485720000000005,9.256754290786809,0.003205799963325262
Dynamic Renewable Availability,250,2,Round Robin,54.82500000000001,477.09999999999997,0.804,0.19599999999999995,0.42485720000000005,9.256754290786809,0.003479400009382516
Dynamic Renewable Availability,250,2,Min-Min,45.07999999999994,450.7999999999999,0.5,0.5,0.4771872,488.0053150325312,0.0038406000239774585
Dynamic Renewable Availability,250,2,Max-Min,67.62,225.39999999999995,1.0,0.0,0.5794416,488.0053150325312,0.0038032999727874994
Dynamic Renewable Availability,250,2,GA,67.62,225.39999999999995,1.0,0.0,0.5794416,488.0053150325312,0.005849800014402717
Dynamic Renewable Availability,250,2,Classical,53.774999999999984,463.2999999999998,0.676,0.32399999999999995,0.4510528,72.57194705945267,0.00826569995842874
Dynamic Renewable Availability,250,2,Proposed Quantum-Inspired,54.88999999999999,473.5999999999997,0.82,0.18000000000000005,0.42262560000000005,24.772716847370617,0.014174099953379482
Dynamic Renewable Availability,250,3,FCFS,53.91,472.39999999999975,0.848,0.15200000000000002,0.42485720000000005,9.883698700385398,0.003749400028027594
Dynamic Renewable Availability,250,3,Round Robin,53.91,472.39999999999975,0.848,0.15200000000000002,0.42485720000000005,9.883698700385398,0.0035391999990679324
Dynamic Renewable Availability,250,3,Min-Min,44.439999999999934,444.39999999999964,0.552,0.44799999999999995,0.47718720000000003,481.0771118022557,0.003819699981249869
Dynamic Renewable Availability,250,3,Max-Min,66.66000000000001,222.19999999999982,1.0,0.0,0.5794416,481.0771118022557,0.004374000011011958
Dynamic Renewable Availability,250,3,GA,66.66000000000001,222.19999999999982,1.0,0.0,0.5794416,481.0771118022557,0.006419100041966885
Dynamic Renewable Availability,250,3,Classical,52.944999999999986,461.49999999999994,0.724,0.276,0.44554679999999997,66.52584084399084,0.007838800025638193
Dynamic Renewable Availability,250,3,Proposed Quantum-Inspired,55.27999999999998,455.40000000000015,0.868,0.132,0.42805280000000007,50.310908359917335,0.013606199994683266
Dynamic Renewable Availability,250,4,FCFS,56.069999999999986,491.59999999999997,0.836,0.16400000000000003,0.42485720000000005,13.24764129949177,0.003702900023199618
Dynamic Renewable Availability,250,4,Round Robin,56.069999999999986,491.59999999999997,0.836,0.16400000000000003,0.42485720000000005,13.24764129949177,0.003252199967391789
Dynamic Renewable Availability,250,4,Min-Min,46.23999999999994,462.3999999999998,0.536,0.46399999999999997,0.47718720000000003,500.5626833874055,0.00414099998306483
Dynamic Renewable Availability,250,4,Max-Min,69.36,231.1999999999999,1.0,0.0,0.5794415999999999,500.5626833874055,0.004112199996598065
Dynamic Renewable Availability,250,4,GA,69.36,231.1999999999999,1.0,0.0,0.5794416,500.5626833874055,0.006730399967636913
Dynamic Renewable Availability,250,4,Classical,55.18499999999998,482.9000000000001,0.708,0.29200000000000004,0.44517399999999996,65.52480446365331,0.008426100015640259
Dynamic Renewable Availability,250,4,Proposed Quantum-Inspired,55.325,502.4999999999998,0.828,0.17200000000000004,0.4222136,55.385016024191955,0.013976900023408234
Dynamic Renewable Availability,250,5,FCFS,56.329999999999984,485.20000000000016,0.852,0.14800000000000002,0.42485720000000005,13.619838471876236,0.003519199963193387
Dynamic Renewable Availability,250,5,Round Robin,56.329999999999984,485.20000000000016,0.852,0.14800000000000002,0.42485720000000005,13.619838471876236,0.0034433999680913985
Dynamic Renewable Availability,250,5,Min-Min,46.07999999999994,460.7999999999998,0.548,0.45199999999999996,0.4771872,498.8306325798367,0.0036549000069499016
Dynamic Renewable Availability,250,5,Max-Min,69.11999999999999,230.3999999999999,1.0,0.0,0.5794416,498.8306325798367,0.0034868999500758946
Dynamic Renewable Availability,250,5,GA,69.11999999999999,230.3999999999999,1.0,0.0,0.5794416,498.8306325798367,0.005900499993003905
Dynamic Renewable Availability,250,5,Classical,55.199999999999996,473.99999999999983,0.7,0.30000000000000004,0.44737239999999995,65.0384501660364,0.008275700034573674
Dynamic Renewable Availability,250,5,Proposed Quantum-Inspired,55.68499999999998,486.7,0.872,0.128,0.42950199999999994,26.095976701399778,0.015103599987924099
Dynamic Renewable Availability,250,6,FCFS,54.04499999999998,483.30000000000024,0.82,0.18000000000000005,0.42485720000000005,21.24852936087578,0.003530199988745153
Dynamic Renewable Availability,250,6,Round Robin,54.04499999999998,483.30000000000024,0.82,0.18000000000000005,0.42485720000000005,21.24852936087578,0.003121500019915402
Dynamic Renewable Availability,250,6,Min-Min,44.63999999999994,446.4,0.496,0.504,0.4771872,483.2421753117168,0.003847500018309802
Dynamic Renewable Availability,250,6,Max-Min,66.95999999999997,223.2,1.0,0.0,0.5794415999999999,483.2421753117168,0.00361960002919659
Dynamic Renewable Availability,250,6,GA,66.95999999999997,223.2,1.0,0.0,0.5794416,483.2421753117168,0.00611459999345243
Dynamic Renewable Availability,250,6,Classical,53.06499999999996,464.3000000000002,0.676,0.32399999999999995,0.44666999999999996,71.09149034870488,0.008921800006646663
Dynamic Renewable Availability,250,6,Proposed Quantum-Inspired,54.61499999999996,465.9000000000001,0.832,0.16800000000000004,0.4281776,36.55817282086182,0.014027700002770871
Dynamic Renewable Availability,250,7,FCFS,52.995000000000005,463.89999999999975,0.812,0.18799999999999994,0.42485720000000005,8.926785535678562,0.0032912000315263867
Dynamic Renewable Availability,250,7,Round Robin,52.995000000000005,463.89999999999975,0.812,0.18799999999999994,0.42485720000000005,8.926785535678562,0.003337099973578006
Dynamic Renewable Availability,250,7,Min-Min,43.639999999999915,436.3999999999999,0.52,0.48,0.47718720000000003,472.4168577644113,0.00358989997766912
Dynamic Renewable Availability,250,7,Max-Min,65.45999999999997,218.19999999999996,1.0,0.0,0.5794416,472.4168577644113,0.003285299986600876
Dynamic Renewable Availability,250,7,GA,65.45999999999997,218.19999999999996,1.0,0.0,0.5794416,472.4168577644113,0.006354000011924654
Dynamic Renewable Availability,250,7,Classical,52.485,440.49999999999994,0.716,0.28400000000000003,0.45241519999999996,68.7363622837287,0.008486800012178719
Dynamic Renewable Availability,250,7,Proposed Quantum-Inspired,53.54499999999996,467.7000000000001,0.824,0.17600000000000005,0.42662279999999997,20.17888748172208,0.01413879997562617
Dynamic Renewable Availability,250,8,FCFS,56.11999999999992,497.0,0.808,0.19199999999999995,0.42485720000000005,16.13032857693854,0.0035106000141240656
Dynamic Renewable Availability,250,8,Round Robin,56.11999999999992,497.0,0.808,0.19199999999999995,0.42485720000000005,16.13032857693854,0.003556600015144795
Dynamic Renewable Availability,250,8,Min-Min,46.03999999999995,460.3999999999997,0.444,0.556,0.4771872,498.39761987794446,0.003493299998808652
Dynamic Renewable Availability,250,8,Max-Min,69.05999999999997,230.19999999999985,1.0,0.0,0.5794416,498.39761987794446,0.003830400004517287
Dynamic Renewable Availability,250,8,GA,69.05999999999997,230.19999999999985,1.0,0.0,0.5794416,498.39761987794446,0.006405699998140335
Dynamic Renewable Availability,250,8,Classical,54.56999999999999,478.0000000000003,0.624,0.376,0.44526279999999996,81.08136345671551,0.008352999982889742
Dynamic Renewable Availability,250,8,Proposed Quantum-Inspired,55.57499999999999,488.5000000000001,0.828,0.17200000000000004,0.42981840000000004,25.390697115282205,0.013849599985405803
Dynamic Renewable Availability,250,9,FCFS,56.39,497.3999999999995,0.828,0.17200000000000004,0.42485720000000005,19.188212527486765,0.0032503000111319125
Dynamic Renewable Availability,250,9,Round Robin,56.39,497.3999999999995,0.828,0.17200000000000004,0.42485720000000005,19.188212527486765,0.003207299974747002
Dynamic Renewable Availability,250,9,Min-Min,46.35999999999994,463.5999999999999,0.556,0.44399999999999995,0.4771872,501.8617214930822,0.0040404999745078385
Dynamic Renewable Availability,250,9,Max-Min,69.54,231.79999999999995,1.0,0.0,0.5794416,501.8617214930822,0.003733399964403361
Dynamic Renewable Availability,250,9,GA,69.54,231.79999999999995,1.0,0.0,0.5794416,501.8617214930822,0.005699999979697168
Dynamic Renewable Availability,250,9,Classical,55.199999999999996,478.3999999999998,0.652,0.348,0.44968240000000004,75.96175024313223,0.008622600056696683
Dynamic Renewable Availability,250,9,Proposed Quantum-Inspired,56.244999999999976,506.50000000000006,0.82,0.18000000000000005,0.41542920000000005,29.063508047033828,0.013356299954466522
Dynamic Renewable Availability,250,10,FCFS,55.98999999999997,485.79999999999984,0.84,0.16000000000000003,0.42485720000000005,27.459060435491963,0.003556600015144795
Dynamic Renewable Availability,250,10,Round Robin,55.98999999999997,485.79999999999984,0.84,0.16000000000000003,0.42485720000000005,27.459060435491963,0.0031436000135727227
Dynamic Renewable Availability,250,10,Min-Min,45.75999999999996,457.59999999999974,0.532,0.46799999999999997,0.4771872,495.3665309646989,0.0035421999637037516
Dynamic Renewable Availability,250,10,Max-Min,68.63999999999999,228.79999999999987,1.0,0.0,0.5794416,495.3665309646989,0.0038824000512249768
Dynamic Renewable Availability,250,10,GA,68.63999999999999,228.79999999999987,1.0,0.0,0.5794416,495.3665309646989,0.006078700011130422
Dynamic Renewable Availability,250,10,Classical,54.61000000000003,470.2,0.664,0.33599999999999997,0.44577799999999995,72.02430145443967,0.007800999970640987
Dynamic Renewable Availability,250,10,Proposed Quantum-Inspired,55.15999999999995,488.99999999999983,0.8,0.19999999999999996,0.427302,36.88495628301598,0.013575699995271862
Dynamic Renewable Availability,250,11,FCFS,54.154999999999944,475.50000000000006,0.824,0.17600000000000005,0.42485720000000005,6.609652033201143,0.0034049999667331576
Dynamic Renewable Availability,250,11,Round Robin,54.154999999999944,475.50000000000006,0.824,0.17600000000000005,0.42485720000000005,6.609652033201143,0.0033389999880455434
Dynamic Renewable Availability,250,11,Min-Min,44.43999999999993,444.3999999999997,0.524,0.476,0.4771872,481.0771118022557,0.00356480001937598
Dynamic Renewable Availability,250,11,Max-Min,66.65999999999994,222.19999999999985,1.0,0.0,0.5794416000000001,481.0771118022557,0.0034620999940671027
Dynamic Renewable Availability,250,11,GA,66.65999999999994,222.19999999999985,1.0,0.0,0.5794416,481.0771118022557,0.006336699996609241
Dynamic Renewable Availability,250,11,Classical,52.96000000000002,458.1999999999999,0.664,0.33599999999999997,0.4484504,71.87967376108492,0.008604199974797666
Dynamic Renewable Availability,250,11,Proposed Quantum-Inspired,54.29000000000002,468.0,0.836,0.16400000000000003,0.431938,10.207227831296802,0.013842999993357807
Dynamic Renewable Availability,250,12,FCFS,55.46499999999996,489.5,0.86,0.14,0.42485720000000005,19.48557158514987,0.003232099988963455
Dynamic Renewable Availability,250,12,Round Robin,55.46499999999996,489.5,0.86,0.14,0.42485720000000005,19.48557158514987,0.003925399971194565
Dynamic Renewable Availability,250,12,Min-Min,45.71999999999994,457.1999999999997,0.5,0.5,0.47718720000000003,494.9335182628067,0.0036288000410422683
Dynamic Renewable Availability,250,12,Max-Min,68.57999999999998,228.59999999999985,1.0,0.0,0.5794416,494.9335182628067,0.003385299991350621
Dynamic Renewable Availability,250,12,GA,68.57999999999998,228.59999999999985,1.0,0.0,0.5794416,494.9335182628067,0.005442200053948909
Dynamic Renewable Availability,250,12,Classical,54.69999999999999,474.2,0.672,0.32799999999999996,0.4475548,62.070020944091844,0.008244299970101565
Dynamic Renewable Availability,250,12,Proposed Quantum-Inspired,56.67,464.9999999999999,0.852,0.14800000000000002,0.4334196,47.488814472462884,0.013681999989785254
Dynamic Renewable Availability,250,13,FCFS,56.98999999999998,498.7999999999999,0.82,0.18000000000000005,0.42485720000000005,8.728545125048045,0.0032363999634981155
Dynamic Renewable Availability,250,13,Round Robin,56.98999999999998,498.7999999999999,0.82,0.18000000000000005,0.42485720000000005,8.728545125048045,0.0030749000143259764
Dynamic Renewable Availability,250,13,Min-Min,46.759999999999906,467.60000000000014,0.5,0.5,0.47718720000000003,506.1918485120044,0.003315500041935593
Dynamic Renewable Availability,250,13,Max-Min,70.14000000000004,233.80000000000007,1.0,0.0,0.5794416000000001,506.1918485120044,0.0037450999952852726
Dynamic Renewable Availability,250,13,GA,70.14000000000004,233.80000000000007,1.0,0.0,0.5794416,506.1918485120044,0.00594870001077652
Dynamic Renewable Availability,250,13,Classical,55.934999999999995,486.70000000000016,0.688,0.31200000000000006,0.44673720000000006,59.20884646739877,0.007636299997102469
Dynamic Renewable Availability,250,13,Proposed Quantum-Inspired,56.464999999999954,492.50000000000006,0.836,0.16400000000000003,0.4337844,26.975683494584526,0.012493999965954572
Dynamic Renewable Availability,250,14,FCFS,55.430000000000014,472.80000000000007,0.844,0.15600000000000003,0.42485720000000005,17.014699527173555,0.003087499993853271
Dynamic Renewable Availability,250,14,Round Robin,55.430000000000014,472.80000000000007,0.844,0.15600000000000003,0.42485720000000005,17.014699527173555,0.003073600004427135
Dynamic Renewable Availability,250,14,Min-Min,45.279999999999944,452.79999999999944,0.528,0.472,0.47718720000000003,490.17037854199225,0.0032689999788999557
Dynamic Renewable Availability,250,14,Max-Min,67.91999999999992,226.39999999999972,1.0,0.0,0.5794416,490.17037854199225,0.003324399993289262
Dynamic Renewable Availability,250,14,GA,67.91999999999992,226.39999999999972,1.0,0.0,0.5794416,490.17037854199225,0.005578999989666045
Dynamic Renewable Availability,250,14,Classical,54.19500000000003,470.90000000000015,0.692,0.30800000000000005,0.4468424,60.382116557802114,0.008364299952518195
Dynamic Renewable Availability,250,14,Proposed Quantum-Inspired,55.54499999999999,467.30000000000024,0.808,0.19199999999999995,0.43586519999999995,29.57194616524249,0.01305449998471886
Dynamic Renewable Availability,250,15,FCFS,57.129999999999974,495.59999999999997,0.86,0.14,0.42485720000000005,7.790218225441442,0.00331440003355965
Dynamic Renewable Availability,250,15,Round Robin,57.129999999999974,495.59999999999997,0.86,0.14,0.42485720000000005,7.790218225441442,0.002956200041808188
Dynamic Renewable Availability,250,15,Min-Min,46.75999999999996,467.5999999999999,0.504,0.496,0.4771872,506.1918485120044,0.0033782999962568283
Dynamic Renewable Availability,250,15,Max-Min,70.13999999999993,233.79999999999995,1.0,0.0,0.5794415999999999,506.1918485120044,0.0032434999593533576
Dynamic Renewable Availability,250,15,GA,70.13999999999993,233.79999999999995,1.0,0.0,0.5794416,506.1918485120044,0.006011300021782517
Dynamic Renewable Availability,250,15,Classical,55.48000000000004,491.40000000000003,0.656,0.344,0.44260399999999994,71.19822680376247,0.008315199986100197
Dynamic Renewable Availability,250,15,Proposed Quantum-Inspired,55.98000000000001,503.2,0.816,0.18400000000000005,0.4228548,37.19122880465231,0.013452499988488853
Dynamic Renewable Availability,250,16,FCFS,55.77499999999999,493.6999999999997,0.824,0.17600000000000005,0.42485720000000005,11.903255857117413,0.0033918999833986163
Dynamic Renewable Availability,250,16,Round Robin,55.77499999999999,493.6999999999997,0.824,0.17600000000000005,0.42485720000000005,11.903255857117413,0.004095899988897145
Dynamic Renewable Availability,250,16,Min-Min,46.03999999999997,460.39999999999964,0.444,0.556,0.47718720000000003,498.39761987794446,0.003983300004620105
Dynamic Renewable Availability,250,16,Max-Min,69.05999999999999,230.19999999999982,1.0,0.0,0.5794416,498.39761987794446,0.0034158999915234745
Dynamic Renewable Availability,250,16,GA,69.05999999999999,230.19999999999982,1.0,0.0,0.5794416,498.39761987794446,0.005955100001301616
Dynamic Renewable Availability,250,16,Classical,54.96999999999997,477.6000000000002,0.664,0.33599999999999997,0.4456863999999999,65.18195685924135,0.008662200008984655
Dynamic Renewable Availability,250,16,Proposed Quantum-Inspired,55.944999999999965,468.8999999999998,0.768,0.23199999999999998,0.43684160000000005,49.05800138611438,0.01396399998338893
Dynamic Renewable Availability,250,17,FCFS,54.13000000000003,473.99999999999966,0.844,0.15600000000000003,0.42485720000000005,3.082207001484488,0.0031269000028260052
Dynamic Renewable Availability,250,17,Round Robin,54.13000000000003,473.99999999999966,0.844,0.15600000000000003,0.42485720000000005,3.082207001484488,0.003082500013988465
Dynamic Renewable Availability,250,17,Min-Min,44.47999999999993,444.79999999999956,0.508,0.492,0.4771872,481.5101245041479,0.003942100040148944
Dynamic Renewable Availability,250,17,Max-Min,66.72,222.39999999999978,1.0,0.0,0.5794416,481.5101245041479,0.0034256999497301877
Dynamic Renewable Availability,250,17,GA,66.72,222.39999999999978,1.0,0.0,0.5794416,481.5101245041479,0.005625999998301268
Dynamic Renewable Availability,250,17,Classical,53.03000000000002,453.8000000000001,0.656,0.344,0.44975279999999995,78.1504958397578,0.007680100039578974
Dynamic Renewable Availability,250,17,Proposed Quantum-Inspired,54.16000000000001,466.1999999999997,0.848,0.15200000000000002,0.4279688,14.19506956657839,0.012591900012921542
Dynamic Renewable Availability,250,18,FCFS,56.444999999999986,493.90000000000003,0.876,0.124,0.42485720000000005,11.20267825120404,0.003457200014963746
Dynamic Renewable Availability,250,18,Round Robin,56.444999999999986,493.90000000000003,0.876,0.124,0.42485720000000005,11.20267825120404,0.0030888000037521124
Dynamic Renewable Availability,250,18,Min-Min,46.39999999999995,463.9999999999997,0.576,0.42400000000000004,0.4771872,502.2947341949744,0.0033478999976068735
Dynamic Renewable Availability,250,18,Max-Min,69.59999999999997,231.99999999999986,1.0,0.0,0.5794416,502.2947341949744,0.0033401999971829355
Dynamic Renewable Availability,250,18,GA,69.59999999999997,231.99999999999986,1.0,0.0,0.5794416,502.2947341949744,0.0061157000018283725
Dynamic Renewable Availability,250,18,Classical,55.985,476.9000000000001,0.736,0.264,0.4451884,54.38290172471491,0.008551499980967492
Dynamic Renewable Availability,250,18,Proposed Quantum-Inspired,57.46500000000002,499.8999999999997,0.856,0.14400000000000002,0.41855679999999995,45.92385001282014,0.013266000023577362
Dynamic Renewable Availability,250,19,FCFS,54.66500000000001,480.4999999999999,0.828,0.17200000000000004,0.42485720000000005,16.80029761641144,0.003424700000323355
Dynamic Renewable Availability,250,19,Round Robin,54.66500000000001,480.4999999999999,0.828,0.17200000000000004,0.42485720000000005,16.80029761641144,0.0033716000034473836
Dynamic Renewable Availability,250,19,Min-Min,45.199999999999925,452.00000000000006,0.496,0.504,0.4771872,489.30435313820783,0.003760599996894598
Dynamic Renewable Availability,250,19,Max-Min,67.8,226.00000000000003,1.0,0.0,0.5794416,489.30435313820783,0.0035422000219114125
Dynamic Renewable Availability,250,19,GA,67.8,226.00000000000003,1.0,0.0,0.5794416,489.30435313820783,0.0058997999876737595
Dynamic Renewable Availability,250,19,Classical,53.92499999999999,465.1,0.656,0.344,0.445026,71.79658766264592,0.007820400001946837
Dynamic Renewable Availability,250,19,Proposed Quantum-Inspired,55.779999999999966,477.0,0.844,0.15600000000000003,0.4238728,27.518175811634027,0.013478899956680834
Dynamic Renewable Availability,250,20,FCFS,57.40500000000003,507.89999999999986,0.804,0.19599999999999995,0.42485720000000005,12.891373084353738,0.0031650999444536865
Dynamic Renewable Availability,250,20,Round Robin,57.40500000000003,507.89999999999986,0.804,0.19599999999999995,0.42485720000000005,12.891373084353738,0.0034822000307030976
Dynamic Renewable Availability,250,20,Min-Min,47.15999999999996,471.6,0.452,0.548,0.4771872,510.52197553092657,0.0036072999937459826
Dynamic Renewable Availability,250,20,Max-Min,70.73999999999998,235.8,1.0,0.0,0.5794416,510.52197553092657,0.0035788000095635653
Dynamic Renewable Availability,250,20,GA,70.73999999999998,235.8,1.0,0.0,0.5794416,510.52197553092657,0.005810400005429983
Dynamic Renewable Availability,250,20,Classical,56.13,490.8,0.632,0.368,0.44661559999999995,71.18418012451924,0.008068399969488382
Dynamic Renewable Availability,250,20,Proposed Quantum-Inspired,56.36500000000004,497.2999999999997,0.804,0.19599999999999995,0.43320440000000004,49.27156888104945,0.013749599980656058
Dynamic Renewable Availability,250,21,FCFS,53.37999999999996,472.39999999999986,0.86,0.14,0.42485720000000005,11.07925990308017,0.003582599980290979
Dynamic Renewable Availability,250,21,Round Robin,53.37999999999996,472.39999999999986,0.86,0.14,0.42485720000000005,11.07925990308017,0.003265000006649643
Dynamic Renewable Availability,250,21,Min-Min,43.91999999999995,439.1999999999996,0.548,0.45199999999999996,0.4771872,475.44794667765683,0.0034004999906755984
Dynamic Renewable Availability,250,21,Max-Min,65.87999999999997,219.5999999999998,1.0,0.0,0.5794416,475.44794667765683,0.003531700000166893
Dynamic Renewable Availability,250,21,GA,65.87999999999997,219.5999999999998,1.0,0.0,0.5794416,475.44794667765683,0.006074399978388101
Dynamic Renewable Availability,250,21,Classical,52.345000000000006,456.5,0.696,0.30400000000000005,0.44826679999999997,63.34232392326635,0.00829849997535348
Dynamic Renewable Availability,250,21,Proposed Quantum-Inspired,53.91499999999996,451.90000000000003,0.836,0.16400000000000003,0.437324,25.124689052802225,0.014265600009821355
Dynamic Renewable Availability,250,22,FCFS,55.02999999999997,489.39999999999986,0.84,0.16000000000000003,0.42485720000000005,14.972892172189045,0.004005700000561774
Dynamic Renewable Availability,250,22,Round Robin,55.02999999999997,489.39999999999986,0.84,0.16000000000000003,0.42485720000000005,14.972892172189045,0.0036820999812334776
Dynamic Renewable Availability,250,22,Min-Min,45.39999999999998,453.9999999999998,0.548,0.45199999999999996,0.47718720000000003,491.46941664766894,0.004656100005377084
Dynamic Renewable Availability,250,22,Max-Min,68.09999999999991,226.9999999999999,1.0,0.0,0.5794415999999999,491.46941664766894,0.004700499994214624
Dynamic Renewable Availability,250,22,GA,68.09999999999991,226.9999999999999,1.0,0.0,0.5794416,491.46941664766894,0.006589800002984703
Dynamic Renewable Availability,250,22,Classical,54.665000000000035,468.8999999999999,0.72,0.28,0.45128640000000003,53.14778922965658,0.008595700026489794
Dynamic Renewable Availability,250,22,Proposed Quantum-Inspired,55.30499999999999,475.6999999999998,0.832,0.16800000000000004,0.4323596,15.006248698458919,0.014576799992937595
Dynamic Renewable Availability,250,23,FCFS,52.115,460.09999999999985,0.848,0.15200000000000002,0.42485720000000005,9.86154146165801,0.003387999953702092
Dynamic Renewable Availability,250,23,Round Robin,52.115,460.09999999999985,0.848,0.15200000000000002,0.42485720000000005,9.86154146165801,0.003663600014988333
Dynamic Renewable Availability,250,23,Min-Min,42.79999999999995,427.99999999999966,0.54,0.45999999999999996,0.47718720000000003,463.32359102467467,0.003727799979969859
Dynamic Renewable Availability,250,23,Max-Min,64.19999999999995,213.99999999999983,1.0,0.0,0.5794416000000001,463.32359102467467,0.003473700024187565
Dynamic Renewable Availability,250,23,GA,64.19999999999995,213.99999999999983,1.0,0.0,0.5794416,463.32359102467467,0.006444999948143959
Dynamic Renewable Availability,250,23,Classical,51.420000000000016,432.9999999999999,0.696,0.30400000000000005,0.45028159999999995,68.35385870600138,0.008169699984136969
Dynamic Renewable Availability,250,23,Proposed Quantum-Inspired,52.36999999999997,452.6,0.872,0.128,0.42746559999999995,19.665960439297137,0.014323599985800683
Dynamic Renewable Availability,250,24,FCFS,55.23999999999997,488.4000000000001,0.88,0.12,0.42485720000000005,18.9917745353087,0.0033378999796696007
Dynamic Renewable Availability,250,24,Round Robin,55.23999999999997,488.4000000000001,0.88,0.12,0.42485720000000005,18.9917745353087,0.0034150999854318798
Dynamic Renewable Availability,250,24,Min-Min,45.31999999999993,453.2,0.568,0.43200000000000005,0.4771872,490.6033912438845,0.003698799991980195
Dynamic Renewable Availability,250,24,Max-Min,67.97999999999993,226.6,1.0,0.0,0.5794416,490.6033912438845,0.0040525999502278864
Dynamic Renewable Availability,250,24,GA,67.97999999999993,226.6,1.0,0.0,0.5794416,490.6033912438845,0.005766700021922588
Dynamic Renewable Availability,250,24,Classical,54.53000000000004,468.19999999999993,0.724,0.276,0.44584680000000004,52.332470799686114,0.008173599955625832
Dynamic Renewable Availability,250,24,Proposed Quantum-Inspired,55.92000000000001,475.59999999999985,0.868,0.132,0.4313352,26.31895704620531,0.014579200011212379
Dynamic Renewable Availability,250,25,FCFS,55.73499999999999,482.49999999999983,0.848,0.15200000000000002,0.42485720000000005,10.012492197250394,0.0037072999984957278
Dynamic Renewable Availability,250,25,Round Robin,55.73499999999999,482.49999999999983,0.848,0.15200000000000002,0.42485720000000005,10.012492197250394,0.0034594000317156315
Dynamic Renewable Availability,250,25,Min-Min,45.51999999999994,455.1999999999997,0.496,0.504,0.47718720000000003,492.76845475334557,0.003980299981776625
Dynamic Renewable Availability,250,25,Max-Min,68.27999999999997,227.59999999999985,1.0,0.0,0.5794416,492.76845475334557,0.0043536999728530645
Dynamic Renewable Availability,250,25,GA,68.27999999999997,227.59999999999985,1.0,0.0,0.5794416,492.76845475334557,0.00818579999031499
Dynamic Renewable Availability,250,25,Classical,54.20000000000004,469.2000000000001,0.644,0.356,0.448522,75.07829246859575,0.010145300009753555
Dynamic Renewable Availability,250,25,Proposed Quantum-Inspired,55.269999999999996,476.1999999999999,0.796,0.20399999999999996,0.4271148,21.1482859825566,0.013720899994950742
Dynamic Renewable Availability,250,26,FCFS,54.014999999999986,474.6999999999998,0.832,0.16800000000000004,0.42485720000000005,12.891373084353738,0.0038334999699145555
Dynamic Renewable Availability,250,26,Round Robin,54.014999999999986,474.6999999999998,0.832,0.16800000000000004,0.42485720000000005,12.891373084353738,0.003315499983727932
Dynamic Renewable Availability,250,26,Min-Min,44.35999999999998,443.5999999999996,0.568,0.43200000000000005,0.4771872,480.21108639847125,0.0035288999788463116
Dynamic Renewable Availability,250,26,Max-Min,66.53999999999998,221.7999999999998,1.0,0.0,0.5794416,480.21108639847125,0.003402800008188933
Dynamic Renewable Availability,250,26,GA,66.53999999999998,221.7999999999998,1.0,0.0,0.5794416,480.21108639847125,0.0066436000051908195
Dynamic Renewable Availability,250,26,Classical,53.305000000000035,456.8999999999999,0.72,0.28,0.444906,55.73766679723865,0.008923400018829852
Dynamic Renewable Availability,250,26,Proposed Quantum-Inspired,53.555000000000014,473.2999999999997,0.864,0.136,0.4211184,24.903564001965663,0.014802199963014573
Dynamic Renewable Availability,250,27,FCFS,55.61499999999999,484.1000000000002,0.848,0.15200000000000002,0.42485720000000005,3.1622776601683795,0.00561390002258122
Dynamic Renewable Availability,250,27,Round Robin,55.61499999999999,484.1000000000002,0.848,0.15200000000000002,0.42485720000000005,3.1622776601683795,0.004250600002706051
Dynamic Renewable Availability,250,27,Min-Min,45.59999999999995,456.0000000000002,0.448,0.552,0.4771872,493.63448015713004,0.005001300014555454
Dynamic Renewable Availability,250,27,Max-Min,68.39999999999999,228.0000000000001,1.0,0.0,0.5794415999999999,493.63448015713004,0.005540099984500557
Dynamic Renewable Availability,250,27,GA,68.39999999999999,228.0000000000001,1.0,0.0,0.5794416,493.63448015713004,0.007221000036224723
Dynamic Renewable Availability,250,27,Classical,54.22000000000003,473.0,0.62,0.38,0.4446816,73.32462069455252,0.010729199973866343
Dynamic Renewable Availability,250,27,Proposed Quantum-Inspired,55.475,470.50000000000006,0.836,0.16400000000000003,0.4354956,34.26368339802363,0.017637700017075986
Dynamic Renewable Availability,250,28,FCFS,50.17000000000002,440.1999999999999,0.84,0.16000000000000003,0.42485720000000005,11.562331079847178,0.003376399981789291
Dynamic Renewable Availability,250,28,Round Robin,50.17000000000002,440.1999999999999,0.84,0.16000000000000003,0.42485720000000005,11.562331079847178,0.003844299993943423
Dynamic Renewable Availability,250,28,Min-Min,41.07999999999994,410.79999999999967,0.532,0.46799999999999997,0.4771872,444.70404484330925,0.004036099999211729
Dynamic Renewable Availability,250,28,Max-Min,61.61999999999995,205.39999999999984,1.0,0.0,0.5794416,444.70404484330925,0.003515699994750321
Dynamic Renewable Availability,250,28,GA,61.61999999999995,205.39999999999984,1.0,0.0,0.5794416,444.70404484330925,0.006054700003005564
Dynamic Renewable Availability,250,28,Classical,49.33000000000002,414.4,0.7,0.30000000000000004,0.455956,67.54396716213817,0.00872969999909401
Dynamic Renewable Availability,250,28,Proposed Quantum-Inspired,49.76999999999999,434.00000000000006,0.848,0.15200000000000002,0.42169280000000003,16.723860200324566,0.014489399967715144
Dynamic Renewable Availability,250,29,FCFS,55.82499999999997,493.49999999999983,0.852,0.14800000000000002,0.42485720000000005,15.811388300841896,0.0031835000263527036
Dynamic Renewable Availability,250,29,Round Robin,55.82499999999997,493.49999999999983,0.852,0.14800000000000002,0.42485720000000005,15.811388300841896,0.003008799976669252
Dynamic Renewable Availability,250,29,Min-Min,45.91999999999995,459.19999999999993,0.544,0.45599999999999996,0.4771872,497.0985817722678,0.0047642000135965645
Dynamic Renewable Availability,250,29,Max-Min,68.88000000000001,229.59999999999997,1.0,0.0,0.5794416,497.0985817722678,0.006823100033216178
Dynamic Renewable Availability,250,29,GA,68.88000000000001,229.59999999999997,1.0,0.0,0.5794416,497.0985817722678,0.005620300013106316
Dynamic Renewable Availability,250,29,Classical,54.95500000000003,472.4999999999999,0.672,0.32799999999999996,0.443808,64.69930447848725,0.0075104000279679894
Dynamic Renewable Availability,250,29,Proposed Quantum-Inspired,56.09999999999999,480.39999999999975,0.84,0.16000000000000003,0.43182879999999996,13.601470508735444,0.012192900001537055
Dynamic Renewable Availability,500,0,FCFS,110.4700000000001,961.6000000000009,0.818,0.18200000000000005,0.42605459999999995,20.753011829611623,0.006040599953848869
Dynamic Renewable Availability,500,0,Round Robin,110.4700000000001,961.6000000000009,0.818,0.18200000000000005,0.42605459999999995,20.753011829611623,0.006088100024498999
Dynamic Renewable Availability,500,0,Min-Min,90.27999999999983,902.799999999999,0.512,0.488,0.4771844,977.309668170739,0.006736500014085323
Dynamic Renewable Availability,500,0,Max-Min,135.42000000000036,451.3999999999995,1.0,0.0,0.579436,977.309668170739,0.006549500045366585
Dynamic Renewable Availability,500,0,GA,135.42000000000036,451.3999999999995,1.0,0.0,0.579436,977.309668170739,0.011099499999545515
Dynamic Renewable Availability,500,0,Classical,105.07500000000003,1019.3000000000001,0.636,0.364,0.4245708000000001,177.60261118575932,0.01519679999910295
Dynamic Renewable Availability,500,0,Proposed Quantum-Inspired,109.93000000000016,949.6000000000005,0.844,0.15600000000000003,0.4264372,31.877695964420013,0.025155099981930107
Dynamic Renewable Availability,500,1,FCFS,108.01000000000012,943.9999999999999,0.812,0.18799999999999994,0.42605459999999995,26.818836663807772,0.006486999976914376
Dynamic Renewable Availability,500,1,Round Robin,108.01000000000012,943.9999999999999,0.812,0.18799999999999994,0.42605459999999995,26.818836663807772,0.006195300025865436
Dynamic Renewable Availability,500,1,Min-Min,88.55999999999987,885.5999999999999,0.498,0.502,0.47718440000000006,958.6901219893736,0.006700000027194619
Dynamic Renewable Availability,500,1,Max-Min,132.84000000000032,442.79999999999995,1.0,0.0,0.5794360000000001,958.6901219893736,0.006898900028318167
Dynamic Renewable Availability,500,1,GA,132.84000000000032,442.79999999999995,1.0,0.0,0.579436,958.6901219893736,0.011693600041326135
Dynamic Renewable Availability,500,1,Classical,103.31500000000017,1000.1,0.62,0.38,0.421388,167.64471360588738,0.01529900002060458
Dynamic Renewable Availability,500,1,Proposed Quantum-Inspired,106.71500000000012,952.2999999999998,0.808,0.19199999999999995,0.421702,44.21820891895103,0.02566589997150004
Dynamic Renewable Availability,500,2,FCFS,111.07000000000009,967.4000000000003,0.82,0.18000000000000005,0.42605459999999995,22.15287791687572,0.007392900006379932
Dynamic Renewable Availability,500,2,Round Robin,111.07000000000009,967.4000000000003,0.82,0.18000000000000005,0.42605459999999995,22.15287791687572,0.006210200022906065
Dynamic Renewable Availability,500,2,Min-Min,91.43999999999987,914.3999999999991,0.5,0.5,0.4771844,989.8670365256133,0.007099099981132895
Dynamic Renewable Availability,500,2,Max-Min,137.1600000000004,457.19999999999953,1.0,0.0,0.579436,989.8670365256133,0.00738580001052469
Dynamic Renewable Availability,500,2,GA,137.1600000000004,457.19999999999953,1.0,0.0,0.579436,989.8670365256133,0.011732399987522513
Dynamic Renewable Availability,500,2,Classical,106.74499999999998,1032.7000000000005,0.654,0.346,0.423562,171.27828233608602,0.0156620999914594
Dynamic Renewable Availability,500,2,Proposed Quantum-Inspired,110.55999999999999,972.1999999999995,0.838,0.16200000000000003,0.4237848,44.66822136597785,0.025847600016277283
Dynamic Renewable Availability,500,3,FCFS,104.92500000000017,913.4999999999997,0.842,0.15800000000000003,0.42605459999999995,17.32591988899868,0.007146999996621162
Dynamic Renewable Availability,500,3,Round Robin,104.92500000000017,913.4999999999997,0.842,0.15800000000000003,0.42605459999999995,17.32591988899868,0.0063587999902665615
Dynamic Renewable Availability,500,3,Min-Min,86.27999999999986,862.7999999999993,0.524,0.476,0.4771844,934.0083979815171,0.007222599990200251
Dynamic Renewable Availability,500,3,Max-Min,129.4200000000004,431.39999999999964,1.0,0.0,0.579436,934.0083979815171,0.007047199993394315
Dynamic Renewable Availability,500,3,GA,129.4200000000004,431.39999999999964,1.0,0.0,0.579436,934.0083979815171,0.0120438999729231
Dynamic Renewable Availability,500,3,Classical,100.59500000000004,970.3000000000002,0.658,0.34199999999999997,0.41998860000000005,164.57578041741135,0.016215300012845546
Dynamic Renewable Availability,500,3,Proposed Quantum-Inspired,106.7800000000002,894.8000000000005,0.858,0.14200000000000002,0.4252514,56.21109765873639,0.025901599961798638
Dynamic Renewable Availability,500,4,FCFS,107.20000000000009,941.2000000000005,0.84,0.16000000000000003,0.42605459999999995,20.40067400847335,0.0067343999980948865
Dynamic Renewable Availability,500,4,Round Robin,107.20000000000009,941.2000000000005,0.84,0.16000000000000003,0.42605459999999995,20.40067400847335,0.00609540002187714
Dynamic Renewable Availability,500,4,Min-Min,88.35999999999993,883.6,0.534,0.46599999999999997,0.4771844,956.5250584799124,0.008034099999349564
Dynamic Renewable Availability,500,4,Max-Min,132.5400000000004,441.8,1.0,0.0,0.579436,956.5250584799124,0.0069426000118255615
Dynamic Renewable Availability,500,4,GA,132.5400000000004,441.8,1.0,0.0,0.579436,956.5250584799124,0.011732500046491623
Dynamic Renewable Availability,500,4,Classical,103.59000000000013,987.8000000000003,0.678,0.32199999999999995,0.4236856,148.72520801800883,0.016316100023686886
Dynamic Renewable Availability,500,4,Proposed Quantum-Inspired,106.80000000000018,953.0000000000001,0.838,0.16200000000000003,0.4236284,37.00928937442598,0.026491600030567497
Dynamic Renewable Availability,500,5,FCFS,110.08000000000015,948.0000000000006,0.826,0.17400000000000004,0.42605459999999995,20.0124960961895,0.0066433000029064715
Dynamic Renewable Availability,500,5,Round Robin,110.08000000000015,948.0000000000006,0.826,0.17400000000000004,0.42605459999999995,20.0124960961895,0.007972699997480959
Dynamic Renewable Availability,500,5,Min-Min,90.0799999999999,900.8000000000001,0.524,0.476,0.4771844,975.1446046612779,0.007263799954671413
Dynamic Renewable Availability,500,5,Max-Min,135.1200000000004,450.40000000000003,1.0,0.0,0.5794360000000001,975.1446046612779,0.007074300025124103
Dynamic Renewable Availability,500,5,GA,135.1200000000004,450.40000000000003,1.0,0.0,0.579436,975.1446046612779,0.012817699986044317
Dynamic Renewable Availability,500,5,Classical,104.75000000000016,1017.7999999999998,0.638,0.362,0.42088159999999997,181.16429007947454,0.01659259997541085
Dynamic Renewable Availability,500,5,Proposed Quantum-Inspired,109.03000000000011,961.2000000000005,0.84,0.16000000000000003,0.4274348,26.842131062939096,0.027259099995717406
Dynamic Renewable Availability,500,6,FCFS,111.18000000000002,985.6000000000008,0.83,0.17000000000000004,0.42605459999999995,29.966648127543394,0.006926800007931888
Dynamic Renewable Availability,500,6,Round Robin,111.18000000000002,985.6000000000008,0.83,0.17000000000000004,0.42605459999999995,29.966648127543394,0.006933199998456985
Dynamic Renewable Availability,500,6,Min-Min,91.51999999999987,915.1999999999998,0.514,0.486,0.4771844,990.7330619293978,0.008004800009075552
Dynamic Renewable Availability,500,6,Max-Min,137.28000000000046,457.5999999999999,1.0,0.0,0.5794360000000001,990.7330619293978,0.008942399988882244
Dynamic Renewable Availability,500,6,GA,137.28000000000046,457.5999999999999,1.0,0.0,0.579436,990.7330619293978,0.01395829999819398
Dynamic Renewable Availability,500,6,Classical,106.83999999999999,1032.6000000000004,0.668,0.33199999999999996,0.4263046,170.9166463513721,0.017130799998994917
Dynamic Renewable Availability,500,6,Proposed Quantum-Inspired,111.63000000000005,971.8000000000008,0.844,0.15600000000000003,0.42829999999999996,25.099800796022265,0.031764699961058795
Dynamic Renewable Availability,500,7,FCFS,107.65000000000012,945.0000000000007,0.822,0.17800000000000005,0.42605459999999995,8.870597499605086,0.007920500007458031
Dynamic Renewable Availability,500,7,Round Robin,107.65000000000012,945.0000000000007,0.822,0.17800000000000005,0.42605459999999995,8.870597499605086,0.007604299986269325
Dynamic Renewable Availability,500,7,Min-Min,88.5199999999998,885.1999999999992,0.502,0.498,0.4771844,958.2571092874814,0.0077612000168301165
Dynamic Renewable Availability,500,7,Max-Min,132.78000000000034,442.5999999999996,1.0,0.0,0.579436,958.2571092874814,0.00791340001160279
Dynamic Renewable Availability,500,7,GA,132.78000000000034,442.5999999999996,1.0,0.0,0.579436,958.2571092874814,0.012839100032579154
Dynamic Renewable Availability,500,7,Classical,103.20999999999998,999.0,0.648,0.352,0.421197,168.53393575182417,0.017689500004053116
Dynamic Renewable Availability,500,7,Proposed Quantum-Inspired,108.0000000000001,974.8000000000005,0.822,0.17800000000000005,0.4186468,82.55112052540535,0.030017699988093227
Dynamic Renewable Availability,500,8,FCFS,113.74499999999985,999.7000000000004,0.832,0.16800000000000004,0.42605459999999995,20.474068965401088,0.04663100000470877
Dynamic Renewable Availability,500,8,Round Robin,113.74499999999985,999.7000000000004,0.832,0.16800000000000004,0.42605459999999995,20.474068965401088,0.007162499998230487
Dynamic Renewable Availability,500,8,Min-Min,93.31999999999984,933.1999999999988,0.512,0.488,0.4771844,1010.2186335145477,0.007899000018369406
Dynamic Renewable Availability,500,8,Max-Min,139.98000000000042,466.5999999999994,1.0,0.0,0.5794360000000001,1010.2186335145477,0.008016499981749803
Dynamic Renewable Availability,500,8,GA,139.98000000000042,466.5999999999994,1.0,0.0,0.579436,1010.2186335145477,0.012981399951968342
Dynamic Renewable Availability,500,8,Classical,109.15000000000002,1046.4000000000003,0.656,0.344,0.42538319999999996,165.91017901262117,0.017108800006099045
Dynamic Renewable Availability,500,8,Proposed Quantum-Inspired,113.68499999999997,988.3,0.858,0.14200000000000002,0.4290187999999999,45.36725140450984,0.029791800014209002
Dynamic Renewable Availability,500,9,FCFS,111.10000000000002,975.0000000000003,0.83,0.17000000000000004,0.42605459999999995,23.13547060251855,0.006976199976634234
Dynamic Renewable Availability,500,9,Round Robin,111.10000000000002,975.0000000000003,0.83,0.17000000000000004,0.42605459999999995,23.13547060251855,0.007870000030379742
Dynamic Renewable Availability,500,9,Min-Min,91.27999999999996,912.7999999999992,0.52,0.48,0.47718440000000006,988.1349857180445,0.008627000031992793
Dynamic Renewable Availability,500,9,Max-Min,136.92000000000039,456.3999999999996,1.0,0.0,0.579436,988.1349857180445,0.007634000037796795
Dynamic Renewable Availability,500,9,GA,136.92000000000039,456.3999999999996,1.0,0.0,0.579436,988.1349857180445,0.012953100027516484
Dynamic Renewable Availability,500,9,Classical,106.63499999999998,1030.3,0.634,0.366,0.4208154,167.87569806258438,0.017928399960510433
Dynamic Renewable Availability,500,9,Proposed Quantum-Inspired,110.83500000000006,988.3000000000003,0.83,0.17000000000000004,0.4195574,31.62672920173694,0.029472400026861578
Dynamic Renewable Availability,500,10,FCFS,112.69999999999997,964.0000000000001,0.83,0.17000000000000004,0.42605459999999995,37.97614382740828,0.008099400030914694
Dynamic Renewable Availability,500,10,Round Robin,112.69999999999997,964.0000000000001,0.83,0.17000000000000004,0.42605459999999995,37.97614382740828,0.0071155999903567135
Dynamic Renewable Availability,500,10,Min-Min,91.79999999999983,917.999999999999,0.502,0.498,0.4771844,993.7641508426434,0.007884299964644015
Dynamic Renewable Availability,500,10,Max-Min,137.7000000000003,458.9999999999995,1.0,0.0,0.579436,993.7641508426434,0.0077529000118374825
Dynamic Renewable Availability,500,10,GA,137.7000000000003,458.9999999999995,1.0,0.0,0.579436,993.7641508426434,0.013963600038550794
Dynamic Renewable Availability,500,10,Classical,106.88000000000004,1036.5999999999995,0.63,0.37,0.418131,178.8859622776477,0.01737909996882081
Dynamic Renewable Availability,500,10,Proposed Quantum-Inspired,112.04999999999995,971.9999999999995,0.81,0.18999999999999995,0.4295344,24.159625411003375,0.030318900011479855
Dynamic Renewable Availability,500,11,FCFS,114.34999999999998,1010.0000000000006,0.838,0.16200000000000003,0.42605459999999995,17.95132307101624,0.00847179995616898
Dynamic Renewable Availability,500,11,Round Robin,114.34999999999998,1010.0000000000006,0.838,0.16200000000000003,0.42605459999999995,17.95132307101624,0.007103899959474802
Dynamic Renewable Availability,500,11,Min-Min,94.15999999999977,941.5999999999993,0.532,0.46799999999999997,0.4771844,1019.3119002542843,0.007647900027222931
Dynamic Renewable Availability,500,11,Max-Min,141.24000000000024,470.79999999999967,1.0,0.0,0.5794360000000001,1019.3119002542843,0.006844900024589151
Dynamic Renewable Availability,500,11,GA,141.24000000000024,470.79999999999967,1.0,0.0,0.579436,1019.3119002542843,0.01230920001398772
Dynamic Renewable Availability,500,11,Classical,110.00999999999998,1063.6,0.652,0.348,0.4201384,172.86193913062527,0.016969099990092218
Dynamic Renewable Availability,500,11,Proposed Quantum-Inspired,113.865,1006.3000000000004,0.83,0.17000000000000004,0.4289018,48.479377058704046,0.027938199986238033
Dynamic Renewable Availability,500,12,FCFS,111.59499999999994,977.5000000000005,0.854,0.14600000000000002,0.42605459999999995,33.0681115275729,0.007354500005021691
Dynamic Renewable Availability,500,12,Round Robin,111.59499999999994,977.5000000000005,0.854,0.14600000000000002,0.42605459999999995,33.0681115275729,0.007274600036907941
Dynamic Renewable Availability,500,12,Min-Min,91.83999999999985,918.3999999999987,0.52,0.48,0.4771844,994.1971635445356,0.007146799995098263
Dynamic Renewable Availability,500,12,Max-Min,137.76000000000033,459.19999999999936,1.0,0.0,0.579436,994.1971635445356,0.007374200038611889
Dynamic Renewable Availability,500,12,GA,137.76000000000033,459.19999999999936,1.0,0.0,0.579436,994.1971635445356,0.012216200004331768
Dynamic Renewable Availability,500,12,Classical,107.06999999999985,1036.9999999999998,0.648,0.352,0.4214696,175.32255987179744,0.01829180005006492
Dynamic Renewable Availability,500,12,Proposed Quantum-Inspired,112.13500000000002,980.5000000000001,0.856,0.14400000000000002,0.42384399999999994,48.68778080791935,0.028244099987205118
Dynamic Renewable Availability,500,13,FCFS,112.41499999999999,986.3000000000001,0.816,0.18400000000000005,0.42605459999999995,14.747881203752625,0.007521999999880791
Dynamic Renewable Availability,500,13,Round Robin,112.41499999999999,986.3000000000001,0.816,0.18400000000000005,0.42605459999999995,14.747881203752625,0.00647309998748824
Dynamic Renewable Availability,500,13,Min-Min,92.47999999999978,924.8000000000002,0.52,0.48,0.4771844,1001.125366774811,0.007952300016768277
Dynamic Renewable Availability,500,13,Max-Min,138.72000000000028,462.4000000000001,1.0,0.0,0.579436,1001.125366774811,0.00724199996329844
Dynamic Renewable Availability,500,13,GA,138.72000000000028,462.4000000000001,1.0,0.0,0.579436,1001.125366774811,0.012578400026541203
Dynamic Renewable Availability,500,13,Classical,108.035,1040.8999999999999,0.656,0.344,0.4246422,171.22061791735246,0.016701199987437576
Dynamic Renewable Availability,500,13,Proposed Quantum-Inspired,112.255,992.1000000000008,0.84,0.16000000000000003,0.42043379999999997,28.722813232690143,0.02918320003664121
Dynamic Renewable Availability,500,14,FCFS,111.02500000000005,957.1000000000005,0.854,0.14600000000000002,0.42605459999999995,35.64758056306206,0.007025200000498444
Dynamic Renewable Availability,500,14,Round Robin,111.02500000000005,957.1000000000005,0.854,0.14600000000000002,0.42605459999999995,35.64758056306206,0.0067399000399746
Dynamic Renewable Availability,500,14,Min-Min,91.11999999999975,911.1999999999988,0.544,0.45599999999999996,0.4771844,986.4029349104757,0.007119599962607026
Dynamic Renewable Availability,500,14,Max-Min,136.6800000000002,455.5999999999994,1.0,0.0,0.579436,986.4029349104757,0.007763099973089993
Dynamic Renewable Availability,500,14,GA,136.6800000000002,455.5999999999994,1.0,0.0,0.579436,986.4029349104757,0.011788400006480515
Dynamic Renewable Availability,500,14,Classical,106.68499999999996,1028.6999999999998,0.688,0.31200000000000006,0.424588,162.32452063690192,0.01630959997419268
Dynamic Renewable Availability,500,14,Proposed Quantum-Inspired,111.52500000000003,956.3000000000004,0.836,0.16400000000000003,0.4271054,24.046829312822098,0.027629599964711815
Dynamic Renewable Availability,500,15,FCFS,109.13000000000015,946.4000000000009,0.836,0.16400000000000003,0.42605459999999995,13.988834833537782,0.007396299974061549
Dynamic Renewable Availability,500,15,Round Robin,109.13000000000015,946.4000000000009,0.836,0.16400000000000003,0.42605459999999995,13.988834833537782,0.0067829000181518495
Dynamic Renewable Availability,500,15,Min-Min,89.23999999999984,892.3999999999992,0.472,0.528,0.4771844,966.0513379215413,0.006990899972151965
Dynamic Renewable Availability,500,15,Max-Min,133.8600000000004,446.1999999999996,1.0,0.0,0.579436,966.0513379215413,0.00792199996067211
Dynamic Renewable Availability,500,15,GA,133.8600000000004,446.1999999999996,1.0,0.0,0.579436,966.0513379215413,0.012479300028644502
Dynamic Renewable Availability,500,15,Classical,104.00500000000015,1002.2999999999997,0.622,0.378,0.4214598,170.1137487095032,0.016295699984766543
Dynamic Renewable Availability,500,15,Proposed Quantum-Inspired,107.66000000000008,956.0000000000001,0.794,0.20599999999999996,0.42444960000000004,39.334304366544984,0.026554299984127283
Dynamic Renewable Availability,500,16,FCFS,113.41999999999999,999.5999999999999,0.842,0.15800000000000003,0.42605459999999995,24.631027181179434,0.007719599991105497
Dynamic Renewable Availability,500,16,Round Robin,113.41999999999999,999.5999999999999,0.842,0.15800000000000003,0.42605459999999995,24.631027181179434,0.006485999969299883
Dynamic Renewable Availability,500,16,Min-Min,93.63999999999984,936.3999999999988,0.476,0.524,0.4771844,1013.6827351296854,0.0077398999710567296
Dynamic Renewable Availability,500,16,Max-Min,140.46000000000024,468.1999999999994,1.0,0.0,0.579436,1013.6827351296854,0.008920299995224923
Dynamic Renewable Availability,500,16,GA,140.46000000000024,468.1999999999994,1.0,0.0,0.579436,1013.6827351296854,0.016280599986203015
Dynamic Renewable Availability,500,16,Classical,109.345,1056.7,0.648,0.352,0.4226908,172.71996844603694,0.018957399995997548
Dynamic Renewable Availability,500,16,Proposed Quantum-Inspired,114.71000000000001,976.1999999999997,0.828,0.17200000000000004,0.42848620000000004,54.2004381901106,0.026977400004398078
Dynamic Renewable Availability,500,17,FCFS,109.15000000000016,957.5999999999999,0.84,0.16000000000000003,0.42605459999999995,13.285330255586423,0.007361900003161281
Dynamic Renewable Availability,500,17,Round Robin,109.15000000000016,957.5999999999999,0.84,0.16000000000000003,0.42605459999999995,13.285330255586423,0.0068286999594420195
Dynamic Renewable Availability,500,17,Min-Min,89.59999999999981,895.9999999999986,0.514,0.486,0.4771844,969.9484522385712,0.00820209999801591
Dynamic Renewable Availability,500,17,Max-Min,134.40000000000038,447.9999999999993,1.0,0.0,0.579436,969.9484522385712,0.00773690000642091
Dynamic Renewable Availability,500,17,GA,134.40000000000038,447.9999999999993,1.0,0.0,0.579436,969.9484522385712,0.012246600002981722
Dynamic Renewable Availability,500,17,Classical,105.05500000000009,1007.6999999999992,0.662,0.33799999999999997,0.42119680000000004,151.23656965165534,0.017014500044751912
Dynamic Renewable Availability,500,17,Proposed Quantum-Inspired,108.43500000000006,946.8999999999992,0.84,0.16000000000000003,0.427644,37.64306044943742,0.027896400017198175
Dynamic Renewable Availability,500,18,FCFS,110.30000000000008,962.0000000000001,0.852,0.14800000000000002,0.42605459999999995,12.298373876248844,0.007303600024897605
Dynamic Renewable Availability,500,18,Round Robin,110.30000000000008,962.0000000000001,0.852,0.14800000000000002,0.42605459999999995,12.298373876248844,0.006329199997708201
Dynamic Renewable Availability,500,18,Min-Min,90.31999999999982,903.1999999999997,0.542,0.45799999999999996,0.4771844,977.7426808726312,0.007383899996057153
Dynamic Renewable Availability,500,18,Max-Min,135.48000000000044,451.59999999999985,1.0,0.0,0.5794360000000001,977.7426808726312,0.006820599955972284
Dynamic Renewable Availability,500,18,GA,135.48000000000044,451.59999999999985,1.0,0.0,0.579436,977.7426808726312,0.012443399988114834
Dynamic Renewable Availability,500,18,Classical,105.4,1017.0000000000007,0.658,0.34199999999999997,0.4210376,168.31592319207354,0.016032900020945817
Dynamic Renewable Availability,500,18,Proposed Quantum-Inspired,110.26000000000009,954.6000000000003,0.82,0.18000000000000005,0.4304956,11.280514172678478,0.027867100026924163
Dynamic Renewable Availability,500,19,FCFS,111.01500000000014,970.8999999999999,0.824,0.17600000000000005,0.42605459999999995,15.562374497485916,0.006516300025396049
Dynamic Renewable Availability,500,19,Round Robin,111.01500000000014,970.8999999999999,0.824,0.17600000000000005,0.42605459999999995,15.562374497485916,0.00724510004511103
Dynamic Renewable Availability,500,19,Min-Min,91.39999999999992,914.0000000000001,0.484,0.516,0.4771844,989.4340238237212,0.006914399971719831
Dynamic Renewable Availability,500,19,Max-Min,137.10000000000036,457.00000000000006,1.0,0.0,0.579436,989.4340238237212,0.007519799983128905
Dynamic Renewable Availability,500,19,GA,137.10000000000036,457.00000000000006,1.0,0.0,0.579436,989.4340238237212,0.012783100013621151
Dynamic Renewable Availability,500,19,Classical,106.28500000000011,1033.4999999999995,0.626,0.374,0.41800400000000004,183.83739418301164,0.01714650000212714
Dynamic Renewable Availability,500,19,Proposed Quantum-Inspired,112.17000000000013,977.7999999999997,0.836,0.16400000000000003,0.42057960000000005,41.69757187175291,0.027108300011605024
Dynamic Renewable Availability,500,20,FCFS,111.09500000000013,981.3000000000005,0.806,0.19399999999999995,0.42605459999999995,21.924586655168667,0.007228199974633753
Dynamic Renewable Availability,500,20,Round Robin,111.09500000000013,981.3000000000005,0.806,0.19399999999999995,0.42605459999999995,21.924586655168667,0.006413700000848621
Dynamic Renewable Availability,500,20,Min-Min,91.23999999999992,912.3999999999988,0.498,0.502,0.4771844,987.7019730161522,0.007213999982923269
Dynamic Renewable Availability,500,20,Max-Min,136.86000000000035,456.1999999999994,1.0,0.0,0.579436,987.7019730161522,0.007112199964467436
Dynamic Renewable Availability,500,20,GA,136.86000000000035,456.1999999999994,1.0,0.0,0.579436,987.7019730161522,0.013048099994193763
Dynamic Renewable Availability,500,20,Classical,106.69500000000006,1026.5000000000005,0.636,0.364,0.4248976,164.25799067320895,0.021006499999202788
Dynamic Renewable Availability,500,20,Proposed Quantum-Inspired,109.92500000000015,943.5,0.818,0.18200000000000005,0.43479880000000004,94.26922880770798,0.028510000032838434
Dynamic Renewable Availability,500,21,FCFS,109.55500000000005,969.5000000000002,0.842,0.15800000000000003,0.42605459999999995,19.06567596493762,0.007309200009331107
Dynamic Renewable Availability,500,21,Round Robin,109.55500000000005,969.5000000000002,0.842,0.15800000000000003,0.42605459999999995,19.06567596493762,0.006855000043287873
Dynamic Renewable Availability,500,21,Min-Min,90.23999999999987,902.3999999999986,0.534,0.46599999999999997,0.47718440000000006,976.8766554688468,0.007140900008380413
Dynamic Renewable Availability,500,21,Max-Min,135.36000000000038,451.1999999999993,1.0,0.0,0.579436,976.8766554688468,0.007488699979148805
Dynamic Renewable Availability,500,21,GA,135.36000000000038,451.1999999999993,1.0,0.0,0.579436,976.8766554688468,0.01217719999840483
Dynamic Renewable Availability,500,21,Classical,105.15500000000006,1016.4999999999991,0.662,0.33799999999999997,0.42520240000000004,173.5770722186545,0.01700719998916611
Dynamic Renewable Availability,500,21,Proposed Quantum-Inspired,110.25499999999994,949.9,0.848,0.15200000000000002,0.4325752,26.22022120425379,0.02808389998972416
Dynamic Renewable Availability,500,22,FCFS,109.56000000000004,969.8,0.846,0.15400000000000003,0.42605459999999995,25.0099980007996,0.007941199990455061
Dynamic Renewable Availability,500,22,Round Robin,109.56000000000004,969.8,0.846,0.15400000000000003,0.42605459999999995,25.0099980007996,0.006720400007907301
Dynamic Renewable Availability,500,22,Min-Min,90.39999999999993,903.9999999999987,0.53,0.47,0.4771844,978.6087062764157,0.00768360000802204
Dynamic Renewable Availability,500,22,Max-Min,135.60000000000022,451.9999999999994,1.0,0.0,0.579436,978.6087062764157,0.007139199995435774
Dynamic Renewable Availability,500,22,GA,135.60000000000022,451.9999999999994,1.0,0.0,0.579436,978.6087062764157,0.014858299982734025
Dynamic Renewable Availability,500,22,Classical,105.32999999999994,1021.4000000000007,0.65,0.35,0.4240696,174.68400041217285,0.021354100026655942
Dynamic Renewable Availability,500,22,Proposed Quantum-Inspired,109.73000000000005,955.7999999999998,0.81,0.18999999999999995,0.42734360000000005,32.32645975048923,0.029361699998844415
Dynamic Renewable Availability,500,23,FCFS,107.12000000000008,943.7999999999998,0.838,0.16200000000000003,0.42605459999999995,13.102957681378658,0.007332000008318573
Dynamic Renewable Availability,500,23,Round Robin,107.12000000000008,943.7999999999998,0.838,0.16200000000000003,0.42605459999999995,13.102957681378658,0.0067838000250048935
Dynamic Renewable Availability,500,23,Min-Min,88.11999999999976,881.1999999999991,0.54,0.45999999999999996,0.4771844,953.9269822685592,0.007179800013545901
Dynamic Renewable Availability,500,23,Max-Min,132.18000000000038,440.59999999999957,1.0,0.0,0.5794360000000001,953.9269822685592,0.006822299968916923
Dynamic Renewable Availability,500,23,GA,132.18000000000038,440.59999999999957,1.0,0.0,0.579436,953.9269822685592,0.013065400009509176
Dynamic Renewable Availability,500,23,Classical,102.84999999999994,990.4000000000004,0.652,0.348,0.42071600000000003,163.2825388705112,0.016731999989133328
Dynamic Renewable Availability,500,23,Proposed Quantum-Inspired,106.76499999999993,946.3000000000009,0.854,0.14600000000000002,0.4253782,23.79469478686373,0.02674719999777153
Dynamic Renewable Availability,500,24,FCFS,108.9500000000001,953.6000000000003,0.88,0.12,0.42605459999999995,14.359230480774379,0.007006000028923154
Dynamic Renewable Availability,500,24,Round Robin,108.9500000000001,953.6000000000003,0.88,0.12,0.42605459999999995,14.359230480774379,0.00638119998620823
Dynamic Renewable Availability,500,24,Min-Min,89.47999999999998,894.7999999999995,0.556,0.44399999999999995,0.4771844,968.6494141328947,0.007808999973349273
Dynamic Renewable Availability,500,24,Max-Min,134.22000000000037,447.39999999999975,1.0,0.0,0.5794360000000001,968.6494141328947,0.006845199968665838
Dynamic Renewable Availability,500,24,GA,134.22000000000037,447.39999999999975,1.0,0.0,0.579436,968.6494141328947,0.012425800028722733
Dynamic Renewable Availability,500,24,Classical,104.89000000000009,1002.0,0.692,0.30800000000000005,0.4233668,150.78523634626833,0.015981099975761026
Dynamic Renewable Availability,500,24,Proposed Quantum-Inspired,110.2050000000002,944.4999999999999,0.852,0.14800000000000002,0.42905879999999996,44.36425926351075,0.027180800039786845
Dynamic Renewable Availability,500,25,FCFS,113.145,972.9000000000005,0.852,0.14800000000000002,0.42605459999999995,23.43608329051593,0.006438200012780726
Dynamic Renewable Availability,500,25,Round Robin,113.145,972.9000000000005,0.852,0.14800000000000002,0.42605459999999995,23.43608329051593,0.006693800038192421
Dynamic Renewable Availability,500,25,Min-Min,92.39999999999999,923.9999999999986,0.522,0.478,0.4771844,1000.2593413710266,0.00753689999692142
Dynamic Renewable Availability,500,25,Max-Min,138.60000000000056,461.9999999999993,1.0,0.0,0.5794360000000001,1000.2593413710266,0.007204700028523803
Dynamic Renewable Availability,500,25,GA,138.60000000000056,461.9999999999993,1.0,0.0,0.579436,1000.2593413710266,0.012121500039938837
Dynamic Renewable Availability,500,25,Classical,108.145,1036.7000000000005,0.638,0.362,0.42657359999999994,161.57428632056525,0.01576570002362132
Dynamic Renewable Availability,500,25,Proposed Quantum-Inspired,112.7650000000001,958.0999999999999,0.82,0.18000000000000005,0.43255380000000004,49.10448044730745,0.028358399984426796
Dynamic Renewable Availability,500,26,FCFS,112.41000000000003,985.0000000000006,0.852,0.14800000000000002,0.42605459999999995,18.280795934531955,0.006838599976617843
Dynamic Renewable Availability,500,26,Round Robin,112.41000000000003,985.0000000000006,0.852,0.14800000000000002,0.42605459999999995,18.280795934531955,0.006749699998181313
Dynamic Renewable Availability,500,26,Min-Min,92.1199999999999,921.1999999999992,0.556,0.44399999999999995,0.4771844,997.2282524577811,0.007048700004816055
Dynamic Renewable Availability,500,26,Max-Min,138.18000000000043,460.5999999999996,1.0,0.0,0.579436,997.2282524577811,0.007728700002189726
Dynamic Renewable Availability,500,26,GA,138.18000000000043,460.5999999999996,1.0,0.0,0.579436,997.2282524577811,0.014692800003103912
Dynamic Renewable Availability,500,26,Classical,107.59999999999998,1038.2,0.672,0.32799999999999996,0.4249728,171.94530380327345,0.017709300038404763
Dynamic Renewable Availability,500,26,Proposed Quantum-Inspired,111.43500000000009,992.5000000000001,0.846,0.15400000000000003,0.4209446,29.794084983432533,0.026985000004060566
Dynamic Renewable Availability,500,27,FCFS,110.26500000000007,963.1000000000001,0.844,0.15600000000000003,0.42605459999999995,10.685855136581255,0.006681600003503263
Dynamic Renewable Availability,500,27,Round Robin,110.26500000000007,963.1000000000001,0.844,0.15600000000000003,0.42605459999999995,10.685855136581255,0.0076198999886401
Dynamic Renewable Availability,500,27,Min-Min,90.43999999999993,904.3999999999995,0.476,0.524,0.4771844,979.0417189783079,0.007520799990743399
Dynamic Renewable Availability,500,27,Max-Min,135.66000000000034,452.19999999999976,1.0,0.0,0.579436,979.0417189783079,0.006886899995151907
Dynamic Renewable Availability,500,27,GA,135.66000000000034,452.19999999999976,1.0,0.0,0.579436,979.0417189783079,0.012522300006821752
Dynamic Renewable Availability,500,27,Classical,105.53000000000009,1019.0000000000001,0.624,0.376,0.4230649999999999,170.7591505600798,0.01711680000880733
Dynamic Renewable Availability,500,27,Proposed Quantum-Inspired,109.20000000000007,968.8000000000002,0.814,0.18600000000000005,0.4225304,35.223394214640926,0.02648350002709776
Dynamic Renewable Availability,500,28,FCFS,102.38500000000019,898.7,0.842,0.15800000000000003,0.42605459999999995,27.299267389437397,0.006967100023757666
Dynamic Renewable Availability,500,28,Round Robin,102.38500000000019,898.7,0.842,0.15800000000000003,0.42605459999999995,27.299267389437397,0.007056400005239993
Dynamic Renewable Availability,500,28,Min-Min,83.75999999999986,837.5999999999993,0.534,0.46599999999999997,0.4771844,906.7285977623072,0.0073917999980039895
Dynamic Renewable Availability,500,28,Max-Min,125.64000000000033,418.79999999999967,1.0,0.0,0.579436,906.7285977623072,0.007171399949584156
Dynamic Renewable Availability,500,28,GA,125.64000000000033,418.79999999999967,1.0,0.0,0.579436,906.7285977623072,0.012058399966917932
Dynamic Renewable Availability,500,28,Classical,98.18000000000004,941.8000000000003,0.664,0.33599999999999997,0.4225496,143.4024058375591,0.01658980001229793
Dynamic Renewable Availability,500,28,Proposed Quantum-Inspired,101.085,894.9000000000007,0.848,0.15200000000000002,0.4257822,41.88376773882693,0.02749730000505224
Dynamic Renewable Availability,500,29,FCFS,109.46000000000008,971.0000000000002,0.854,0.14600000000000002,0.42605459999999995,27.325583250865844,0.008325400005560368
Dynamic Renewable Availability,500,29,Round Robin,109.46000000000008,971.0000000000002,0.854,0.14600000000000002,0.42605459999999995,27.325583250865844,0.007338099996559322
Dynamic Renewable Availability,500,29,Min-Min,89.95999999999995,899.5999999999987,0.552,0.44799999999999995,0.4771844,973.8455665556013,0.00815619999775663
Dynamic Renewable Availability,500,29,Max-Min,134.94000000000048,449.79999999999933,1.0,0.0,0.579436,973.8455665556013,0.007016999996267259
Dynamic Renewable Availability,500,29,GA,134.94000000000048,449.79999999999933,1.0,0.0,0.579436,973.8455665556013,0.011543000000528991
Dynamic Renewable Availability,500,29,Classical,105.22500000000005,1015.3000000000003,0.668,0.33199999999999996,0.4200738,161.3232391814645,0.016148600028827786
Dynamic Renewable Availability,500,29,Proposed Quantum-Inspired,109.01500000000004,958.4999999999995,0.852,0.14800000000000002,0.4261414,37.265097611572145,0.027435199997853488
Dynamic Renewable Availability,1000,0,FCFS,219.65500000000068,1918.7000000000028,0.833,0.16700000000000004,0.4260562,29.819247140060394,0.01321010000538081
Dynamic Renewable Availability,1000,0,Round Robin,219.65500000000068,1918.7000000000028,0.833,0.16700000000000004,0.4260562,29.819247140060394,0.013830600015353411
Dynamic Renewable Availability,1000,0,Min-Min,179.87999999999997,1798.8000000000027,0.516,0.484,0.47718420000000006,1947.2581204093103,0.015355600044131279
Dynamic Renewable Availability,1000,0,Max-Min,269.8200000000023,899.4000000000013,1.0,0.0,0.5794366,1947.2581204093103,0.015129200008232147
Dynamic Renewable Availability,1000,0,GA,269.8200000000023,899.4000000000013,1.0,0.0,0.5794366,1947.2581204093103,0.02672349999193102
Dynamic Renewable Availability,1000,0,Classical,210.5850000000006,1839.900000000004,0.657,0.34299999999999997,0.46168679999999995,448.8370389127885,0.033172300027217716
Dynamic Renewable Availability,1000,0,Proposed Quantum-Inspired,218.7400000000006,1900.4000000000021,0.839,0.16100000000000003,0.4288126,54.26036767291574,0.056611099978908896
Dynamic Renewable Availability,1000,1,FCFS,223.48000000000067,1974.4,0.827,0.17300000000000004,0.4260562,41.5052707496289,0.014582300034817308
Dynamic Renewable Availability,1000,1,Round Robin,223.48000000000067,1974.4,0.827,0.17300000000000004,0.4260562,41.5052707496289,0.013444299984257668
Dynamic Renewable Availability,1000,1,Min-Min,183.87999999999948,1838.8000000000052,0.503,0.497,0.47718420000000006,1990.5593905985322,0.015806399984285235
Dynamic Renewable Availability,1000,1,Max-Min,275.8200000000023,919.4000000000026,1.0,0.0,0.5794366,1990.5593905985322,0.015420899959281087
Dynamic Renewable Availability,1000,1,GA,275.8200000000023,919.4000000000026,1.0,0.0,0.5794366,1990.5593905985322,0.02494859998114407
Dynamic Renewable Availability,1000,1,Classical,208.31999999999996,1952.6000000000045,0.618,0.382,0.448084,647.804513337164,0.03394819999812171
Dynamic Renewable Availability,1000,1,Proposed Quantum-Inspired,223.08000000000044,1935.800000000001,0.811,0.18899999999999995,0.4308374,68.0748668746403,0.06442730000708252
Dynamic Renewable Availability,1000,2,FCFS,221.56500000000054,1936.4999999999995,0.823,0.17700000000000005,0.4260562,19.11151485361639,0.015576499979943037
Dynamic Renewable Availability,1000,2,Round Robin,221.56500000000054,1936.4999999999995,0.823,0.17700000000000005,0.4260562,19.11151485361639,0.013679999974556267
Dynamic Renewable Availability,1000,2,Min-Min,182.15999999999954,1821.6000000000033,0.494,0.506,0.47718420000000006,1971.9398444171668,0.01564109994797036
Dynamic Renewable Availability,1000,2,Max-Min,273.2400000000022,910.8000000000017,1.0,0.0,0.5794366,1971.9398444171668,0.01461439998820424
Dynamic Renewable Availability,1000,2,GA,273.2400000000022,910.8000000000017,1.0,0.0,0.5794366,1971.9398444171668,0.023550899990368634
Dynamic Renewable Availability,1000,2,Classical,210.98000000000053,1886.8000000000038,0.657,0.34299999999999997,0.4572353,514.7030697402143,0.07327489997260273
Dynamic Renewable Availability,1000,2,Proposed Quantum-Inspired,220.74000000000055,1926.6000000000004,0.826,0.17400000000000004,0.4278318,64.55424075922511,0.05818400002317503
Dynamic Renewable Availability,1000,3,FCFS,216.32500000000056,1875.8999999999996,0.834,0.16600000000000004,0.4260562,15.256146302392358,0.014267599966842681
Dynamic Renewable Availability,1000,3,Round Robin,216.32500000000056,1875.8999999999996,0.834,0.16600000000000004,0.4260562,15.256146302392358,0.013419699971564114
Dynamic Renewable Availability,1000,3,Min-Min,177.19999999999987,1772.0000000000055,0.518,0.482,0.47718420000000006,1918.2462693825316,0.015244400012306869
Dynamic Renewable Availability,1000,3,Max-Min,265.8000000000021,886.0000000000027,1.0,0.0,0.5794366,1918.2462693825316,0.019116099982056767
Dynamic Renewable Availability,1000,3,GA,265.8000000000021,886.0000000000027,1.0,0.0,0.5794366,1918.2462693825316,0.024880999990273267
Dynamic Renewable Availability,1000,3,Classical,203.50000000000009,1851.6000000000029,0.656,0.344,0.4507203999999999,544.9360054171499,0.03341199998976663
Dynamic Renewable Availability,1000,3,Proposed Quantum-Inspired,218.01500000000092,1873.1000000000001,0.847,0.15300000000000002,0.424985,81.38335210594363,0.055171300016809255
Dynamic Renewable Availability,1000,4,FCFS,214.58500000000083,1887.1000000000035,0.828,0.17200000000000004,0.4260562,37.84838173555112,0.01359069999307394
Dynamic Renewable Availability,1000,4,Round Robin,214.58500000000083,1887.1000000000035,0.828,0.17200000000000004,0.4260562,37.84838173555112,0.013707400008570403
Dynamic Renewable Availability,1000,4,Min-Min,176.79999999999995,1768.000000000003,0.523,0.477,0.47718420000000006,1913.9161423636094,0.01480710000032559
Dynamic Renewable Availability,1000,4,Max-Min,265.20000000000243,884.0000000000015,1.0,0.0,0.5794366,1913.9161423636094,0.015065799991134554
Dynamic Renewable Availability,1000,4,GA,265.20000000000243,884.0000000000015,1.0,0.0,0.5794366,1913.9161423636094,0.02491310000186786
Dynamic Renewable Availability,1000,4,Classical,204.6750000000007,1838.3000000000031,0.668,0.33199999999999996,0.45515,489.54928250381494,0.0352026000036858
Dynamic Renewable Availability,1000,4,Proposed Quantum-Inspired,213.9600000000009,1872.800000000002,0.833,0.16700000000000004,0.4297433,68.1065341945984,0.05645329999970272
Dynamic Renewable Availability,1000,5,FCFS,221.42000000000058,1931.800000000003,0.831,0.16900000000000004,0.4260562,10.709224995301948,0.014089400006923825
Dynamic Renewable Availability,1000,5,Round Robin,221.42000000000058,1931.800000000003,0.831,0.16900000000000004,0.4260562,10.709224995301948,0.015164999989792705
Dynamic Renewable Availability,1000,5,Min-Min,181.55999999999983,1815.600000000003,0.521,0.479,0.47718420000000006,1965.4446538887835,0.016510499990545213
Dynamic Renewable Availability,1000,5,Max-Min,272.34000000000253,907.8000000000015,1.0,0.0,0.5794366,1965.4446538887835,0.015746899996884167
Dynamic Renewable Availability,1000,5,GA,272.34000000000253,907.8000000000015,1.0,0.0,0.5794366,1965.4446538887835,0.024135100014973432
Dynamic Renewable Availability,1000,5,Classical,209.34000000000054,1890.0000000000032,0.653,0.347,0.4519528,535.87282773061,0.034298700047656894
Dynamic Renewable Availability,1000,5,Proposed Quantum-Inspired,221.0500000000007,1938.2000000000007,0.841,0.15900000000000003,0.4248701,30.8818312280862,0.05986450001364574
Dynamic Renewable Availability,1000,6,FCFS,215.12500000000065,1897.5000000000014,0.827,0.17300000000000004,0.4260562,40.42508503392417,0.015525299997534603
Dynamic Renewable Availability,1000,6,Round Robin,215.12500000000065,1897.5000000000014,0.827,0.17300000000000004,0.4260562,40.42508503392417,0.013998400012496859
Dynamic Renewable Availability,1000,6,Min-Min,176.83999999999978,1768.400000000004,0.515,0.485,0.47718420000000006,1914.3491550655017,0.01610660000005737
Dynamic Renewable Availability,1000,6,Max-Min,265.26000000000244,884.200000000002,1.0,0.0,0.5794366,1914.3491550655017,0.01624129997799173
Dynamic Renewable Availability,1000,6,GA,265.26000000000244,884.200000000002,1.0,0.0,0.5794366,1914.3491550655017,0.02588650002144277
Dynamic Renewable Availability,1000,6,Classical,209.20500000000058,1772.5000000000036,0.687,0.31299999999999994,0.46677480000000005,423.6640030731901,0.0357302000047639
Dynamic Renewable Availability,1000,6,Proposed Quantum-Inspired,215.45000000000067,1877.0000000000014,0.839,0.16100000000000003,0.4261699,22.26404051379713,0.056324000004678965
Dynamic Renewable Availability,1000,7,FCFS,220.6100000000007,1919.800000000002,0.828,0.17200000000000004,0.4260562,12.449899597988733,0.014658799977041781
Dynamic Renewable Availability,1000,7,Round Robin,220.6100000000007,1919.800000000002,0.828,0.17200000000000004,0.4260562,12.449899597988733,0.01414199999999255
Dynamic Renewable Availability,1000,7,Min-Min,180.95999999999972,1809.6000000000047,0.516,0.484,0.47718420000000006,1958.9494633604002,0.015150499995797873
Dynamic Renewable Availability,1000,7,Max-Min,271.4400000000023,904.8000000000023,1.0,0.0,0.5794366,1958.9494633604002,0.022103199968114495
Dynamic Renewable Availability,1000,7,GA,271.4400000000023,904.8000000000023,1.0,0.0,0.5794366,1958.9494633604002,0.025294199993368238
Dynamic Renewable Availability,1000,7,Classical,201.62,1948.0000000000043,0.627,0.373,0.4455063,757.0254288991883,0.03195390000473708
Dynamic Renewable Availability,1000,7,Proposed Quantum-Inspired,221.57500000000056,1921.7000000000016,0.835,0.16500000000000004,0.42710090000000006,50.695167422546305,0.053338800033088773
Dynamic Renewable Availability,1000,8,FCFS,221.52,1928.8000000000015,0.845,0.15500000000000003,0.4260562,26.836309358777335,0.014625200012233108
Dynamic Renewable Availability,1000,8,Round Robin,221.52,1928.8000000000015,0.845,0.15500000000000003,0.4260562,26.836309358777335,0.013841399981174618
Dynamic Renewable Availability,1000,8,Min-Min,181.39999999999958,1814.0000000000039,0.533,0.46699999999999997,0.47718420000000006,1963.7126030812146,0.014934000035282224
Dynamic Renewable Availability,1000,8,Max-Min,272.10000000000196,907.0000000000019,1.0,0.0,0.5794366,1963.7126030812146,0.015140900039114058
Dynamic Renewable Availability,1000,8,GA,272.10000000000196,907.0000000000019,1.0,0.0,0.5794366,1963.7126030812146,0.024460900051053613
Dynamic Renewable Availability,1000,8,Classical,211.7500000000003,1854.0000000000043,0.69,0.31000000000000005,0.45956679999999994,484.86718542297746,0.03335580002749339
Dynamic Renewable Availability,1000,8,Proposed Quantum-Inspired,221.12000000000052,1914.2000000000003,0.862,0.138,0.42994669999999996,67.54396716213817,0.05588910001097247
Dynamic Renewable Availability,1000,9,FCFS,221.22500000000053,1928.5000000000025,0.843,0.15700000000000003,0.4260562,30.75203245315665,0.013944500009529293
Dynamic Renewable Availability,1000,9,Round Robin,221.22500000000053,1928.5000000000025,0.843,0.15700000000000003,0.4260562,30.75203245315665,0.012987099995370954
Dynamic Renewable Availability,1000,9,Min-Min,181.55999999999966,1815.6000000000033,0.527,0.473,0.4771842,1965.4446538887835,0.015033499978017062
Dynamic Renewable Availability,1000,9,Max-Min,272.34000000000236,907.8000000000017,1.0,0.0,0.5794366,1965.4446538887835,0.01454490004107356
Dynamic Renewable Availability,1000,9,GA,272.34000000000236,907.8000000000017,1.0,0.0,0.5794366,1965.4446538887835,0.02337829995667562
Dynamic Renewable Availability,1000,9,Classical,211.6950000000003,1853.700000000002,0.657,0.34299999999999997,0.460659,497.20940005192983,0.032659600023180246
Dynamic Renewable Availability,1000,9,Proposed Quantum-Inspired,220.86500000000055,1961.5,0.841,0.15900000000000003,0.4233248,58.311126725522975,0.054857200011610985
Dynamic Renewable Availability,1000,10,FCFS,226.83500000000078,1958.100000000001,0.836,0.16400000000000003,0.4260562,53.46201922860752,0.015633300004992634
Dynamic Renewable Availability,1000,10,Round Robin,226.83500000000078,1958.100000000001,0.836,0.16400000000000003,0.4260562,53.46201922860752,0.013562900014221668
Dynamic Renewable Availability,1000,10,Min-Min,185.0799999999999,1850.8000000000047,0.499,0.501,0.4771842,2003.5497716552989,0.015504400013014674
Dynamic Renewable Availability,1000,10,Max-Min,277.6200000000025,925.4000000000024,1.0,0.0,0.5794366,2003.5497716552989,0.05487870000069961
Dynamic Renewable Availability,1000,10,GA,277.6200000000025,925.4000000000024,1.0,0.0,0.5794366,2003.5497716552989,0.025106699962634593
Dynamic Renewable Availability,1000,10,Classical,213.38000000000022,1917.6000000000029,0.647,0.353,0.45301400000000003,562.9917295129654,0.03223489999072626
Dynamic Renewable Availability,1000,10,Proposed Quantum-Inspired,225.42000000000058,1957.3999999999992,0.82,0.18000000000000005,0.42836749999999996,71.64626647634893,0.06302499998128042
Dynamic Renewable Availability,1000,11,FCFS,223.84000000000037,1956.3999999999996,0.847,0.15300000000000002,0.4260562,37.04304928053305,0.013487800024449825
Dynamic Renewable Availability,1000,11,Round Robin,223.84000000000037,1956.3999999999996,0.847,0.15300000000000002,0.4260562,37.04304928053305,0.013335500028915703
Dynamic Renewable Availability,1000,11,Min-Min,184.35999999999962,1843.6000000000015,0.532,0.46799999999999997,0.47718420000000006,1995.755543021239,0.015307600027881563
Dynamic Renewable Availability,1000,11,Max-Min,276.54000000000235,921.8000000000008,1.0,0.0,0.5794366,1995.755543021239,0.014641100016888231
Dynamic Renewable Availability,1000,11,GA,276.54000000000235,921.8000000000008,1.0,0.0,0.5794366,1995.755543021239,0.02423790004104376
Dynamic Renewable Availability,1000,11,Classical,211.825,1909.3000000000025,0.662,0.33799999999999997,0.4555601,597.7421580414084,0.03238599997712299
Dynamic Renewable Availability,1000,11,Proposed Quantum-Inspired,223.45500000000064,1964.9000000000021,0.834,0.16600000000000004,0.428103,62.599420923839226,0.056682399997953326
Dynamic Renewable Availability,1000,12,FCFS,224.97500000000076,1962.0999999999988,0.849,0.15100000000000002,0.4260562,50.39841267341661,0.01522050000494346
Dynamic Renewable Availability,1000,12,Round Robin,224.97500000000076,1962.0999999999988,0.849,0.15100000000000002,0.4260562,50.39841267341661,0.01441310002701357
Dynamic Renewable Availability,1000,12,Min-Min,184.79999999999967,1848.000000000003,0.514,0.486,0.4771842,2000.5186827420532,0.01592879998497665
Dynamic Renewable Availability,1000,12,Max-Min,277.20000000000243,924.0000000000015,1.0,0.0,0.5794366,2000.5186827420532,0.015762199996970594
Dynamic Renewable Availability,1000,12,GA,277.20000000000243,924.0000000000015,1.0,0.0,0.5794366,2000.5186827420532,0.025144800019916147
Dynamic Renewable Availability,1000,12,Classical,211.58000000000024,1923.4000000000028,0.643,0.357,0.45511160000000006,615.4035261517438,0.03551230003358796
Dynamic Renewable Availability,1000,12,Proposed Quantum-Inspired,225.96500000000054,1968.7000000000003,0.848,0.15200000000000002,0.4221112,36.92560087527351,0.059444000013172626
Dynamic Renewable Availability,1000,13,FCFS,222.84000000000074,1943.399999999999,0.828,0.17200000000000004,0.4260562,9.730750228014282,0.01550510001834482
Dynamic Renewable Availability,1000,13,Round Robin,222.84000000000074,1943.399999999999,0.828,0.17200000000000004,0.4260562,9.730750228014282,0.014371800003573298
Dynamic Renewable Availability,1000,13,Min-Min,182.75999999999976,1827.6000000000038,0.516,0.484,0.47718420000000006,1978.4350349455501,0.01552849996369332
Dynamic Renewable Availability,1000,13,Max-Min,274.1400000000023,913.8000000000019,1.0,0.0,0.5794366,1978.4350349455501,0.014732900017406791
Dynamic Renewable Availability,1000,13,GA,274.1400000000023,913.8000000000019,1.0,0.0,0.5794366,1978.4350349455501,0.024760100001003593
Dynamic Renewable Availability,1000,13,Classical,210.33000000000044,1897.8000000000015,0.657,0.34299999999999997,0.4542123,569.0616728439898,0.03526700002839789
Dynamic Renewable Availability,1000,13,Proposed Quantum-Inspired,221.88000000000085,1937.4000000000005,0.849,0.15100000000000002,0.4286204,103.98407329971259,0.05738239997299388
Dynamic Renewable Availability,1000,14,FCFS,220.19000000000034,1910.6000000000033,0.846,0.15400000000000003,0.4260562,29.483045975611137,0.014296700013801455
Dynamic Renewable Availability,1000,14,Round Robin,220.19000000000034,1910.6000000000033,0.846,0.15400000000000003,0.4260562,29.483045975611137,0.013223699992522597
Dynamic Renewable Availability,1000,14,Min-Min,180.55999999999946,1805.6000000000001,0.543,0.45699999999999996,0.47718420000000006,1954.619336341478,0.015677999996114522
Dynamic Renewable Availability,1000,14,Max-Min,270.84000000000225,902.8000000000001,1.0,0.0,0.5794366,1954.619336341478,0.018123999994713813
Dynamic Renewable Availability,1000,14,GA,270.84000000000225,902.8000000000001,1.0,0.0,0.5794366,1954.619336341478,0.024803099979180843
Dynamic Renewable Availability,1000,14,Classical,214.89000000000033,1791.4000000000017,0.704,0.29600000000000004,0.4662925,414.42520434934937,0.03194610000355169
Dynamic Renewable Availability,1000,14,Proposed Quantum-Inspired,220.31500000000057,1899.3000000000009,0.837,0.16300000000000003,0.42855160000000003,34.0697813318489,0.056472199968993664
Dynamic Renewable Availability,1000,15,FCFS,217.5850000000008,1888.1000000000015,0.829,0.17100000000000004,0.4260562,13.790848414800301,0.014257100003305823
Dynamic Renewable Availability,1000,15,Round Robin,217.5850000000008,1888.1000000000015,0.829,0.17100000000000004,0.4260562,13.790848414800301,0.014036900014616549
Dynamic Renewable Availability,1000,15,Min-Min,178.19999999999987,1782.000000000007,0.492,0.508,0.47718420000000006,1929.0715869298372,0.015345899970270693
Dynamic Renewable Availability,1000,15,Max-Min,267.30000000000206,891.0000000000035,1.0,0.0,0.5794365999999999,1929.0715869298372,0.014980299980379641
Dynamic Renewable Availability,1000,15,GA,267.30000000000206,891.0000000000035,1.0,0.0,0.5794366,1929.0715869298372,0.025103799998760223
Dynamic Renewable Availability,1000,15,Classical,198.76000000000013,1919.6000000000056,0.615,0.385,0.4443131,735.8479377561644,0.033040600013919175
Dynamic Renewable Availability,1000,15,Proposed Quantum-Inspired,214.84500000000065,1917.900000000001,0.807,0.19299999999999995,0.4241595,80.39084214013434,0.053980000026058406
Dynamic Renewable Availability,1000,16,FCFS,219.53000000000048,1925.6000000000006,0.846,0.15400000000000003,0.4260562,19.00657780874821,0.014112000004388392
Dynamic Renewable Availability,1000,16,Round Robin,219.53000000000048,1925.6000000000006,0.846,0.15400000000000003,0.4260562,19.00657780874821,0.014029700017999858
Dynamic Renewable Availability,1000,16,Min-Min,180.5599999999998,1805.6000000000035,0.494,0.506,0.4771842,1954.619336341478,0.014561399992089719
Dynamic Renewable Availability,1000,16,Max-Min,270.8400000000024,902.8000000000018,1.0,0.0,0.5794366,1954.619336341478,0.014979699975810945
Dynamic Renewable Availability,1000,16,GA,270.8400000000024,902.8000000000018,1.0,0.0,0.5794366,1954.619336341478,0.023837300017476082
Dynamic Renewable Availability,1000,16,Classical,211.45500000000047,1830.1000000000013,0.668,0.33199999999999996,0.4633038,481.8830252250021,0.03377310000360012
Dynamic Renewable Availability,1000,16,Proposed Quantum-Inspired,219.92500000000035,1903.5000000000007,0.82,0.18000000000000005,0.4273334,43.34454983039967,0.0549654999631457
Dynamic Renewable Availability,1000,17,FCFS,219.99500000000063,1902.5,0.826,0.17400000000000004,0.4260562,36.61283927804562,0.014324599993415177
Dynamic Renewable Availability,1000,17,Round Robin,219.99500000000063,1902.5,0.826,0.17400000000000004,0.4260562,36.61283927804562,0.013739700021687895
Dynamic Renewable Availability,1000,17,Min-Min,179.8399999999997,1798.4000000000021,0.498,0.502,0.47718420000000006,1946.825107707418,0.016554899979382753
Dynamic Renewable Availability,1000,17,Max-Min,269.76000000000255,899.2000000000011,1.0,0.0,0.5794366,1946.825107707418,0.015171099978033453
Dynamic Renewable Availability,1000,17,GA,269.76000000000255,899.2000000000011,1.0,0.0,0.5794366,1946.825107707418,0.02787350001744926
Dynamic Renewable Availability,1000,17,Classical,208.33000000000044,1867.8000000000025,0.654,0.346,0.4539415,498.0195779284184,0.03571560001000762
Dynamic Renewable Availability,1000,17,Proposed Quantum-Inspired,218.62500000000074,1900.900000000002,0.834,0.16600000000000004,0.42712619999999996,68.67677919064056,0.05499149998649955
Dynamic Renewable Availability,1000,18,FCFS,223.4950000000004,1954.500000000001,0.842,0.15800000000000003,0.4260562,34.0697813318489,0.05447849998017773
Dynamic Renewable Availability,1000,18,Round Robin,223.4950000000004,1954.500000000001,0.842,0.15800000000000003,0.4260562,34.0697813318489,0.013773999991826713
Dynamic Renewable Availability,1000,18,Min-Min,183.43999999999957,1834.4000000000042,0.525,0.475,0.4771842,1985.7962508777177,0.014949499978683889
Dynamic Renewable Availability,1000,18,Max-Min,275.16000000000236,917.2000000000021,1.0,0.0,0.5794366,1985.7962508777177,0.015084100014064461
Dynamic Renewable Availability,1000,18,GA,275.16000000000236,917.2000000000021,1.0,0.0,0.5794366,1985.7962508777177,0.02550450002308935
Dynamic Renewable Availability,1000,18,Classical,209.22000000000008,1931.200000000004,0.64,0.36,0.4518391,609.9788930774572,0.03532719996292144
Dynamic Renewable Availability,1000,18,Proposed Quantum-Inspired,224.5250000000006,1939.1000000000001,0.825,0.17500000000000004,0.4266929,67.47406909324499,0.057198100024834275
Dynamic Renewable Availability,1000,19,FCFS,220.2650000000007,1918.5000000000005,0.828,0.17200000000000004,0.4260562,7.084313657652377,0.014481400023214519
Dynamic Renewable Availability,1000,19,Round Robin,220.2650000000007,1918.5000000000005,0.828,0.17200000000000004,0.4260562,7.084313657652377,0.015618500008713454
Dynamic Renewable Availability,1000,19,Min-Min,180.75999999999956,1807.6000000000038,0.486,0.514,0.4771842,1956.784399850939,0.015720099967438728
Dynamic Renewable Availability,1000,19,Max-Min,271.14000000000215,903.8000000000019,1.0,0.0,0.5794366,1956.784399850939,0.016280199983157218
Dynamic Renewable Availability,1000,19,GA,271.14000000000215,903.8000000000019,1.0,0.0,0.5794366,1956.784399850939,0.025767299986910075
Dynamic Renewable Availability,1000,19,Classical,215.2250000000007,1798.5000000000025,0.671,0.32899999999999996,0.4647441,399.87271412288186,0.034879099985118955
Dynamic Renewable Availability,1000,19,Proposed Quantum-Inspired,221.19500000000045,1916.6999999999998,0.829,0.17100000000000004,0.42507670000000003,69.64687717335214,0.05823560000862926
Dynamic Renewable Availability,1000,20,FCFS,220.4700000000005,1940.000000000002,0.815,0.18500000000000005,0.4260562,27.343874999714288,0.015257200051564723
Dynamic Renewable Availability,1000,20,Round Robin,220.4700000000005,1940.000000000002,0.815,0.18500000000000005,0.4260562,27.343874999714288,0.014423799992073327
Dynamic Renewable Availability,1000,20,Min-Min,181.23999999999992,1812.4000000000028,0.507,0.493,0.47718420000000006,1961.9805522736458,0.01638960000127554
Dynamic Renewable Availability,1000,20,Max-Min,271.8600000000021,906.2000000000014,1.0,0.0,0.5794366,1961.9805522736458,0.015423699980601668
Dynamic Renewable Availability,1000,20,GA,271.8600000000021,906.2000000000014,1.0,0.0,0.5794366,1961.9805522736458,0.025586400006432086
Dynamic Renewable Availability,1000,20,Classical,207.05000000000024,1890.6000000000038,0.643,0.357,0.4536025,618.8979621068404,0.03442650003125891
Dynamic Renewable Availability,1000,20,Proposed Quantum-Inspired,219.88000000000062,1902.9999999999998,0.826,0.17400000000000004,0.4300476,78.40400181113206,0.0581067000166513
Dynamic Renewable Availability,1000,21,FCFS,213.72500000000065,1881.3000000000013,0.843,0.15700000000000003,0.4260562,38.75886995256699,0.015526899951510131
Dynamic Renewable Availability,1000,21,Round Robin,213.72500000000065,1881.3000000000013,0.843,0.15700000000000003,0.4260562,38.75886995256699,0.013840200030244887
Dynamic Renewable Availability,1000,21,Min-Min,175.59999999999982,1756.0000000000032,0.54,0.45999999999999996,0.47718420000000006,1900.9257613068428,0.016043700044974685
Dynamic Renewable Availability,1000,21,Max-Min,263.4000000000022,878.0000000000016,1.0,0.0,0.5794366,1900.9257613068428,0.015876299992669374
Dynamic Renewable Availability,1000,21,GA,263.4000000000022,878.0000000000016,1.0,0.0,0.5794366,1900.9257613068428,0.025336299964692444
Dynamic Renewable Availability,1000,21,Classical,204.36000000000038,1808.600000000004,0.678,0.32199999999999995,0.45857899999999996,470.40009566325557,0.03669540002010763
Dynamic Renewable Availability,1000,21,Proposed Quantum-Inspired,213.85500000000033,1865.3000000000013,0.839,0.16100000000000003,0.4319447,12.99038105676658,0.060752300021704286
Dynamic Renewable Availability,1000,22,FCFS,219.0250000000004,1918.1000000000029,0.842,0.15800000000000003,0.4260562,21.0535032714273,0.01740119996247813
Dynamic Renewable Availability,1000,22,Round Robin,219.0250000000004,1918.1000000000029,0.842,0.15800000000000003,0.4260562,21.0535032714273,0.014359500026330352
Dynamic Renewable Availability,1000,22,Min-Min,179.76,1797.6000000000035,0.535,0.46499999999999997,0.4771842,1945.9590823036337,0.017760600021574646
Dynamic Renewable Availability,1000,22,Max-Min,269.64000000000243,898.8000000000018,1.0,0.0,0.5794366,1945.9590823036337,0.017550599994137883
Dynamic Renewable Availability,1000,22,GA,269.64000000000243,898.8000000000018,1.0,0.0,0.5794366,1945.9590823036337,0.025672799965832382
Dynamic Renewable Availability,1000,22,Classical,208.90000000000046,1851.2000000000041,0.669,0.33099999999999996,0.46012430000000004,492.77048409984945,0.03252590005286038
Dynamic Renewable Availability,1000,22,Proposed Quantum-Inspired,218.43500000000066,1915.3000000000009,0.823,0.17700000000000005,0.42618920000000005,67.04289671546121,0.061618000036105514
Dynamic Renewable Availability,1000,23,FCFS,212.33500000000052,1865.7000000000005,0.844,0.15600000000000003,0.4260562,27.35415873317986,0.014968100003898144
Dynamic Renewable Availability,1000,23,Round Robin,212.33500000000052,1865.7000000000005,0.844,0.15600000000000003,0.4260562,27.35415873317986,0.015537899977061898
Dynamic Renewable Availability,1000,23,Min-Min,174.7999999999995,1748.0000000000052,0.54,0.45999999999999996,0.47718420000000006,1892.2655072689984,0.016093500016722828
Dynamic Renewable Availability,1000,23,Max-Min,262.20000000000226,874.0000000000026,1.0,0.0,0.5794366,1892.2655072689984,0.01674519997322932
Dynamic Renewable Availability,1000,23,GA,262.20000000000226,874.0000000000026,1.0,0.0,0.5794366,1892.2655072689984,0.03186049999203533
Dynamic Renewable Availability,1000,23,Classical,207.92500000000044,1754.7000000000048,0.677,0.32299999999999995,0.46379909999999996,364.9660943156227,0.03389059996698052
Dynamic Renewable Availability,1000,23,Proposed Quantum-Inspired,212.72500000000036,1851.300000000002,0.847,0.15300000000000002,0.42913189999999996,25.53918557824427,0.07299559999955818
Dynamic Renewable Availability,1000,24,FCFS,217.4600000000005,1894.999999999999,0.864,0.136,0.4260562,14.428704030508076,0.023710999987088144
Dynamic Renewable Availability,1000,24,Round Robin,217.4600000000005,1894.999999999999,0.864,0.136,0.4260562,14.428704030508076,0.015919600031338632
Dynamic Renewable Availability,1000,24,Min-Min,178.27999999999963,1782.8000000000054,0.536,0.46399999999999997,0.47718420000000006,1929.9376123336215,0.0171701000072062
Dynamic Renewable Availability,1000,24,Max-Min,267.42000000000235,891.4000000000027,1.0,0.0,0.5794366,1929.9376123336215,0.0228612000355497
Dynamic Renewable Availability,1000,24,GA,267.42000000000235,891.4000000000027,1.0,0.0,0.5794366,1929.9376123336215,0.02781709999544546
Dynamic Renewable Availability,1000,24,Classical,208.45500000000004,1816.300000000004,0.678,0.32199999999999995,0.4594662,470.716674338184,0.03350299998419359
Dynamic Renewable Availability,1000,24,Proposed Quantum-Inspired,217.4350000000008,1886.1000000000008,0.846,0.15400000000000003,0.42942779999999997,28.734778579275673,0.057344600034412
Dynamic Renewable Availability,1000,25,FCFS,220.57500000000033,1906.1000000000026,0.857,0.14300000000000002,0.4260562,22.74862633215465,0.013993899978231639
Dynamic Renewable Availability,1000,25,Round Robin,220.57500000000033,1906.1000000000026,0.857,0.14300000000000002,0.4260562,22.74862633215465,0.013080500008072704
Dynamic Renewable Availability,1000,25,Min-Min,180.63999999999996,1806.4000000000033,0.517,0.483,0.4771842,1955.4853617452625,0.014898499997798353
Dynamic Renewable Availability,1000,25,Max-Min,270.9600000000024,903.2000000000016,1.0,0.0,0.5794366,1955.4853617452625,0.015335900010541081
Dynamic Renewable Availability,1000,25,GA,270.9600000000024,903.2000000000016,1.0,0.0,0.5794366,1955.4853617452625,0.026347100036218762
Dynamic Renewable Availability,1000,25,Classical,210.7150000000003,1848.100000000005,0.658,0.34199999999999997,0.46137279999999997,487.6304953548332,0.040436699986457825
Dynamic Renewable Availability,1000,25,Proposed Quantum-Inspired,219.73500000000058,1903.700000000001,0.826,0.17400000000000004,0.42548189999999997,43.834917588607375,0.055369900015648454
Dynamic Renewable Availability,1000,26,FCFS,221.94000000000074,1941.8000000000006,0.843,0.15700000000000003,0.4260562,15.890248582070704,0.014110799995251
Dynamic Renewable Availability,1000,26,Round Robin,221.94000000000074,1941.8000000000006,0.843,0.15700000000000003,0.4260562,15.890248582070704,0.013305799977388233
Dynamic Renewable Availability,1000,26,Min-Min,182.07999999999987,1820.8000000000043,0.542,0.45799999999999996,0.47718420000000006,1971.0738190133823,0.015250299999024719
Dynamic Renewable Availability,1000,26,Max-Min,273.1200000000022,910.4000000000021,1.0,0.0,0.5794366,1971.0738190133823,0.05894990003434941
Dynamic Renewable Availability,1000,26,GA,273.1200000000022,910.4000000000021,1.0,0.0,0.5794366,1971.0738190133823,0.026183300011325628
Dynamic Renewable Availability,1000,26,Classical,208.37500000000023,1896.100000000004,0.658,0.34199999999999997,0.4537931,604.338481316555,0.03351779998047277
Dynamic Renewable Availability,1000,26,Proposed Quantum-Inspired,221.43000000000066,1932.8,0.848,0.15200000000000002,0.42409820000000004,30.074906483645133,0.057450200023595244
Dynamic Renewable Availability,1000,27,FCFS,218.6950000000007,1904.5000000000016,0.842,0.15800000000000003,0.4260562,35.33411948810951,0.015161899966187775
Dynamic Renewable Availability,1000,27,Round Robin,218.6950000000007,1904.5000000000016,0.842,0.15800000000000003,0.4260562,35.33411948810951,0.014872799976728857
Dynamic Renewable Availability,1000,27,Min-Min,179.20000000000002,1792.0000000000045,0.486,0.514,0.47718420000000006,1939.8969044771425,0.015203899994958192
Dynamic Renewable Availability,1000,27,Max-Min,268.8000000000022,896.0000000000023,1.0,0.0,0.5794366,1939.8969044771425,0.014128200011327863
Dynamic Renewable Availability,1000,27,GA,268.8000000000022,896.0000000000023,1.0,0.0,0.5794366,1939.8969044771425,0.024857499985955656
Dynamic Renewable Availability,1000,27,Classical,206.4300000000005,1865.000000000005,0.633,0.367,0.45680899999999997,541.6733332923081,0.03614999999990687
Dynamic Renewable Availability,1000,27,Proposed Quantum-Inspired,216.96500000000086,1907.7000000000014,0.817,0.18300000000000005,0.429812,76.78215938614908,0.05890010000439361
Dynamic Renewable Availability,1000,28,FCFS,209.44500000000076,1832.7,0.842,0.15800000000000003,0.4260562,27.83433131943356,0.01378800004022196
Dynamic Renewable Availability,1000,28,Round Robin,209.44500000000076,1832.7,0.842,0.15800000000000003,0.4260562,27.83433131943356,0.013603200030047446
Dynamic Renewable Availability,1000,28,Min-Min,171.5999999999997,1716.0000000000034,0.524,0.476,0.47718420000000006,1857.624491117621,0.016393300029449165
Dynamic Renewable Availability,1000,28,Max-Min,257.400000000002,858.0000000000017,1.0,0.0,0.5794366,1857.624491117621,0.014490300032775849
Dynamic Renewable Availability,1000,28,GA,257.400000000002,858.0000000000017,1.0,0.0,0.5794366,1857.624491117621,0.023766800004523247
Dynamic Renewable Availability,1000,28,Classical,201.5400000000004,1740.600000000004,0.672,0.32799999999999996,0.46259569999999994,430.9074726666967,0.032650899956934154
Dynamic Renewable Availability,1000,28,Proposed Quantum-Inspired,207.64000000000036,1859.0000000000016,0.838,0.16200000000000003,0.42114999999999997,74.76797442755822,0.055716499977279454
Dynamic Renewable Availability,1000,29,FCFS,218.36000000000044,1928.4000000000008,0.849,0.15100000000000002,0.4260562,44.94093345715017,0.014837399998214096
Dynamic Renewable Availability,1000,29,Round Robin,218.36000000000044,1928.4000000000008,0.849,0.15100000000000002,0.4260562,44.94093345715017,0.013431300001684576
Dynamic Renewable Availability,1000,29,Min-Min,179.31999999999925,1793.2000000000037,0.529,0.471,0.47718420000000006,1941.1959425828193,0.01568559999577701
Dynamic Renewable Availability,1000,29,Max-Min,268.9800000000025,896.6000000000018,1.0,0.0,0.5794366,1941.1959425828193,0.015532599994912744
Dynamic Renewable Availability,1000,29,GA,268.9800000000025,896.6000000000018,1.0,0.0,0.5794366,1941.1959425828193,0.02549219998763874
Dynamic Renewable Availability,1000,29,Classical,206.91000000000003,1849.4000000000044,0.654,0.346,0.4564837,554.279430883016,0.037027699989266694
Dynamic Renewable Availability,1000,29,Proposed Quantum-Inspired,219.2850000000004,1894.099999999999,0.844,0.15600000000000003,0.4274454,31.41158225877837,0.05662059999303892
Dynamic Renewable Availability,2000,0,FCFS,435.82000000000346,3791.7999999999897,0.8395,0.16049999999999998,0.42605600000000005,19.253246479490155,0.03248090000124648
Dynamic Renewable Availability,2000,0,Round Robin,435.82000000000346,3791.7999999999897,0.8395,0.16049999999999998,0.42605600000000005,19.253246479490155,0.03065430000424385
Dynamic Renewable Availability,2000,0,Min-Min,357.6399999999996,3576.400000000012,0.5275,0.47250000000000003,0.47718489999999997,3871.566567618333,0.03167189995292574
Dynamic Renewable Availability,2000,0,Max-Min,536.4600000000097,1788.200000000006,1.0,0.0,0.5794357,3871.566567618333,0.03262020001420751
Dynamic Renewable Availability,2000,0,GA,536.4600000000097,1788.200000000006,1.0,0.0,0.5794357,3871.566567618333,0.05192910000914708
Dynamic Renewable Availability,2000,0,Classical,414.8400000000039,3395.5999999999976,0.687,0.31299999999999994,0.47771925,1556.639549638901,0.06758000003173947
Dynamic Renewable Availability,2000,0,Proposed Quantum-Inspired,432.48000000000326,3820.999999999995,0.8385,0.16149999999999998,0.42441494999999996,168.4671703923349,0.11308199999621138
Dynamic Renewable Availability,2000,1,FCFS,442.6650000000036,3880.699999999992,0.8345,0.16549999999999998,0.42605600000000005,40.786027019066225,0.028589299996383488
Dynamic Renewable Availability,2000,1,Round Robin,442.6650000000036,3880.699999999992,0.8345,0.16549999999999998,0.42605600000000005,40.786027019066225,0.027650600008200854
Dynamic Renewable Availability,2000,1,Min-Min,363.5199999999997,3635.2000000000126,0.511,0.489,0.47718489999999997,3935.219434796489,0.07224020001012832
Dynamic Renewable Availability,2000,1,Max-Min,545.2800000000086,1817.6000000000063,1.0,0.0,0.5794357,3935.219434796489,0.02922929998021573
Dynamic Renewable Availability,2000,1,GA,545.2800000000086,1817.6000000000063,1.0,0.0,0.5794357,3935.219434796489,0.0506114000454545
Dynamic Renewable Availability,2000,1,Classical,439.84500000000645,3262.0999999999963,0.7075,0.2925,0.48829549999999994,1334.6892896850563,0.06656030000885949
Dynamic Renewable Availability,2000,1,Proposed Quantum-Inspired,440.6650000000032,3854.499999999997,0.8185,0.1815,0.42639900000000003,107.50116278440899,0.10730470000999048
Dynamic Renewable Availability,2000,2,FCFS,437.07500000000374,3810.8999999999987,0.83,0.17000000000000004,0.42605600000000005,40.263972729972885,0.030325800005812198
Dynamic Renewable Availability,2000,2,Round Robin,437.07500000000374,3810.8999999999987,0.83,0.17000000000000004,0.42605600000000005,40.263972729972885,0.028439000016078353
Dynamic Renewable Availability,2000,2,Min-Min,358.83999999999884,3588.4000000000165,0.499,0.501,0.4771849,3884.5569486750996,0.030992499960120767
Dynamic Renewable Availability,2000,2,Max-Min,538.260000000009,1794.2000000000082,1.0,0.0,0.5794357,3884.5569486750996,0.03208739997353405
Dynamic Renewable Availability,2000,2,GA,538.260000000009,1794.2000000000082,1.0,0.0,0.5794357,3884.5569486750996,0.053636400029063225
Dynamic Renewable Availability,2000,2,Classical,462.6000000000084,2912.5999999999954,0.791,0.20899999999999996,0.50347145,1536.117732304396,0.06978359998902306
Dynamic Renewable Availability,2000,2,Proposed Quantum-Inspired,437.74500000000353,3773.899999999997,0.8345,0.16549999999999998,0.4290603,85.25366561034194,0.11156309995567426
Dynamic Renewable Availability,2000,3,FCFS,433.75500000000306,3757.2999999999965,0.8425,0.15749999999999997,0.42605600000000005,32.080952292598795,0.02998009999282658
Dynamic Renewable Availability,2000,3,Round Robin,433.75500000000306,3757.2999999999965,0.8425,0.15749999999999997,0.42605600000000005,32.080952292598795,0.04089919995749369
Dynamic Renewable Availability,2000,3,Min-Min,355.4,3554.0000000000236,0.516,0.484,0.47718489999999997,3847.317856312369,0.03275350003968924
Dynamic Renewable Availability,2000,3,Max-Min,533.1000000000093,1777.0000000000118,1.0,0.0,0.5794357,3847.317856312369,0.0438950999523513
Dynamic Renewable Availability,2000,3,GA,533.1000000000093,1777.0000000000118,1.0,0.0,0.5794357,3847.317856312369,0.05822830001125112
Dynamic Renewable Availability,2000,3,Classical,410.7300000000029,3391.0000000000023,0.677,0.32299999999999995,0.4745319,1562.1301762337223,0.06991000002017245
Dynamic Renewable Availability,2000,3,Proposed Quantum-Inspired,434.35500000000343,3757.89999999999,0.8465,0.15349999999999997,0.42686119999999994,42.32832975679527,0.11976089997915551
Dynamic Renewable Availability,2000,4,FCFS,430.6200000000041,3761.999999999991,0.829,0.17100000000000004,0.42605600000000005,25.183079636930824,0.07647680002264678
Dynamic Renewable Availability,2000,4,Round Robin,430.6200000000041,3761.999999999991,0.829,0.17100000000000004,0.42605600000000005,25.183079636930824,0.027536800014786422
Dynamic Renewable Availability,2000,4,Min-Min,353.8800000000004,3538.800000000017,0.508,0.492,0.47718489999999997,3830.8633736404645,0.031834599969442934
Dynamic Renewable Availability,2000,4,Max-Min,530.8200000000109,1769.4000000000085,1.0,0.0,0.5794357,3830.8633736404645,0.03076100000180304
Dynamic Renewable Availability,2000,4,GA,530.8200000000109,1769.4000000000085,1.0,0.0,0.5794357,3830.8633736404645,0.050398899998981506
Dynamic Renewable Availability,2000,4,Classical,441.5650000000069,3029.8999999999905,0.7655,0.23450000000000004,0.4946549,1324.5130001249515,0.06608479999704286
Dynamic Renewable Availability,2000,4,Proposed Quantum-Inspired,426.92000000000303,3751.5999999999926,0.8245,0.1755,0.42891674999999996,187.56648821151396,0.10994630004279315
Dynamic Renewable Availability,2000,5,FCFS,434.57500000000266,3810.499999999997,0.835,0.16500000000000004,0.42605600000000005,33.24154027718932,0.029020500020124018
Dynamic Renewable Availability,2000,5,Round Robin,434.57500000000266,3810.499999999997,0.835,0.16500000000000004,0.42605600000000005,33.24154027718932,0.025675100041553378
Dynamic Renewable Availability,2000,5,Min-Min,357.11999999999927,3571.2000000000235,0.528,0.472,0.47718489999999997,3865.937402493734,0.03284989995881915
Dynamic Renewable Availability,2000,5,Max-Min,535.6800000000097,1785.6000000000117,1.0,0.0,0.5794357,3865.937402493734,0.03829539997968823
Dynamic Renewable Availability,2000,5,GA,535.6800000000097,1785.6000000000117,1.0,0.0,0.5794357,3865.937402493734,0.05364249995909631
Dynamic Renewable Availability,2000,5,Classical,449.4500000000077,3016.5999999999863,0.763,0.237,0.4964365,1370.744140968693,0.07035890000406653
Dynamic Renewable Availability,2000,5,Proposed Quantum-Inspired,434.7750000000027,3807.2999999999975,0.843,0.15700000000000003,0.4271755,63.25345840347388,0.10961099999258295
Dynamic Renewable Availability,2000,6,FCFS,436.54000000000326,3822.599999999997,0.8265,0.1735,0.42605600000000005,30.894983411550815,0.029331999947316945
Dynamic Renewable Availability,2000,6,Round Robin,436.54000000000326,3822.599999999997,0.8265,0.1735,0.42605600000000005,30.894983411550815,0.02712400001473725
Dynamic Renewable Availability,2000,6,Min-Min,358.3999999999996,3584.0000000000146,0.514,0.486,0.47718489999999997,3879.793808954285,0.03030749998288229
Dynamic Renewable Availability,2000,6,Max-Min,537.6000000000099,1792.0000000000073,1.0,0.0,0.5794357,3879.793808954285,0.0300454999669455
Dynamic Renewable Availability,2000,6,GA,537.6000000000099,1792.0000000000073,1.0,0.0,0.5794357,3879.793808954285,0.092522100021597
Dynamic Renewable Availability,2000,6,Classical,465.09000000000833,2858.7999999999897,0.7985,0.2015,0.50624595,1621.1121182694305,0.07062389998463914
Dynamic Renewable Availability,2000,6,Proposed Quantum-Inspired,435.07000000000266,3789.600000000001,0.829,0.17100000000000004,0.42874924999999997,99.24464721081938,0.13421129999915138
Dynamic Renewable Availability,2000,7,FCFS,447.9900000000026,3884.5999999999963,0.829,0.17100000000000004,0.42605600000000005,37.45330426010501,0.03186759998789057
Dynamic Renewable Availability,2000,7,Round Robin,447.9900000000026,3884.5999999999963,0.829,0.17100000000000004,0.42605600000000005,37.45330426010501,0.026757200015708804
Dynamic Renewable Availability,2000,7,Min-Min,367.1199999999984,3671.2000000000126,0.5075,0.49250000000000005,0.47718489999999997,3974.190577966789,0.02983379998477176
Dynamic Renewable Availability,2000,7,Max-Min,550.6800000000082,1835.6000000000063,1.0,0.0,0.5794357,3974.190577966789,0.031536600028630346
Dynamic Renewable Availability,2000,7,GA,550.6800000000082,1835.6000000000063,1.0,0.0,0.5794357,3974.190577966789,0.048323500028345734
Dynamic Renewable Availability,2000,7,Classical,411.46000000000174,3637.0000000000036,0.6395,0.36050000000000004,0.4672233,1910.2521430429022,0.06656519998796284
Dynamic Renewable Availability,2000,7,Proposed Quantum-Inspired,446.76000000000306,3878.599999999998,0.825,0.17500000000000004,0.4284717,64.87102588983775,0.10982409998541698
Dynamic Renewable Availability,2000,8,FCFS,435.59000000000293,3806.199999999996,0.841,0.15900000000000003,0.42605600000000005,52.112258634605354,0.02895479998551309
Dynamic Renewable Availability,2000,8,Round Robin,435.59000000000293,3806.199999999996,0.841,0.15900000000000003,0.42605600000000005,52.112258634605354,0.028741100046318024
Dynamic Renewable Availability,2000,8,Min-Min,356.99999999999886,3570.000000000015,0.5295,0.47050000000000003,0.47718489999999997,3864.6383643880577,0.03183779999380931
Dynamic Renewable Availability,2000,8,Max-Min,535.5000000000095,1785.0000000000075,1.0,0.0,0.5794357,3864.6383643880577,0.02981430001091212
Dynamic Renewable Availability,2000,8,GA,535.5000000000095,1785.0000000000075,1.0,0.0,0.5794357,3864.6383643880577,0.05079210002440959
Dynamic Renewable Availability,2000,8,Classical,458.9500000000077,2904.199999999994,0.802,0.19799999999999995,0.5033267,1519.4323570004688,0.06885460001649335
Dynamic Renewable Availability,2000,8,Proposed Quantum-Inspired,434.3900000000031,3763.5999999999995,0.844,0.15600000000000003,0.42914615,152.4079640307553,0.11235539999324828
Dynamic Renewable Availability,2000,9,FCFS,440.9450000000037,3838.8999999999946,0.839,0.16100000000000003,0.42605600000000005,42.15744299646268,0.028395600034855306
Dynamic Renewable Availability,2000,9,Round Robin,440.9450000000037,3838.8999999999946,0.839,0.16100000000000003,0.42605600000000005,42.15744299646268,0.06978230003733188
Dynamic Renewable Availability,2000,9,Min-Min,361.19999999999965,3612.0000000000186,0.5285,0.47150000000000003,0.47718489999999997,3910.1046980867404,0.030469800054561347
Dynamic Renewable Availability,2000,9,Max-Min,541.8000000000095,1806.0000000000093,1.0,0.0,0.5794357,3910.1046980867404,0.029878600034862757
Dynamic Renewable Availability,2000,9,GA,541.8000000000095,1806.0000000000093,1.0,0.0,0.5794357,3910.1046980867404,0.050724900036584586
Dynamic Renewable Availability,2000,9,Classical,417.71500000000367,3422.9000000000074,0.6815,0.3185,0.4771908999999999,1646.7435289078867,0.06870629999320954
Dynamic Renewable Availability,2000,9,Proposed Quantum-Inspired,441.75000000000335,3835.799999999994,0.835,0.16500000000000004,0.42810075,71.99131892110326,0.1125393999973312
Dynamic Renewable Availability,2000,10,FCFS,438.3100000000037,3809.999999999998,0.8395,0.16049999999999998,0.42605600000000005,59.95571282204891,0.028915500035509467
Dynamic Renewable Availability,2000,10,Round Robin,438.3100000000037,3809.999999999998,0.8395,0.16049999999999998,0.42605600000000005,59.95571282204891,0.027849300007801503
Dynamic Renewable Availability,2000,10,Min-Min,359.2400000000005,3592.400000000015,0.5035,0.49650000000000005,0.47718489999999997,3888.887075694022,0.030065700004342943
Dynamic Renewable Availability,2000,10,Max-Min,538.8600000000099,1796.2000000000075,1.0,0.0,0.5794357,3888.887075694022,0.03026760002830997
Dynamic Renewable Availability,2000,10,GA,538.8600000000099,1796.2000000000075,1.0,0.0,0.5794357,3888.887075694022,0.04955629998585209
Dynamic Renewable Availability,2000,10,Classical,434.9950000000061,3202.4999999999895,0.7205,0.27949999999999997,0.49029114999999995,1381.0865966694485,0.06701820000307634
Dynamic Renewable Availability,2000,10,Proposed Quantum-Inspired,437.13000000000346,3774.400000000003,0.821,0.17900000000000005,0.42990145,127.36242577777796,0.11207199998898432
Dynamic Renewable Availability,2000,11,FCFS,442.195000000003,3834.2999999999965,0.8415,0.15849999999999997,0.42605600000000005,49.30770730829005,0.03364179999334738
Dynamic Renewable Availability,2000,11,Round Robin,442.195000000003,3834.2999999999965,0.8415,0.15849999999999997,0.42605600000000005,49.30770730829005,0.03246810002019629
Dynamic Renewable Availability,2000,11,Min-Min,362.95999999999987,3629.6000000000117,0.5375,0.4625,0.4771849,3929.1572569699983,0.03190619999077171
Dynamic Renewable Availability,2000,11,Max-Min,544.4400000000094,1814.8000000000059,1.0,0.0,0.5794357,3929.1572569699983,0.03058919997420162
Dynamic Renewable Availability,2000,11,GA,544.4400000000094,1814.8000000000059,1.0,0.0,0.5794357,3929.1572569699983,0.0491778000141494
Dynamic Renewable Availability,2000,11,Classical,447.6250000000071,3153.299999999986,0.7505,0.24950000000000006,0.49377255000000003,1362.4493568569806,0.1092890000436455
Dynamic Renewable Availability,2000,11,Proposed Quantum-Inspired,441.19500000000335,3866.4999999999964,0.8475,0.15249999999999997,0.4258965,64.94035725186612,0.10754759999690577
Dynamic Renewable Availability,2000,12,FCFS,446.3600000000035,3906.1999999999966,0.852,0.14800000000000002,0.42605600000000005,50.19213085733659,0.028510099975392222
Dynamic Renewable Availability,2000,12,Round Robin,446.3600000000035,3906.1999999999966,0.852,0.14800000000000002,0.42605600000000005,50.19213085733659,0.02877839998109266
Dynamic Renewable Availability,2000,12,Min-Min,366.31999999999937,3663.200000000012,0.538,0.46199999999999997,0.47718489999999997,3965.5303239289447,0.03071379999164492
Dynamic Renewable Availability,2000,12,Max-Min,549.4800000000085,1831.600000000006,1.0,0.0,0.5794357,3965.5303239289447,0.030154699983540922
Dynamic Renewable Availability,2000,12,GA,549.4800000000085,1831.600000000006,1.0,0.0,0.5794357,3965.5303239289447,0.049250699987169355
Dynamic Renewable Availability,2000,12,Classical,408.5650000000016,3639.3,0.6455,0.35450000000000004,0.4671671,1981.4565980611335,0.06343929999275133
Dynamic Renewable Availability,2000,12,Proposed Quantum-Inspired,447.1150000000025,3882.8999999999983,0.8445,0.15549999999999997,0.42619765,28.508770580296865,0.11484189995098859
Dynamic Renewable Availability,2000,13,FCFS,440.01000000000397,3852.3999999999915,0.834,0.16600000000000004,0.42605600000000005,61.37792762874941,0.026963899959810078
Dynamic Renewable Availability,2000,13,Round Robin,440.01000000000397,3852.3999999999915,0.834,0.16600000000000004,0.42605600000000005,61.37792762874941,0.02653700002701953
Dynamic Renewable Availability,2000,13,Min-Min,360.5599999999994,3605.6000000000154,0.5155,0.48450000000000004,0.47718489999999997,3903.176494856465,0.02859789994545281
Dynamic Renewable Availability,2000,13,Max-Min,540.8400000000092,1802.8000000000077,1.0,0.0,0.5794357,3903.176494856465,0.03133430000161752
Dynamic Renewable Availability,2000,13,GA,540.8400000000092,1802.8000000000077,1.0,0.0,0.5794357,3903.176494856465,0.05118350003613159
Dynamic Renewable Availability,2000,13,Classical,427.20500000000504,3314.299999999998,0.7015,0.2985,0.4836982,1468.8326146978081,0.065769899985753
Dynamic Renewable Availability,2000,13,Proposed Quantum-Inspired,438.95500000000385,3791.0999999999963,0.8405,0.15949999999999998,0.4287903,112.76635136422567,0.11587650002911687
Dynamic Renewable Availability,2000,14,FCFS,442.02500000000293,3845.5000000000045,0.833,0.16700000000000004,0.42605600000000005,55.17868700866305,0.028751200006809086
Dynamic Renewable Availability,2000,14,Round Robin,442.02500000000293,3845.5000000000045,0.833,0.16700000000000004,0.42605600000000005,55.17868700866305,0.02727349998895079
Dynamic Renewable Availability,2000,14,Min-Min,362.2799999999987,3622.8000000000125,0.528,0.472,0.47718489999999997,3921.7960410378305,0.030630199995357543
Dynamic Renewable Availability,2000,14,Max-Min,543.4200000000096,1811.4000000000062,1.0,0.0,0.5794357,3921.7960410378305,0.07028749998426065
Dynamic Renewable Availability,2000,14,GA,543.4200000000096,1811.4000000000062,1.0,0.0,0.5794357,3921.7960410378305,0.04919069999596104
Dynamic Renewable Availability,2000,14,Classical,420.0150000000046,3432.300000000005,0.6825,0.3175,0.4768382,1593.9290095546914,0.06744939996860921
Dynamic Renewable Availability,2000,14,Proposed Quantum-Inspired,442.44500000000386,3806.4999999999964,0.841,0.15900000000000003,0.42964045,74.04179562922552,0.11422240000683814
Dynamic Renewable Availability,2000,15,FCFS,435.87500000000335,3773.899999999994,0.8405,0.15949999999999998,0.42605600000000005,36.50599265874029,0.026445599971339107
Dynamic Renewable Availability,2000,15,Round Robin,435.87500000000335,3773.899999999994,0.8405,0.15949999999999998,0.42605600000000005,36.50599265874029,0.02693240001099184
Dynamic Renewable Availability,2000,15,Min-Min,357.07999999999976,3570.800000000018,0.511,0.489,0.4771849,3865.5043897918417,0.030152900028042495
Dynamic Renewable Availability,2000,15,Max-Min,535.6200000000098,1785.400000000009,1.0,0.0,0.5794357,3865.5043897918417,0.02913579996675253
Dynamic Renewable Availability,2000,15,GA,535.6200000000098,1785.400000000009,1.0,0.0,0.5794357,3865.5043897918417,0.05196870001964271
Dynamic Renewable Availability,2000,15,Classical,430.205000000006,3207.4999999999927,0.708,0.29200000000000004,0.48676909999999995,1379.1195334342851,0.07546490000095218
Dynamic Renewable Availability,2000,15,Proposed Quantum-Inspired,431.7400000000033,3782.9999999999914,0.823,0.17700000000000005,0.42749925,152.7618653329423,0.12766759999794886
Dynamic Renewable Availability,2000,16,FCFS,435.3450000000033,3814.899999999993,0.8485,0.15149999999999997,0.42605600000000005,31.212978070027216,0.028476900013629347
Dynamic Renewable Availability,2000,16,Round Robin,435.3450000000033,3814.899999999993,0.8485,0.15149999999999997,0.42605600000000005,31.212978070027216,0.027144100051373243
Dynamic Renewable Availability,2000,16,Min-Min,357.68000000000046,3576.800000000012,0.516,0.484,0.4771849,3871.999580320225,0.03039670002181083
Dynamic Renewable Availability,2000,16,Max-Min,536.52000000001,1788.400000000006,1.0,0.0,0.5794357,3871.999580320225,0.03185319999465719
Dynamic Renewable Availability,2000,16,GA,536.52000000001,1788.400000000006,1.0,0.0,0.5794357,3871.999580320225,0.0497046000091359
Dynamic Renewable Availability,2000,16,Classical,457.27000000000794,2925.599999999978,0.7825,0.21750000000000003,0.5028885,1507.6329957917478,0.07072070002323017
Dynamic Renewable Availability,2000,16,Proposed Quantum-Inspired,437.7300000000031,3764.799999999995,0.836,0.16400000000000003,0.42683955,71.78614072368008,0.11824060004437342
Dynamic Renewable Availability,2000,17,FCFS,439.80000000000337,3811.3999999999915,0.833,0.16700000000000004,0.42605600000000005,50.06246098625196,0.028337900002952665
Dynamic Renewable Availability,2000,17,Round Robin,439.80000000000337,3811.3999999999915,0.833,0.16700000000000004,0.42605600000000005,50.06246098625196,0.07053309999173507
Dynamic Renewable Availability,2000,17,Min-Min,359.91999999999877,3599.200000000016,0.5015,0.49850000000000005,0.4771849,3896.2482916261893,0.03015390003565699
Dynamic Renewable Availability,2000,17,Max-Min,539.8800000000093,1799.600000000008,1.0,0.0,0.5794357,3896.2482916261893,0.030251599964685738
Dynamic Renewable Availability,2000,17,GA,539.8800000000093,1799.600000000008,1.0,0.0,0.5794357,3896.2482916261893,0.051978199975565076
Dynamic Renewable Availability,2000,17,Classical,445.0700000000068,3119.3999999999883,0.743,0.257,0.49208369999999996,1344.3677882186853,0.06883509998442605
Dynamic Renewable Availability,2000,17,Proposed Quantum-Inspired,437.7600000000035,3803.5999999999926,0.8285,0.17149999999999999,0.42951790000000006,72.6378000768195,0.13724459998775274
Dynamic Renewable Availability,2000,18,FCFS,439.5550000000031,3870.4999999999923,0.8445,0.15549999999999997,0.42605600000000005,54.83327001009515,0.03020249999826774
Dynamic Renewable Availability,2000,18,Round Robin,439.5550000000031,3870.4999999999923,0.8445,0.15549999999999997,0.42605600000000005,54.83327001009515,0.031249000050593168
Dynamic Renewable Availability,2000,18,Min-Min,361.5599999999994,3615.600000000012,0.534,0.46599999999999997,0.47718489999999997,3914.0018124037706,0.0311255999840796
Dynamic Renewable Availability,2000,18,Max-Min,542.3400000000086,1807.800000000006,1.0,0.0,0.5794357,3914.0018124037706,0.03138939995551482
Dynamic Renewable Availability,2000,18,GA,542.3400000000086,1807.800000000006,1.0,0.0,0.5794357,3914.0018124037706,0.06095499999355525
Dynamic Renewable Availability,2000,18,Classical,409.6350000000026,3545.099999999996,0.658,0.34199999999999997,0.47048765000000003,1754.571796051675,0.06445359997451305
Dynamic Renewable Availability,2000,18,Proposed Quantum-Inspired,443.05000000000405,3819.7999999999874,0.8385,0.16149999999999998,0.42606625,91.28629415197004,0.10322550003184006
Dynamic Renewable Availability,2000,19,FCFS,440.5000000000037,3859.799999999995,0.8245,0.1755,0.42605600000000005,32.89756829919196,0.027949400013312697
Dynamic Renewable Availability,2000,19,Round Robin,440.5000000000037,3859.799999999995,0.8245,0.1755,0.42605600000000005,32.89756829919196,0.026672699954360723
Dynamic Renewable Availability,2000,19,Min-Min,361.9999999999996,3620.0000000000114,0.5015,0.49850000000000005,0.47718489999999997,3918.764952124585,0.030531700002029538
Dynamic Renewable Availability,2000,19,Max-Min,543.000000000009,1810.0000000000057,1.0,0.0,0.5794357,3918.764952124585,0.028829500020947307
Dynamic Renewable Availability,2000,19,GA,543.000000000009,1810.0000000000057,1.0,0.0,0.5794357,3918.764952124585,0.048101200023666024
Dynamic Renewable Availability,2000,19,Classical,471.63500000000914,2863.69999999999,0.789,0.21099999999999997,0.5052325499999999,1679.3304469341344,0.10770860000047833
Dynamic Renewable Availability,2000,19,Proposed Quantum-Inspired,441.63500000000334,3840.4999999999914,0.8295,0.17049999999999998,0.42579340000000004,20.068632240389476,0.11310600000433624
Dynamic Renewable Availability,2000,20,FCFS,440.39000000000334,3845.7999999999984,0.826,0.17400000000000004,0.42605600000000005,28.331740151286155,0.029345199989620596
Dynamic Renewable Availability,2000,20,Round Robin,440.39000000000334,3845.7999999999984,0.826,0.17400000000000004,0.42605600000000005,28.331740151286155,0.028874599956907332
Dynamic Renewable Availability,2000,20,Min-Min,361.0799999999997,3610.8000000000093,0.5115,0.48850000000000005,0.47718489999999997,3908.805659981064,0.032072899979539216
Dynamic Renewable Availability,2000,20,Max-Min,541.6200000000091,1805.4000000000046,1.0,0.0,0.5794357,3908.805659981064,0.0325095999869518
Dynamic Renewable Availability,2000,20,GA,541.6200000000091,1805.4000000000046,1.0,0.0,0.5794357,3908.805659981064,0.051252399978693575
Dynamic Renewable Availability,2000,20,Classical,439.34500000000577,3185.2999999999874,0.725,0.275,0.49031944999999993,1404.6560744538144,0.07841640000697225
Dynamic Renewable Availability,2000,20,Proposed Quantum-Inspired,438.4100000000037,3825.99999999999,0.827,0.17300000000000004,0.42884730000000004,83.18465904239795,0.10778130003018305
Dynamic Renewable Availability,2000,21,FCFS,439.38000000000386,3831.399999999987,0.8425,0.15749999999999997,0.42605600000000005,33.818449106959356,0.03730850003194064
Dynamic Renewable Availability,2000,21,Round Robin,439.38000000000386,3831.399999999987,0.8425,0.15749999999999997,0.42605600000000005,33.818449106959356,0.0262730999966152
Dynamic Renewable Availability,2000,21,Min-Min,360.1999999999986,3602.0000000000023,0.527,0.473,0.47718489999999997,3899.279380539435,0.030530299991369247
Dynamic Renewable Availability,2000,21,Max-Min,540.3000000000096,1801.0000000000011,1.0,0.0,0.5794357,3899.279380539435,0.03269789996556938
Dynamic Renewable Availability,2000,21,GA,540.3000000000096,1801.0000000000011,1.0,0.0,0.5794357,3899.279380539435,0.055313799995929
Dynamic Renewable Availability,2000,21,Classical,445.5500000000071,3107.5999999999913,0.7485,0.25149999999999995,0.49392085,1377.4317360580887,0.06876649998594075
Dynamic Renewable Availability,2000,21,Proposed Quantum-Inspired,438.37000000000245,3854.399999999996,0.847,0.15300000000000002,0.4285036,48.14755964740061,0.10905209998600185
Dynamic Renewable Availability,2000,22,FCFS,438.96000000000294,3829.599999999997,0.8365,0.16349999999999998,0.42605600000000005,13.038404810405298,0.027615999977570027
Dynamic Renewable Availability,2000,22,Round Robin,438.96000000000294,3829.599999999997,0.8365,0.16349999999999998,0.42605600000000005,13.038404810405298,0.06948489998467267
Dynamic Renewable Availability,2000,22,Min-Min,360.31999999999965,3603.200000000012,0.5245,0.47550000000000003,0.47718489999999997,3900.5784186451115,0.03142610000213608
Dynamic Renewable Availability,2000,22,Max-Min,540.4800000000097,1801.600000000006,1.0,0.0,0.5794357,3900.5784186451115,0.03089719999115914
Dynamic Renewable Availability,2000,22,GA,540.4800000000097,1801.600000000006,1.0,0.0,0.5794357,3900.5784186451115,0.05044170003384352
Dynamic Renewable Availability,2000,22,Classical,426.1450000000054,3329.1000000000013,0.6945,0.3055,0.48348670000000005,1446.7447943573186,0.0671798000112176
Dynamic Renewable Availability,2000,22,Proposed Quantum-Inspired,437.34500000000367,3845.899999999992,0.8205,0.1795,0.42534075,60.848171706305195,0.11707989999558777
Dynamic Renewable Availability,2000,23,FCFS,434.8850000000038,3822.8999999999915,0.8435,0.15649999999999997,0.42605600000000005,48.015622457696,0.031021100003272295
Dynamic Renewable Availability,2000,23,Round Robin,434.8850000000038,3822.8999999999915,0.8435,0.15649999999999997,0.42605600000000005,48.015622457696,0.028798300016205758
Dynamic Renewable Availability,2000,23,Min-Min,357.75999999999885,3577.6000000000204,0.5385,0.4615,0.47718489999999997,3872.8656057240096,0.03500940004596487
Dynamic Renewable Availability,2000,23,Max-Min,536.6400000000107,1788.8000000000102,1.0,0.0,0.5794357,3872.8656057240096,0.031976900005247444
Dynamic Renewable Availability,2000,23,GA,536.6400000000107,1788.8000000000102,1.0,0.0,0.5794357,3872.8656057240096,0.05189750000135973
Dynamic Renewable Availability,2000,23,Classical,477.13500000000914,2726.299999999989,0.8245,0.1755,0.50905505,1881.6135363033504,0.07417269999859855
Dynamic Renewable Availability,2000,23,Proposed Quantum-Inspired,436.9150000000019,3772.9,0.8405,0.15949999999999998,0.42822825,79.16438593205912,0.11579490004805848
Dynamic Renewable Availability,2000,24,FCFS,438.97000000000344,3814.1999999999957,0.8475,0.15249999999999997,0.42605600000000005,21.0282548015759,0.030470400000922382
Dynamic Renewable Availability,2000,24,Round Robin,438.97000000000344,3814.1999999999957,0.8475,0.15249999999999997,0.42605600000000005,21.0282548015759,0.030056699994020164
Dynamic Renewable Availability,2000,24,Min-Min,359.71999999999946,3597.200000000015,0.5145,0.48550000000000004,0.47718489999999997,3894.083228116728,0.033124300010968
Dynamic Renewable Availability,2000,24,Max-Min,539.5800000000096,1798.6000000000074,1.0,0.0,0.5794357,3894.083228116728,0.030695600027684122
Dynamic Renewable Availability,2000,24,GA,539.5800000000096,1798.6000000000074,1.0,0.0,0.5794357,3894.083228116728,0.05802669998956844
Dynamic Renewable Availability,2000,24,Classical,424.27000000000436,3321.5999999999976,0.698,0.30200000000000005,0.48161545,1503.7794677079482,0.13029340002685785
Dynamic Renewable Availability,2000,24,Proposed Quantum-Inspired,436.7100000000036,3852.9999999999945,0.8355,0.16449999999999998,0.42564535000000003,66.15275882380114,0.11439329996937886
Dynamic Renewable Availability,2000,25,FCFS,441.05000000000376,3818.5999999999917,0.8385,0.16149999999999998,0.42605600000000005,35.54838252297846,0.034974100010003895
Dynamic Renewable Availability,2000,25,Round Robin,441.05000000000376,3818.5999999999917,0.8385,0.16149999999999998,0.42605600000000005,35.54838252297846,0.02558579994365573
Dynamic Renewable Availability,2000,25,Min-Min,361.15999999999923,3611.6000000000154,0.514,0.486,0.47718489999999997,3909.6716853848484,0.03380430000834167
Dynamic Renewable Availability,2000,25,Max-Min,541.7400000000094,1805.8000000000077,1.0,0.0,0.5794357,3909.6716853848484,0.03228770004352555
Dynamic Renewable Availability,2000,25,GA,541.7400000000094,1805.8000000000077,1.0,0.0,0.5794357,3909.6716853848484,0.049776599975302815
Dynamic Renewable Availability,2000,25,Classical,469.08000000000874,2885.199999999984,0.7965,0.20350000000000001,0.5054994,1627.2703178943566,0.07659050001529977
Dynamic Renewable Availability,2000,25,Proposed Quantum-Inspired,441.36000000000314,3769.599999999997,0.8385,0.16149999999999998,0.43149095,121.6539662320962,0.11925799999153242
Dynamic Renewable Availability,2000,26,FCFS,439.46500000000367,3847.899999999994,0.8375,0.16249999999999998,0.42605600000000005,25.495097567963924,0.02672069997061044
Dynamic Renewable Availability,2000,26,Round Robin,439.46500000000367,3847.899999999994,0.8375,0.16249999999999998,0.42605600000000005,25.495097567963924,0.028213099983986467
Dynamic Renewable Availability,2000,26,Min-Min,361.1199999999998,3611.20000000001,0.518,0.482,0.47718489999999997,3909.238672682956,0.03251679998356849
Dynamic Renewable Availability,2000,26,Max-Min,541.6800000000094,1805.600000000005,1.0,0.0,0.5794357,3909.238672682956,0.028517300030216575
Dynamic Renewable Availability,2000,26,GA,541.6800000000094,1805.600000000005,1.0,0.0,0.5794357,3909.238672682956,0.049851000017952174
Dynamic Renewable Availability,2000,26,Classical,437.4600000000063,3219.7999999999956,0.729,0.271,0.48908395,1366.882767467642,0.0673259999603033
Dynamic Renewable Availability,2000,26,Proposed Quantum-Inspired,440.22000000000327,3832.999999999991,0.8365,0.16349999999999998,0.4244135,9.72111104761179,0.10881170001812279
Dynamic Renewable Availability,2000,27,FCFS,434.0150000000033,3805.8999999999974,0.8355,0.16449999999999998,0.42605600000000005,49.31721301939111,0.028325899969786406
Dynamic Renewable Availability,2000,27,Round Robin,434.0150000000033,3805.8999999999974,0.8355,0.16449999999999998,0.42605600000000005,49.31721301939111,0.02679939998779446
Dynamic Renewable Availability,2000,27,Min-Min,356.03999999999985,3560.4000000000137,0.5035,0.49650000000000005,0.47718489999999997,3854.246059542644,0.02907210000557825
Dynamic Renewable Availability,2000,27,Max-Min,534.0600000000101,1780.2000000000069,1.0,0.0,0.5794357,3854.246059542644,0.07475229998817667
Dynamic Renewable Availability,2000,27,GA,534.0600000000101,1780.2000000000069,1.0,0.0,0.5794357,3854.246059542644,0.04866780003067106
Dynamic Renewable Availability,2000,27,Classical,457.88000000000835,2889.999999999982,0.782,0.21799999999999997,0.5033051000000001,1528.6201907275724,0.07055609999224544
Dynamic Renewable Availability,2000,27,Proposed Quantum-Inspired,430.12000000000336,3786.199999999997,0.8245,0.1755,0.42893955000000006,150.44164150925766,0.11404719995334744
Dynamic Renewable Availability,2000,28,FCFS,428.2350000000036,3733.4999999999964,0.844,0.15600000000000003,0.42605600000000005,24.097458372201828,0.027598800021223724
Dynamic Renewable Availability,2000,28,Round Robin,428.2350000000036,3733.4999999999964,0.844,0.15600000000000003,0.42605600000000005,24.097458372201828,0.027821799973025918
Dynamic Renewable Availability,2000,28,Min-Min,350.9999999999998,3510.000000000015,0.523,0.477,0.4771849,3799.6864591042245,0.0348119999980554
Dynamic Renewable Availability,2000,28,Max-Min,526.5000000000108,1755.0000000000075,1.0,0.0,0.5794357,3799.6864591042245,0.030530699994415045
Dynamic Renewable Availability,2000,28,GA,526.5000000000108,1755.0000000000075,1.0,0.0,0.5794357,3799.6864591042245,0.061838599969632924
Dynamic Renewable Availability,2000,28,Classical,401.29000000000303,3368.000000000006,0.6725,0.3275,0.47358684999999995,1719.934210224333,0.07320869999239221
Dynamic Renewable Availability,2000,28,Proposed Quantum-Inspired,425.9150000000033,3753.1000000000017,0.832,0.16800000000000004,0.425541,77.75401918872105,0.11290199996437877
Dynamic Renewable Availability,2000,29,FCFS,440.9800000000029,3844.4000000000005,0.843,0.15700000000000003,0.42605600000000005,42.55290824373817,0.029801899974700063
Dynamic Renewable Availability,2000,29,Round Robin,440.9800000000029,3844.4000000000005,0.843,0.15700000000000003,0.42605600000000005,42.55290824373817,0.026592699985485524
Dynamic Renewable Availability,2000,29,Min-Min,361.199999999999,3612.0000000000114,0.5165,0.48350000000000004,0.47718489999999997,3910.1046980867404,0.030449400015641004
Dynamic Renewable Availability,2000,29,Max-Min,541.8000000000098,1806.0000000000057,1.0,0.0,0.5794357,3910.1046980867404,0.03062640002463013
Dynamic Renewable Availability,2000,29,GA,541.8000000000098,1806.0000000000057,1.0,0.0,0.5794357,3910.1046980867404,0.050394699967000633
Dynamic Renewable Availability,2000,29,Classical,458.4350000000073,2978.4999999999905,0.7755,0.22450000000000003,0.4999875,1502.665881026118,0.07359069999074563
Dynamic Renewable Availability,2000,29,Proposed Quantum-Inspired,440.53000000000304,3814.3999999999905,0.8455,0.15449999999999997,0.42756684999999994,70.45033711771718,0.11008830001810566
Dynamic Cost,50,0,FCFS,12.002499999999996,79.69999999999999,0.82,0.18000000000000005,0.619,8.98262211161084,0.0027171999681741
Dynamic Cost,50,0,Round Robin,12.002499999999996,79.69999999999999,0.82,0.18000000000000005,0.619,8.98262211161084,0.0007386999786831439
Dynamic Cost,50,0,Min-Min,9.28,77.19999999999999,0.42,0.5800000000000001,0.7000000000000002,83.57145146519834,0.0007125999545678496
Dynamic Cost,50,0,Max-Min,13.799999999999994,38.599999999999994,1.0,0.0,0.85,83.57145146519834,0.0006772999768145382
Dynamic Cost,50,0,GA,14.399999999999995,38.599999999999994,1.0,0.0,0.85,83.57145146519834,0.0012986999936401844
Dynamic Cost,50,0,Classical,14.399999999999995,38.599999999999994,1.0,0.0,0.85,83.57145146519834,0.0017582000000402331
Dynamic Cost,50,0,Proposed Quantum-Inspired,11.692500000000003,75.39999999999998,0.86,0.14,0.6549999999999998,12.376893794486563,0.0030394000350497663
Dynamic Cost,50,1,FCFS,12.702499999999997,88.90000000000002,0.8,0.19999999999999996,0.619,5.385164807134504,0.0006776999798603356
Dynamic Cost,50,1,Round Robin,12.702499999999997,88.90000000000002,0.8,0.19999999999999996,0.619,5.385164807134504,0.0006720999954268336
Dynamic Cost,50,1,Min-Min,10.059999999999999,83.19999999999997,0.56,0.43999999999999995,0.7000000000000002,90.06664199358161,0.0006986000225879252
Dynamic Cost,50,1,Max-Min,14.969999999999995,41.59999999999999,1.0,0.0,0.85,90.06664199358161,0.0006794000510126352
Dynamic Cost,50,1,GA,15.389999999999995,41.59999999999999,1.0,0.0,0.85,90.06664199358161,0.0015262000379152596
Dynamic Cost,50,1,Classical,15.389999999999995,41.59999999999999,1.0,0.0,0.85,90.06664199358161,0.0016547999694012105
Dynamic Cost,50,1,Proposed Quantum-Inspired,12.602500000000001,83.09999999999998,0.8,0.19999999999999996,0.64,10.319883720275147,0.002467599988449365
Dynamic Cost,50,2,FCFS,13.789999999999996,101.39999999999998,0.84,0.16000000000000003,0.619,4.656984002549289,0.0006122000049799681
Dynamic Cost,50,2,Round Robin,13.789999999999996,101.39999999999998,0.84,0.16000000000000003,0.619,4.656984002549289,0.0005776999751105905
Dynamic Cost,50,2,Min-Min,11.499999999999996,94.00000000000003,0.56,0.43999999999999995,0.7000000000000002,101.75798494467153,0.0008879999513737857
Dynamic Cost,50,2,Max-Min,17.13,47.000000000000014,1.0,0.0,0.85,101.75798494467153,0.0008975000237114727
Dynamic Cost,50,2,GA,16.799999999999997,47.000000000000014,1.0,0.0,0.85,101.75798494467153,0.0012107999646104872
Dynamic Cost,50,2,Classical,16.799999999999997,47.000000000000014,1.0,0.0,0.85,101.75798494467153,0.0015493999817408621
Dynamic Cost,50,2,Proposed Quantum-Inspired,13.789999999999997,90.59999999999998,0.84,0.16000000000000003,0.6459999999999999,17.09349291397168,0.0025562000228092074
Dynamic Cost,50,3,FCFS,12.544999999999998,94.10000000000001,0.8,0.19999999999999996,0.619,2.277608394786075,0.0006176999886520207
Dynamic Cost,50,3,Round Robin,12.544999999999998,94.10000000000001,0.8,0.19999999999999996,0.619,2.277608394786075,0.0006056000129319727
Dynamic Cost,50,3,Min-Min,10.859999999999998,88.39999999999998,0.48,0.52,0.7000000000000002,95.69580711818047,0.0006477999850176275
Dynamic Cost,50,3,Max-Min,16.169999999999998,44.19999999999999,1.0,0.0,0.85,95.69580711818047,0.0006328999879769981
Dynamic Cost,50,3,GA,15.509999999999998,44.19999999999999,1.0,0.0,0.85,95.69580711818047,0.0010803000186569989
Dynamic Cost,50,3,Classical,15.219999999999999,46.999999999999986,0.94,0.06000000000000005,0.841,87.79913154467987,0.0016712999786250293
Dynamic Cost,50,3,Proposed Quantum-Inspired,12.969999999999995,85.50000000000003,0.92,0.07999999999999996,0.6460000000000001,23.54118731075389,0.0027838999521918595
Dynamic Cost,50,4,FCFS,12.237499999999999,89.70000000000002,0.8,0.19999999999999996,0.619,5.244044240850758,0.0006753000197932124
Dynamic Cost,50,4,Round Robin,12.237499999999999,89.70000000000002,0.8,0.19999999999999996,0.619,5.244044240850758,0.0006047000060789287
Dynamic Cost,50,4,Min-Min,10.060000000000002,83.2,0.48,0.52,0.7000000000000002,90.06664199358161,0.0006780999829061329
Dynamic Cost,50,4,Max-Min,14.969999999999999,41.6,1.0,0.0,0.85,90.06664199358161,0.0006366000161506236
Dynamic Cost,50,4,GA,15.210000000000003,41.6,1.0,0.0,0.85,90.06664199358161,0.0011051000328734517
Dynamic Cost,50,4,Classical,15.050000000000002,43.2,0.98,0.020000000000000018,0.847,85.5102333057278,0.0016064000083133578
Dynamic Cost,50,4,Proposed Quantum-Inspired,11.987499999999994,92.90000000000002,0.86,0.14,0.598,26.095976701399778,0.0024311000015586615
Dynamic Cost,50,5,FCFS,13.557500000000001,95.19999999999999,0.82,0.18000000000000005,0.619,3.766629793329841,0.0005991000216454268
Dynamic Cost,50,5,Round Robin,13.557500000000001,95.19999999999999,0.82,0.18000000000000005,0.619,3.766629793329841,0.0005745000089518726
Dynamic Cost,50,5,Min-Min,10.94,90.00000000000004,0.54,0.45999999999999996,0.7000000000000002,97.42785792574935,0.0006411000504158437
Dynamic Cost,50,5,Max-Min,16.319999999999997,45.00000000000002,1.0,0.0,0.85,97.42785792574935,0.0006238999776542187
Dynamic Cost,50,5,GA,16.62,45.00000000000002,1.0,0.0,0.85,97.42785792574935,0.0011941000120714307
Dynamic Cost,50,5,Classical,16.34,47.00000000000002,0.96,0.040000000000000036,0.8440000000000001,91.74523148371254,0.001504399988334626
Dynamic Cost,50,5,Proposed Quantum-Inspired,13.0775,94.3,0.84,0.16000000000000003,0.6489999999999999,20.191272867256288,0.002413800044450909
Dynamic Cost,50,6,FCFS,12.497499999999993,92.1,0.76,0.24,0.619,4.602988159880492,0.0005995999672450125
Dynamic Cost,50,6,Round Robin,12.497499999999993,92.1,0.76,0.24,0.619,4.602988159880492,0.0007394999847747386
Dynamic Cost,50,6,Min-Min,10.28,85.19999999999997,0.38,0.62,0.7000000000000002,92.23170550304272,0.0006810000049881637
Dynamic Cost,50,6,Max-Min,15.299999999999994,42.59999999999999,1.0,0.0,0.85,92.23170550304272,0.0006376999663189054
Dynamic Cost,50,6,GA,15.299999999999999,42.59999999999999,1.0,0.0,0.85,92.23170550304272,0.0011059000389650464
Dynamic Cost,50,6,Classical,14.979999999999999,45.59999999999998,0.94,0.06000000000000005,0.841,83.79551002291232,0.0015302000101655722
Dynamic Cost,50,6,Proposed Quantum-Inspired,12.882499999999999,85.29999999999998,0.76,0.24,0.643,20.327014045353536,0.002749399980530143
Dynamic Cost,50,7,FCFS,12.809999999999999,93.2,0.76,0.24,0.619,3.191786333700926,0.0006126000080257654
Dynamic Cost,50,7,Round Robin,12.809999999999999,93.2,0.76,0.24,0.619,3.191786333700926,0.0005762000218965113
Dynamic Cost,50,7,Min-Min,10.460000000000003,85.99999999999997,0.48,0.52,0.7000000000000002,93.09773090682715,0.0006408000481314957
Dynamic Cost,50,7,Max-Min,15.59999999999999,42.999999999999986,1.0,0.0,0.85,93.09773090682715,0.0006411999929696321
Dynamic Cost,50,7,GA,15.870000000000003,42.999999999999986,1.0,0.0,0.85,93.09773090682715,0.0010819999733939767
Dynamic Cost,50,7,Classical,15.750000000000002,44.19999999999998,0.94,0.06000000000000005,0.841,89.66709262600187,0.0019398000440560281
Dynamic Cost,50,7,Proposed Quantum-Inspired,12.945,93.70000000000002,0.82,0.18000000000000005,0.616,16.269219403523945,0.0030695999739691615
Dynamic Cost,50,8,FCFS,13.402499999999998,98.99999999999997,0.82,0.18000000000000005,0.619,6.609652033201143,0.0006905000191181898
Dynamic Cost,50,8,Round Robin,13.402499999999998,98.99999999999997,0.82,0.18000000000000005,0.619,6.609652033201143,0.0006359000108204782
Dynamic Cost,50,8,Min-Min,11.080000000000002,91.6,0.4,0.6,0.7000000000000002,99.15990873331822,0.0007015999872237444
Dynamic Cost,50,8,Max-Min,16.500000000000004,45.8,1.0,0.0,0.85,99.15990873331822,0.0006720999954268336
Dynamic Cost,50,8,GA,16.380000000000003,45.8,1.0,0.0,0.85,99.15990873331822,0.001297699986025691
Dynamic Cost,50,8,Classical,15.860000000000001,50.199999999999996,0.94,0.06000000000000005,0.841,86.92345770849201,0.0016866999794729054
Dynamic Cost,50,8,Proposed Quantum-Inspired,13.094999999999995,95.10000000000001,0.78,0.21999999999999997,0.6249999999999999,7.495832175282475,0.0029510000022128224
Dynamic Cost,50,9,FCFS,14.01,100.89999999999999,0.84,0.16000000000000003,0.619,6.5383484153110105,0.0006501000025309622
Dynamic Cost,50,9,Round Robin,14.01,100.89999999999999,0.84,0.16000000000000003,0.619,6.5383484153110105,0.0006114999996498227
Dynamic Cost,50,9,Min-Min,11.659999999999995,95.20000000000005,0.7,0.30000000000000004,0.7000000000000002,103.05702305034819,0.000671899993903935
Dynamic Cost,50,9,Max-Min,17.369999999999997,47.60000000000002,1.0,0.0,0.85,103.05702305034819,0.0006472999812103808
Dynamic Cost,50,9,GA,17.369999999999994,47.60000000000002,1.0,0.0,0.85,103.05702305034819,0.001068200042936951
Dynamic Cost,50,9,Classical,16.959999999999997,50.80000000000001,0.92,0.07999999999999996,0.8380000000000001,94.04653103650341,0.00152009999146685
Dynamic Cost,50,9,Proposed Quantum-Inspired,13.7725,107.10000000000002,0.88,0.12,0.61,11.863810517704673,0.0033632999984547496
Dynamic Cost,50,10,FCFS,14.232499999999998,103.99999999999999,0.8,0.19999999999999996,0.619,7.980444849756184,0.0006729000015184283
Dynamic Cost,50,10,Round Robin,14.232499999999998,103.99999999999999,0.8,0.19999999999999996,0.619,7.980444849756184,0.0006118000019341707
Dynamic Cost,50,10,Min-Min,11.760000000000002,97.20000000000005,0.52,0.48,0.7000000000000002,105.2220865598093,0.0006745999562554061
Dynamic Cost,50,10,Max-Min,17.52,48.60000000000002,1.0,0.0,0.85,105.2220865598093,0.0006673000170849264
Dynamic Cost,50,10,GA,17.339999999999996,48.60000000000002,1.0,0.0,0.85,105.2220865598093,0.0011189999640919268
Dynamic Cost,50,10,Classical,17.089999999999996,50.80000000000002,0.94,0.06000000000000005,0.841,98.97316555511398,0.0014968999894335866
Dynamic Cost,50,10,Proposed Quantum-Inspired,13.889999999999997,99.59999999999998,0.76,0.24,0.6580000000000001,14.13108276106258,0.0029085000278428197
Dynamic Cost,50,11,FCFS,13.6275,92.5,0.86,0.14,0.619,8.870597499605086,0.0008992999792098999
Dynamic Cost,50,11,Round Robin,13.6275,92.5,0.86,0.14,0.619,8.870597499605086,0.0006355000077746809
Dynamic Cost,50,11,Min-Min,10.859999999999994,89.20000000000003,0.54,0.45999999999999996,0.7000000000000002,96.5618325219649,0.000678399985190481
Dynamic Cost,50,11,Max-Min,16.2,44.600000000000016,1.0,0.0,0.85,96.5618325219649,0.0006683999672532082
Dynamic Cost,50,11,GA,16.709999999999997,44.600000000000016,1.0,0.0,0.85,96.5618325219649,0.0011864000116474926
Dynamic Cost,50,11,Classical,16.63,45.40000000000002,0.98,0.020000000000000018,0.847,94.26657679156489,0.001936199958436191
Dynamic Cost,50,11,Proposed Quantum-Inspired,13.747499999999999,93.70000000000003,0.8,0.19999999999999996,0.643,7.013380069552769,0.0026887000421993434
Dynamic Cost,50,12,FCFS,13.162499999999996,95.39999999999998,0.92,0.07999999999999996,0.619,2.5860201081971503,0.0006549000390805304
Dynamic Cost,50,12,Round Robin,13.162499999999996,95.39999999999998,0.92,0.07999999999999996,0.619,2.5860201081971503,0.0009854999952949584
Dynamic Cost,50,12,Min-Min,10.68,88.39999999999999,0.52,0.48,0.7000000000000002,95.69580711818047,0.0007535999757237732
Dynamic Cost,50,12,Max-Min,15.929999999999989,44.199999999999996,1.0,0.0,0.85,95.69580711818047,0.0006864999886602163
Dynamic Cost,50,12,GA,16.199999999999996,44.199999999999996,1.0,0.0,0.85,95.69580711818047,0.0011193000245839357
Dynamic Cost,50,12,Classical,16.119999999999997,45.0,0.98,0.020000000000000018,0.847,93.40068254568592,0.0015050999936647713
Dynamic Cost,50,12,Proposed Quantum-Inspired,13.199999999999992,93.60000000000002,0.82,0.18000000000000005,0.634,4.548351349665063,0.0026507999864406884
Dynamic Cost,50,13,FCFS,13.555,99.6,0.82,0.18000000000000005,0.619,4.949747468305833,0.0006995999719947577
Dynamic Cost,50,13,Round Robin,13.555,99.6,0.82,0.18000000000000005,0.619,4.949747468305833,0.0006665000109933317
Dynamic Cost,50,13,Min-Min,11.199999999999998,91.20000000000002,0.54,0.45999999999999996,0.7000000000000002,98.72689603142601,0.0010061000357382
Dynamic Cost,50,13,Max-Min,16.650000000000002,45.60000000000001,1.0,0.0,0.85,98.72689603142601,0.0007593000191263855
Dynamic Cost,50,13,GA,16.8,45.60000000000001,1.0,0.0,0.85,98.72689603142601,0.001128199975937605
Dynamic Cost,50,13,Classical,16.6,47.6,0.94,0.06000000000000005,0.841,93.04300081145277,0.0015515999984927475
Dynamic Cost,50,13,Proposed Quantum-Inspired,13.809999999999995,91.80000000000003,0.9,0.09999999999999998,0.643,11.683321445547923,0.0025526999961584806
Dynamic Cost,50,14,FCFS,12.792499999999993,92.60000000000005,0.88,0.12,0.619,4.527692569068709,0.0006059000152163208
Dynamic Cost,50,14,Round Robin,12.792499999999993,92.60000000000005,0.88,0.12,0.619,4.527692569068709,0.0005791000439785421
Dynamic Cost,50,14,Min-Min,10.479999999999995,86.4,0.5,0.5,0.7000000000000002,93.53074360871938,0.0006399999838322401
Dynamic Cost,50,14,Max-Min,15.569999999999997,43.2,1.0,0.0,0.85,93.53074360871938,0.0006465999758802354
Dynamic Cost,50,14,GA,15.660000000000002,43.2,1.0,0.0,0.85,93.53074360871938,0.0012168000102974474
Dynamic Cost,50,14,Classical,15.3,46.800000000000004,0.94,0.06000000000000005,0.8410000000000001,83.46256645946133,0.0015495999832637608
Dynamic Cost,50,14,Proposed Quantum-Inspired,13.097499999999998,88.20000000000002,0.82,0.18000000000000005,0.655,10.173494974687902,0.0028340000426396728
Dynamic Cost,50,15,FCFS,12.384999999999998,86.7,0.8,0.19999999999999996,0.619,6.726812023536855,0.0006627999828197062
Dynamic Cost,50,15,Round Robin,12.384999999999998,86.7,0.8,0.19999999999999996,0.619,6.726812023536855,0.0006955999997444451
Dynamic Cost,50,15,Min-Min,9.959999999999996,82.4,0.44,0.56,0.7000000000000002,89.20061658979718,0.0006824999582022429
Dynamic Cost,50,15,Max-Min,14.79,41.2,1.0,0.0,0.85,89.20061658979718,0.0008294000290334225
Dynamic Cost,50,15,GA,15.210000000000003,41.2,1.0,0.0,0.85,89.20061658979718,0.0012170000118203461
Dynamic Cost,50,15,Classical,15.05,42.8,0.96,0.040000000000000036,0.8440000000000001,84.64484626957508,0.0018616999732330441
Dynamic Cost,50,15,Proposed Quantum-Inspired,12.675,81.30000000000003,0.88,0.12,0.631,12.093386622447824,0.0027400999679230154
Dynamic Cost,50,16,FCFS,12.310000000000004,92.10000000000001,0.88,0.12,0.619,6.06217782649107,0.0006498000002466142
Dynamic Cost,50,16,Round Robin,12.310000000000004,92.10000000000001,0.88,0.12,0.619,6.06217782649107,0.0006127000087872148
Dynamic Cost,50,16,Min-Min,10.22,83.99999999999999,0.46,0.54,0.7000000000000002,90.93266739736606,0.0006809000042267144
Dynamic Cost,50,16,Max-Min,15.269999999999996,41.99999999999999,1.0,0.0,0.85,90.93266739736606,0.0006376999663189054
Dynamic Cost,50,16,GA,15.24,41.99999999999999,1.0,0.0,0.85,90.93266739736606,0.0010733999661169946
Dynamic Cost,50,16,Classical,15.059999999999999,43.8,0.96,0.040000000000000036,0.8440000000000001,85.81520844232682,0.001510299975052476
Dynamic Cost,50,16,Proposed Quantum-Inspired,12.209999999999996,88.00000000000001,0.76,0.24,0.6219999999999999,11.84271928232701,0.003308699990157038
Dynamic Cost,50,17,FCFS,13.8225,99.1,0.78,0.21999999999999997,0.619,6.179603547154137,0.0007045000093057752
Dynamic Cost,50,17,Round Robin,13.8225,99.1,0.78,0.21999999999999997,0.619,6.179603547154137,0.0006252999883145094
Dynamic Cost,50,17,Min-Min,11.360000000000003,93.19999999999999,0.46,0.54,0.7000000000000002,100.8919595408871,0.000686099985614419
Dynamic Cost,50,17,Max-Min,16.949999999999992,46.599999999999994,1.0,0.0,0.85,100.8919595408871,0.000658300006762147
Dynamic Cost,50,17,GA,16.919999999999995,46.599999999999994,1.0,0.0,0.85,100.8919595408871,0.001096900028642267
Dynamic Cost,50,17,Classical,16.589999999999996,48.8,0.96,0.040000000000000036,0.8440000000000001,94.64770203232618,0.0019709999905899167
Dynamic Cost,50,17,Proposed Quantum-Inspired,13.395,105.69999999999997,0.86,0.14,0.592,21.533404282648853,0.00266689999261871
Dynamic Cost,50,18,FCFS,12.942499999999994,96.5,0.84,0.16000000000000003,0.619,5.11737237261468,0.0006560000474564731
Dynamic Cost,50,18,Round Robin,12.942499999999994,96.5,0.84,0.16000000000000003,0.619,5.11737237261468,0.000611299998126924
Dynamic Cost,50,18,Min-Min,10.700000000000001,88.39999999999999,0.64,0.36,0.7000000000000002,95.69580711818047,0.0006649999995715916
Dynamic Cost,50,18,Max-Min,15.959999999999996,44.199999999999996,1.0,0.0,0.85,95.69580711818047,0.0006682000239379704
Dynamic Cost,50,18,GA,16.109999999999996,44.199999999999996,1.0,0.0,0.85,95.69580711818047,0.0011217999854125082
Dynamic Cost,50,18,Classical,15.969999999999995,45.599999999999994,0.98,0.020000000000000018,0.847,91.69889584940486,0.001519199984613806
Dynamic Cost,50,18,Proposed Quantum-Inspired,13.334999999999997,91.49999999999997,0.86,0.14,0.64,9.12071817347735,0.0027146999491378665
Dynamic Cost,50,19,FCFS,14.147499999999996,104.4,0.8,0.19999999999999996,0.619,5.673402858955108,0.000653300026897341
Dynamic Cost,50,19,Round Robin,14.147499999999996,104.4,0.8,0.19999999999999996,0.619,5.673402858955108,0.0006309000309556723
Dynamic Cost,50,19,Min-Min,11.840000000000002,97.20000000000005,0.44,0.56,0.7000000000000002,105.2220865598093,0.0006646999972872436
Dynamic Cost,50,19,Max-Min,17.639999999999993,48.60000000000002,1.0,0.0,0.85,105.2220865598093,0.0006748999585397542
Dynamic Cost,50,19,GA,17.58,48.60000000000002,1.0,0.0,0.85,105.2220865598093,0.0010996999917551875
Dynamic Cost,50,19,Classical,17.429999999999996,49.800000000000026,0.96,0.040000000000000036,0.8440000000000001,101.78746239100374,0.0015127999940887094
Dynamic Cost,50,19,Proposed Quantum-Inspired,14.497499999999997,104.89999999999998,0.86,0.14,0.622,11.712706775122479,0.0024304999969899654
Dynamic Cost,50,20,FCFS,13.352499999999994,96.2,0.88,0.12,0.619,4.387482193696061,0.0006222000229172409
Dynamic Cost,50,20,Round Robin,13.352499999999994,96.2,0.88,0.12,0.619,4.387482193696061,0.0009429999627172947
Dynamic Cost,50,20,Min-Min,11.079999999999997,90.40000000000002,0.48,0.52,0.7000000000000002,97.86087062764156,0.0007676999666728079
Dynamic Cost,50,20,Max-Min,16.53,45.20000000000001,1.0,0.0,0.85,97.86087062764156,0.000666900014039129
Dynamic Cost,50,20,GA,16.259999999999994,45.20000000000001,1.0,0.0,0.85,97.86087062764156,0.0010922999936155975
Dynamic Cost,50,20,Classical,16.019999999999996,47.6,0.96,0.040000000000000036,0.8440000000000001,91.06453755441797,0.0015611000126227736
Dynamic Cost,50,20,Proposed Quantum-Inspired,13.2275,85.99999999999999,0.86,0.14,0.67,20.838665984174707,0.003106999967712909
Dynamic Cost,50,21,FCFS,12.139999999999999,93.00000000000001,0.8,0.19999999999999996,0.619,15.514106484100203,0.0006775000365450978
Dynamic Cost,50,21,Round Robin,12.139999999999999,93.00000000000001,0.8,0.19999999999999996,0.619,15.514106484100203,0.0006385999731719494
Dynamic Cost,50,21,Min-Min,9.719999999999999,81.20000000000002,0.5,0.5,0.7000000000000002,87.90157848412052,0.0007070000283420086
Dynamic Cost,50,21,Max-Min,14.459999999999994,40.60000000000001,1.0,0.0,0.85,87.90157848412052,0.0008930999902077019
Dynamic Cost,50,21,GA,14.94,40.60000000000001,1.0,0.0,0.85,87.90157848412052,0.0012651000288315117
Dynamic Cost,50,21,Classical,14.749999999999998,42.2,0.94,0.06000000000000005,0.841,83.34679058008173,0.0015997000155039132
Dynamic Cost,50,21,Proposed Quantum-Inspired,12.782499999999997,77.5,0.86,0.14,0.655,18.619546181365433,0.002587100025266409
Dynamic Cost,50,22,FCFS,11.062499999999998,81.29999999999998,0.82,0.18000000000000005,0.619,8.874119674649425,0.0006333999917842448
Dynamic Cost,50,22,Round Robin,11.062499999999998,81.29999999999998,0.82,0.18000000000000005,0.619,8.874119674649425,0.0007813999545760453
Dynamic Cost,50,22,Min-Min,8.920000000000003,74.4,0.44,0.56,0.7000000000000002,80.5403625519528,0.0006760000251233578
Dynamic Cost,50,22,Max-Min,13.319999999999995,37.2,1.0,0.0,0.85,80.5403625519528,0.000651500013191253
Dynamic Cost,50,22,GA,13.53,37.2,1.0,0.0,0.85,80.5403625519528,0.001337599998805672
Dynamic Cost,50,22,Classical,13.45,38.0,0.98,0.020000000000000018,0.847,78.24800316941001,0.0017855999758467078
Dynamic Cost,50,22,Proposed Quantum-Inspired,10.967499999999996,78.3,0.76,0.24,0.643,2.29128784747792,0.0026080000097863376
Dynamic Cost,50,23,FCFS,14.785,106.30000000000003,0.82,0.18000000000000005,0.619,9.604686356149273,0.0006397999823093414
Dynamic Cost,50,23,Round Robin,14.785,106.30000000000003,0.82,0.18000000000000005,0.619,9.604686356149273,0.0006335999933071434
Dynamic Cost,50,23,Min-Min,11.96,98.40000000000002,0.48,0.52,0.7000000000000002,106.52112466548596,0.0006752999615855515
Dynamic Cost,50,23,Max-Min,17.879999999999995,49.20000000000001,1.0,0.0,0.85,106.52112466548596,0.0007572000031359494
Dynamic Cost,50,23,GA,18.06,49.20000000000001,1.0,0.0,0.85,106.52112466548596,0.0012123999767936766
Dynamic Cost,50,23,Classical,17.9,50.80000000000001,0.98,0.020000000000000018,0.847,101.9546467798305,0.0015827000024728477
Dynamic Cost,50,23,Proposed Quantum-Inspired,15.294999999999998,99.39999999999998,0.86,0.14,0.649,16.740669042783207,0.0025260000256821513
Dynamic Cost,50,24,FCFS,12.454999999999997,88.20000000000002,0.9,0.09999999999999998,0.619,6.87386354243376,0.0006057000136934221
Dynamic Cost,50,24,Round Robin,12.454999999999997,88.20000000000002,0.9,0.09999999999999998,0.619,6.87386354243376,0.0005806999979540706
Dynamic Cost,50,24,Min-Min,10.14,83.99999999999997,0.54,0.45999999999999996,0.7000000000000002,90.93266739736606,0.0010351999662816525
Dynamic Cost,50,24,Max-Min,15.08999999999999,41.999999999999986,1.0,0.0,0.85,90.93266739736606,0.0008215999696403742
Dynamic Cost,50,24,GA,15.119999999999996,41.999999999999986,1.0,0.0,0.85,90.93266739736606,0.0011165000032633543
Dynamic Cost,50,24,Classical,14.999999999999996,42.79999999999999,0.98,0.020000000000000018,0.847,88.6383100019399,0.001507100008893758
Dynamic Cost,50,24,Proposed Quantum-Inspired,12.807499999999996,79.4,0.86,0.14,0.6669999999999999,18.282505298782223,0.0024500999716110528
Dynamic Cost,50,25,FCFS,14.174999999999999,101.6,0.84,0.16000000000000003,0.619,4.6097722286464435,0.0006049000076018274
Dynamic Cost,50,25,Round Robin,14.174999999999999,101.6,0.84,0.16000000000000003,0.619,4.6097722286464435,0.0005862999823875725
Dynamic Cost,50,25,Min-Min,11.399999999999999,93.60000000000004,0.54,0.45999999999999996,0.7000000000000002,101.32497224277932,0.000639400037471205
Dynamic Cost,50,25,Max-Min,17.00999999999999,46.80000000000002,1.0,0.0,0.85,101.32497224277932,0.0006457000272348523
Dynamic Cost,50,25,GA,17.339999999999996,46.80000000000002,1.0,0.0,0.85,101.32497224277932,0.001088300021365285
Dynamic Cost,50,25,Classical,17.27,47.40000000000001,0.96,0.040000000000000036,0.8440000000000001,99.60045180620418,0.0018826999585144222
Dynamic Cost,50,25,Proposed Quantum-Inspired,14.41,84.9,0.78,0.21999999999999997,0.6820000000000002,25.22399651125888,0.002669899957254529
Dynamic Cost,50,26,FCFS,14.059999999999999,102.6,0.84,0.16000000000000003,0.619,10.894379284750462,0.0006315999780781567
Dynamic Cost,50,26,Round Robin,14.059999999999999,102.6,0.84,0.16000000000000003,0.619,10.894379284750462,0.0007640999974682927
Dynamic Cost,50,26,Min-Min,11.580000000000005,94.80000000000001,0.64,0.36,0.7000000000000002,102.62401034845598,0.0007876000017859042
Dynamic Cost,50,26,Max-Min,17.279999999999994,47.400000000000006,1.0,0.0,0.85,102.62401034845598,0.000708600040525198
Dynamic Cost,50,26,GA,17.340000000000003,47.400000000000006,1.0,0.0,0.85,102.62401034845598,0.001165499968919903
Dynamic Cost,50,26,Classical,16.92,51.6,0.92,0.07999999999999996,0.8380000000000001,90.90482660453183,0.001581899996381253
Dynamic Cost,50,26,Proposed Quantum-Inspired,13.620000000000001,100.99999999999999,0.84,0.16000000000000003,0.631,15.400892831261439,0.002817499975208193
Dynamic Cost,50,27,FCFS,14.4925,106.19999999999997,0.8,0.19999999999999996,0.619,6.224949798994366,0.0008513000211678445
Dynamic Cost,50,27,Round Robin,14.4925,106.19999999999997,0.8,0.19999999999999996,0.619,6.224949798994366,0.0006356000085361302
Dynamic Cost,50,27,Min-Min,11.799999999999999,96.80000000000003,0.42,0.5800000000000001,0.7000000000000002,104.78907385791707,0.0007668000180274248
Dynamic Cost,50,27,Max-Min,17.579999999999995,48.40000000000001,1.0,0.0,0.85,104.78907385791707,0.0008249999955296516
Dynamic Cost,50,27,GA,18.029999999999998,48.40000000000001,1.0,0.0,0.85,104.78907385791707,0.0011505999718792737
Dynamic Cost,50,27,Classical,17.369999999999997,53.600000000000016,0.9,0.09999999999999998,0.8350000000000002,90.4032632154393,0.0015102000324986875
Dynamic Cost,50,27,Proposed Quantum-Inspired,14.8,104.2,0.84,0.16000000000000003,0.607,12.093386622447824,0.0028938999748788774
Dynamic Cost,50,28,FCFS,11.942500000000003,84.89999999999999,0.82,0.18000000000000005,0.619,2.0615528128088303,0.000715100031811744
Dynamic Cost,50,28,Round Robin,11.942500000000003,84.89999999999999,0.82,0.18000000000000005,0.619,2.0615528128088303,0.0006423000013455749
Dynamic Cost,50,28,Min-Min,9.799999999999999,80.80000000000003,0.58,0.42000000000000004,0.7000000000000002,87.4685657822283,0.0006863000453449786
Dynamic Cost,50,28,Max-Min,14.58,40.40000000000001,1.0,0.0,0.85,87.4685657822283,0.0006702999817207456
Dynamic Cost,50,28,GA,14.670000000000002,40.40000000000001,1.0,0.0,0.85,87.4685657822283,0.0011847999994643033
Dynamic Cost,50,28,Classical,14.670000000000002,40.40000000000001,1.0,0.0,0.85,87.4685657822283,0.0017900000093504786
Dynamic Cost,50,28,Proposed Quantum-Inspired,11.524999999999999,82.90000000000002,0.82,0.18000000000000005,0.6550000000000001,21.880356487041066,0.002570000011473894
Dynamic Cost,50,29,FCFS,14.860000000000001,106.0,0.84,0.16000000000000003,0.619,6.299801584177076,0.0006477999850176275
Dynamic Cost,50,29,Round Robin,14.860000000000001,106.0,0.84,0.16000000000000003,0.619,6.299801584177076,0.0006133000133559108
Dynamic Cost,50,29,Min-Min,12.16,99.60000000000004,0.6,0.4,0.7000000000000002,107.82016277116261,0.0007910000276751816
Dynamic Cost,50,29,Max-Min,18.179999999999993,49.80000000000002,1.0,0.0,0.85,107.82016277116261,0.0006961000035516918
Dynamic Cost,50,29,GA,18.210000000000004,49.80000000000002,1.0,0.0,0.85,107.82016277116261,0.0015001000137999654
Dynamic Cost,50,29,Classical,18.060000000000006,51.00000000000002,0.96,0.040000000000000036,0.8440000000000001,104.38480492868682,0.0017623999738134444
Dynamic Cost,50,29,Proposed Quantum-Inspired,15.052500000000002,104.1,0.84,0.16000000000000003,0.64,15.896147331979533,0.0026510999887250364
Dynamic Cost,100,0,FCFS,23.6175,168.29999999999993,0.81,0.18999999999999995,0.6249999999999999,6.057020719792859,0.0012237000046297908
Dynamic Cost,100,0,Round Robin,23.6175,168.29999999999993,0.81,0.18999999999999995,0.6249999999999999,6.057020719792859,0.001290299987886101
Dynamic Cost,100,0,Min-Min,18.939999999999998,158.8,0.46,0.54,0.7000000000000002,171.90604265121107,0.0013619999517686665
Dynamic Cost,100,0,Max-Min,28.319999999999986,79.4,1.0,0.0,0.8499999999999995,171.90604265121107,0.0012476000119931996
Dynamic Cost,100,0,GA,28.97999999999998,79.4,1.0,0.0,0.8499999999999995,171.90604265121107,0.0021564000053331256
Dynamic Cost,100,0,Classical,26.934999999999974,98.10000000000004,0.86,0.14,0.8124999999999997,124.15187272047088,0.00295880000339821
Dynamic Cost,100,0,Proposed Quantum-Inspired,23.319999999999993,164.19999999999993,0.84,0.16000000000000003,0.6295000000000001,21.833174299675253,0.006025300011970103
Dynamic Cost,100,1,FCFS,27.337499999999984,197.50000000000003,0.81,0.18999999999999995,0.6249999999999999,2.598076211353316,0.0012561999610625207
Dynamic Cost,100,1,Round Robin,27.337499999999984,197.50000000000003,0.81,0.18999999999999995,0.6249999999999999,2.598076211353316,0.0012044000322930515
Dynamic Cost,100,1,Min-Min,22.25999999999999,184.79999999999998,0.54,0.45999999999999996,0.7000000000000002,200.05186827420533,0.001556800038088113
Dynamic Cost,100,1,Max-Min,33.29999999999999,92.39999999999999,1.0,0.0,0.8499999999999995,200.05186827420533,0.0012660999782383442
Dynamic Cost,100,1,GA,33.65999999999998,92.39999999999999,1.0,0.0,0.8499999999999995,200.05186827420533,0.002144699974451214
Dynamic Cost,100,1,Classical,31.077499999999993,117.79999999999997,0.88,0.12,0.8064999999999998,137.20331628645133,0.002943500003311783
Dynamic Cost,100,1,Proposed Quantum-Inspired,26.8425,194.79999999999993,0.83,0.17000000000000004,0.6204999999999999,30.890937182286976,0.0064483999740332365
Dynamic Cost,100,2,FCFS,26.58000000000001,190.2999999999999,0.79,0.20999999999999996,0.6249999999999999,4.69041575982343,0.0012802000273950398
Dynamic Cost,100,2,Round Robin,26.58000000000001,190.2999999999999,0.79,0.20999999999999996,0.6249999999999999,4.69041575982343,0.0013797000283375382
Dynamic Cost,100,2,Min-Min,21.859999999999978,180.80000000000007,0.5,0.5,0.7000000000000002,195.72174125528312,0.001283199992030859
Dynamic Cost,100,2,Max-Min,32.69999999999998,90.40000000000003,1.0,0.0,0.8499999999999995,195.72174125528312,0.0012685999972745776
Dynamic Cost,100,2,GA,32.78999999999998,90.40000000000003,1.0,0.0,0.8499999999999995,195.72174125528312,0.0021306000417098403
Dynamic Cost,100,2,Classical,29.659999999999975,120.00000000000006,0.86,0.14,0.8049999999999998,124.39855304624729,0.004033499979414046
Dynamic Cost,100,2,Proposed Quantum-Inspired,26.897500000000008,181.89999999999995,0.83,0.17000000000000004,0.6295,17.277152543170995,0.005496400000993162
Dynamic Cost,100,3,FCFS,27.3025,189.20000000000005,0.81,0.18999999999999995,0.6249999999999999,9.54921462739214,0.0019776999833993614
Dynamic Cost,100,3,Round Robin,27.3025,189.20000000000005,0.81,0.18999999999999995,0.6249999999999999,9.54921462739214,0.001510599977336824
Dynamic Cost,100,3,Min-Min,22.099999999999987,182.0,0.52,0.48,0.7000000000000002,197.02077936095978,0.0015219000051729381
Dynamic Cost,100,3,Max-Min,33.06000000000001,91.0,1.0,0.0,0.8499999999999995,197.02077936095978,0.0014722999767400324
Dynamic Cost,100,3,GA,33.66,91.0,1.0,0.0,0.8499999999999995,197.02077936095978,0.0032549999887123704
Dynamic Cost,100,3,Classical,30.38999999999999,119.39999999999999,0.86,0.14,0.8035,128.15688627615762,0.0034707000013440847
Dynamic Cost,100,3,Proposed Quantum-Inspired,28.39000000000001,174.29999999999998,0.89,0.10999999999999999,0.6459999999999999,40.28259549731124,0.0055525999632664025
Dynamic Cost,100,4,FCFS,27.127500000000012,196.2,0.81,0.18999999999999995,0.6249999999999999,9.41740410091868,0.0013294999953359365
Dynamic Cost,100,4,Round Robin,27.127500000000012,196.2,0.81,0.18999999999999995,0.6249999999999999,9.41740410091868,0.0013474999577738345
Dynamic Cost,100,4,Min-Min,22.259999999999994,183.60000000000005,0.51,0.49,0.7000000000000002,198.75283016852867,0.001884699973743409
Dynamic Cost,100,4,Max-Min,33.3,91.80000000000003,1.0,0.0,0.8499999999999995,198.75283016852867,0.0023017999483272433
Dynamic Cost,100,4,GA,33.62999999999998,91.80000000000003,1.0,0.0,0.8499999999999995,198.75283016852867,0.0024665999808348715
Dynamic Cost,100,4,Classical,30.109999999999992,124.60000000000007,0.88,0.12,0.7989999999999999,122.37110565815772,0.0033632999984547496
Dynamic Cost,100,4,Proposed Quantum-Inspired,27.04000000000001,195.7,0.89,0.10999999999999999,0.6204999999999999,16.768646337734005,0.005764400004409254
Dynamic Cost,100,5,FCFS,27.952500000000008,196.59999999999997,0.84,0.16000000000000003,0.6249999999999999,10.985786271359915,0.0014693000121042132
Dynamic Cost,100,5,Round Robin,27.952500000000008,196.59999999999997,0.84,0.16000000000000003,0.6249999999999999,10.985786271359915,0.0020611999789252877
Dynamic Cost,100,5,Min-Min,23.139999999999993,190.80000000000013,0.53,0.47,0.7000000000000002,206.54705880258862,0.0015486999764107168
Dynamic Cost,100,5,Max-Min,34.59000000000001,95.40000000000006,1.0,0.0,0.8499999999999995,206.54705880258862,0.0015185000374913216
Dynamic Cost,100,5,GA,34.25999999999999,95.40000000000006,1.0,0.0,0.8499999999999995,206.54705880258862,0.0026458000065758824
Dynamic Cost,100,5,Classical,30.714999999999986,129.90000000000003,0.82,0.18000000000000005,0.7944999999999999,125.68487379155854,0.003742199973203242
Dynamic Cost,100,5,Proposed Quantum-Inspired,27.96,194.99999999999997,0.89,0.10999999999999999,0.6489999999999999,21.878928218722233,0.006266399985179305
Dynamic Cost,100,6,FCFS,24.71,184.29999999999998,0.8,0.19999999999999996,0.6249999999999999,11.366067921669305,0.0016138000064529479
Dynamic Cost,100,6,Round Robin,24.71,184.29999999999998,0.8,0.19999999999999996,0.6249999999999999,11.366067921669305,0.0016410999814979732
Dynamic Cost,100,6,Min-Min,20.339999999999993,169.20000000000007,0.48,0.52,0.7000000000000002,183.16437290040878,0.0016540999640710652
Dynamic Cost,100,6,Max-Min,30.389999999999983,84.60000000000004,1.0,0.0,0.8499999999999995,183.16437290040878,0.00196749996393919
Dynamic Cost,100,6,GA,30.419999999999984,84.60000000000004,1.0,0.0,0.8499999999999995,183.16437290040878,0.002826599986292422
Dynamic Cost,100,6,Classical,27.959999999999983,106.40000000000002,0.87,0.13,0.8094999999999998,128.20369534455705,0.0035408000112511218
Dynamic Cost,100,6,Proposed Quantum-Inspired,25.022499999999997,173.90000000000003,0.84,0.16000000000000003,0.6309999999999999,29.38005275693017,0.00740220001898706
Dynamic Cost,100,7,FCFS,24.702499999999997,178.09999999999994,0.8,0.19999999999999996,0.6249999999999999,6.96419413859206,0.0015878999838605523
Dynamic Cost,100,7,Round Robin,24.702499999999997,178.09999999999994,0.8,0.19999999999999996,0.6249999999999999,6.96419413859206,0.0014891999890096486
Dynamic Cost,100,7,Min-Min,20.499999999999993,169.60000000000002,0.49,0.51,0.7000000000000002,183.597385602301,0.0015704999677836895
Dynamic Cost,100,7,Max-Min,30.659999999999975,84.80000000000001,1.0,0.0,0.8499999999999995,183.597385602301,0.0014675999991595745
Dynamic Cost,100,7,GA,30.239999999999984,84.80000000000001,1.0,0.0,0.8499999999999995,183.597385602301,0.003153700032271445
Dynamic Cost,100,7,Classical,28.009999999999977,105.80000000000001,0.87,0.13,0.8109999999999998,130.23248442688944,0.0038164000143297017
Dynamic Cost,100,7,Proposed Quantum-Inspired,24.749999999999996,182.50000000000006,0.81,0.18999999999999995,0.6190000000000001,22.9237867726953,0.00593079999089241
Dynamic Cost,100,8,FCFS,26.77499999999999,198.60000000000002,0.8,0.19999999999999996,0.6249999999999999,7.842193570679061,0.001572699984535575
Dynamic Cost,100,8,Round Robin,26.77499999999999,198.60000000000002,0.8,0.19999999999999996,0.6249999999999999,7.842193570679061,0.001505599997472018
Dynamic Cost,100,8,Min-Min,22.219999999999988,184.00000000000003,0.41,0.5900000000000001,0.7000000000000002,199.18584287042088,0.0015874000382609665
Dynamic Cost,100,8,Max-Min,33.24,92.00000000000001,1.0,0.0,0.8499999999999995,199.18584287042088,0.002221299975644797
Dynamic Cost,100,8,GA,32.90999999999999,92.00000000000001,1.0,0.0,0.8499999999999995,199.18584287042088,0.0024332000175490975
Dynamic Cost,100,8,Classical,29.54249999999998,123.30000000000004,0.8,0.19999999999999996,0.8064999999999999,124.63747430046871,0.0034227000433020294
Dynamic Cost,100,8,Proposed Quantum-Inspired,26.222499999999993,196.3000000000001,0.8,0.19999999999999996,0.619,15.795568998931314,0.006761500029824674
Dynamic Cost,100,9,FCFS,25.932500000000008,188.39999999999995,0.83,0.17000000000000004,0.6249999999999999,9.730750228014282,0.0018517000135034323
Dynamic Cost,100,9,Round Robin,25.932500000000008,188.39999999999995,0.83,0.17000000000000004,0.6249999999999999,9.730750228014282,0.0016632000333629549
Dynamic Cost,100,9,Min-Min,21.639999999999983,179.60000000000014,0.62,0.38,0.7000000000000002,194.42270314960646,0.0014798999764025211
Dynamic Cost,100,9,Max-Min,32.31,89.80000000000007,1.0,0.0,0.8499999999999995,194.42270314960646,0.001435199985280633
Dynamic Cost,100,9,GA,32.03999999999999,89.80000000000007,1.0,0.0,0.8499999999999995,194.42270314960646,0.002993999980390072
Dynamic Cost,100,9,Classical,29.347499999999986,114.10000000000001,0.88,0.12,0.8019999999999999,133.7168183139279,0.00416040001437068
Dynamic Cost,100,9,Proposed Quantum-Inspired,26.062500000000007,200.30000000000007,0.85,0.15000000000000002,0.6115,17.75352077758099,0.007220799976494163
Dynamic Cost,100,10,FCFS,28.372500000000013,197.99999999999991,0.79,0.20999999999999996,0.6249999999999999,9.33742469849155,0.0016976000042632222
Dynamic Cost,100,10,Round Robin,28.372500000000013,197.99999999999991,0.79,0.20999999999999996,0.6249999999999999,9.33742469849155,0.0016391000244766474
Dynamic Cost,100,10,Min-Min,22.83999999999999,189.2000000000001,0.52,0.48,0.7000000000000002,204.81500799501973,0.0018847000319510698
Dynamic Cost,100,10,Max-Min,34.14000000000001,94.60000000000005,1.0,0.0,0.8499999999999995,204.81500799501973,0.0020453999750316143
Dynamic Cost,100,10,GA,34.649999999999984,94.60000000000005,1.0,0.0,0.8499999999999995,204.81500799501973,0.00297949998639524
Dynamic Cost,100,10,Classical,30.96499999999999,128.30000000000004,0.84,0.16000000000000003,0.7899999999999998,125.00274996975067,0.005161000008229166
Dynamic Cost,100,10,Proposed Quantum-Inspired,27.7775,197.0999999999999,0.79,0.20999999999999996,0.6415000000000001,18.833148966649205,0.00785399996675551
Dynamic Cost,100,11,FCFS,24.917499999999993,181.09999999999997,0.82,0.18000000000000005,0.6249999999999999,6.684870978560469,0.0014745999942533672
Dynamic Cost,100,11,Round Robin,24.917499999999993,181.09999999999997,0.82,0.18000000000000005,0.6249999999999999,6.684870978560469,0.0013924000086262822
Dynamic Cost,100,11,Min-Min,20.699999999999978,172.39999999999995,0.49,0.51,0.7000000000000002,186.62847451554651,0.00224609998986125
Dynamic Cost,100,11,Max-Min,30.959999999999994,86.19999999999997,1.0,0.0,0.8499999999999995,186.62847451554651,0.0017229999648407102
Dynamic Cost,100,11,GA,30.749999999999982,86.19999999999997,1.0,0.0,0.8499999999999995,186.62847451554651,0.002765200042631477
Dynamic Cost,100,11,Classical,28.009999999999994,111.40000000000005,0.82,0.18000000000000005,0.8004999999999997,124.64825510210723,0.005123100010678172
Dynamic Cost,100,11,Proposed Quantum-Inspired,24.93000000000002,179.39999999999995,0.79,0.20999999999999996,0.6415,10.280442597476044,0.006680699996650219
Dynamic Cost,100,12,FCFS,26.859999999999996,201.89999999999992,0.86,0.14,0.6249999999999999,9.974968671630002,0.001268099993467331
Dynamic Cost,100,12,Round Robin,26.859999999999996,201.89999999999992,0.86,0.14,0.6249999999999999,9.974968671630002,0.0012180000194348395
Dynamic Cost,100,12,Min-Min,22.399999999999984,185.6,0.51,0.49,0.7000000000000002,200.91789367798975,0.0018280000076629221
Dynamic Cost,100,12,Max-Min,33.50999999999999,92.8,1.0,0.0,0.8499999999999995,200.91789367798975,0.0027639000327326357
Dynamic Cost,100,12,GA,33.389999999999986,92.8,1.0,0.0,0.8499999999999995,200.91789367798975,0.0028187999851070344
Dynamic Cost,100,12,Classical,30.00999999999998,124.00000000000004,0.84,0.16000000000000003,0.7989999999999999,127.0255879734473,0.004448100051376969
Dynamic Cost,100,12,Proposed Quantum-Inspired,27.2125,191.8,0.83,0.17000000000000004,0.6339999999999999,18.774983355518586,0.005840700003318489
Dynamic Cost,100,13,FCFS,26.854999999999997,200.09999999999997,0.81,0.18999999999999995,0.6249999999999999,6.87386354243376,0.0029777000308968127
Dynamic Cost,100,13,Round Robin,26.854999999999997,200.09999999999997,0.81,0.18999999999999995,0.6249999999999999,6.87386354243376,0.0017520000110380352
Dynamic Cost,100,13,Min-Min,22.49999999999999,184.80000000000007,0.52,0.48,0.7000000000000002,200.05186827420533,0.0013047000393271446
Dynamic Cost,100,13,Max-Min,33.66,92.40000000000003,1.0,0.0,0.8499999999999995,200.05186827420533,0.0012544000055640936
Dynamic Cost,100,13,GA,33.149999999999984,92.40000000000003,1.0,0.0,0.8499999999999995,200.05186827420533,0.002936999953817576
Dynamic Cost,100,13,Classical,29.944999999999975,122.90000000000002,0.83,0.17000000000000004,0.7974999999999998,126.9655465077042,0.0031454000272788107
Dynamic Cost,100,13,Proposed Quantum-Inspired,26.825,191.99999999999994,0.88,0.12,0.6325,19.30673457630782,0.0060273000271990895
Dynamic Cost,100,14,FCFS,26.297500000000017,182.20000000000002,0.86,0.14,0.6249999999999999,10.173494974687902,0.0013644000282511115
Dynamic Cost,100,14,Round Robin,26.297500000000017,182.20000000000002,0.86,0.14,0.6249999999999999,10.173494974687902,0.0013945000246167183
Dynamic Cost,100,14,Min-Min,21.13999999999999,176.0,0.51,0.49,0.7000000000000002,190.5255888325765,0.0021647000103257596
Dynamic Cost,100,14,Max-Min,31.61999999999999,88.0,1.0,0.0,0.8499999999999995,190.5255888325765,0.0017205000040121377
Dynamic Cost,100,14,GA,32.129999999999995,88.0,1.0,0.0,0.8499999999999995,190.5255888325765,0.003378499997779727
Dynamic Cost,100,14,Classical,29.284999999999997,114.90000000000008,0.85,0.15000000000000002,0.8004999999999999,124.86592809890135,0.004913400043733418
Dynamic Cost,100,14,Proposed Quantum-Inspired,26.8125,179.20000000000005,0.82,0.18000000000000005,0.6444999999999999,18.81488772222678,0.007299099990632385
Dynamic Cost,100,15,FCFS,25.402500000000003,185.09999999999994,0.83,0.17000000000000004,0.6249999999999999,1.4142135623730951,0.001494400028605014
Dynamic Cost,100,15,Round Robin,25.402500000000003,185.09999999999994,0.83,0.17000000000000004,0.6249999999999999,1.4142135623730951,0.002246399992145598
Dynamic Cost,100,15,Min-Min,21.039999999999992,174.39999999999995,0.46,0.54,0.7000000000000002,188.79353802500762,0.003252199967391789
Dynamic Cost,100,15,Max-Min,31.469999999999995,87.19999999999997,1.0,0.0,0.8499999999999995,188.79353802500762,0.0014603000017814338
Dynamic Cost,100,15,GA,31.349999999999998,87.19999999999997,1.0,0.0,0.8499999999999995,188.79353802500762,0.002436600043438375
Dynamic Cost,100,15,Classical,28.67999999999999,111.80000000000004,0.83,0.17000000000000004,0.8034999999999998,127.81823031164217,0.004307299968786538
Dynamic Cost,100,15,Proposed Quantum-Inspired,25.45999999999999,180.8,0.87,0.13,0.6295000000000001,16.38596960817394,0.0063399000209756196
Dynamic Cost,100,16,FCFS,26.09249999999999,188.10000000000005,0.82,0.18000000000000005,0.6249999999999999,4.636809247747852,0.0014902999973855913
Dynamic Cost,100,16,Round Robin,26.09249999999999,188.10000000000005,0.82,0.18000000000000005,0.6249999999999999,4.636809247747852,0.0011675000423565507
Dynamic Cost,100,16,Min-Min,21.219999999999985,176.0,0.42,0.5800000000000001,0.7000000000000002,190.5255888325765,0.001727399998344481
Dynamic Cost,100,16,Max-Min,31.739999999999988,88.0,1.0,0.0,0.8499999999999995,190.5255888325765,0.002668700006324798
Dynamic Cost,100,16,GA,32.36999999999998,88.0,1.0,0.0,0.8499999999999995,190.5255888325765,0.002909799979534
Dynamic Cost,100,16,Classical,29.744999999999987,112.70000000000002,0.82,0.18000000000000005,0.8049999999999997,129.24588968319264,0.0038100999663583934
Dynamic Cost,100,16,Proposed Quantum-Inspired,26.240000000000002,179.70000000000005,0.78,0.21999999999999997,0.631,14.317821063276353,0.008988000045064837
Dynamic Cost,100,17,FCFS,26.81750000000001,191.5,0.84,0.16000000000000003,0.6249999999999999,8.347903928532,0.0014714999706484377
Dynamic Cost,100,17,Round Robin,26.81750000000001,191.5,0.84,0.16000000000000003,0.6249999999999999,8.347903928532,0.001431400014553219
Dynamic Cost,100,17,Min-Min,22.05999999999999,182.79999999999998,0.48,0.52,0.7000000000000002,197.88680476474423,0.0025547000113874674
Dynamic Cost,100,17,Max-Min,32.99999999999999,91.39999999999999,1.0,0.0,0.8499999999999995,197.88680476474423,0.001393799961078912
Dynamic Cost,100,17,GA,32.84999999999999,91.39999999999999,1.0,0.0,0.8499999999999995,197.88680476474423,0.0028504999936558306
Dynamic Cost,100,17,Classical,29.549999999999983,122.2,0.8,0.19999999999999996,0.8005,125.23253371229059,0.004518400004599243
Dynamic Cost,100,17,Proposed Quantum-Inspired,26.577499999999986,198.99999999999994,0.86,0.14,0.6175,23.370654676324325,0.00693690002663061
Dynamic Cost,100,18,FCFS,26.379999999999992,194.99999999999997,0.86,0.14,0.6249999999999999,8.584142356694699,0.002674399991519749
Dynamic Cost,100,18,Round Robin,26.379999999999992,194.99999999999997,0.86,0.14,0.6249999999999999,8.584142356694699,0.0014298000023700297
Dynamic Cost,100,18,Min-Min,21.75999999999998,180.4,0.6,0.4,0.7000000000000002,195.2887285533909,0.0014708000235259533
Dynamic Cost,100,18,Max-Min,32.54999999999999,90.2,1.0,0.0,0.8499999999999995,195.2887285533909,0.0013174000196158886
Dynamic Cost,100,18,GA,32.78999999999998,90.2,1.0,0.0,0.8499999999999995,195.2887285533909,0.0028119999915361404
Dynamic Cost,100,18,Classical,30.184999999999974,115.50000000000004,0.9,0.09999999999999998,0.8065000000000001,132.5431533501448,0.0033069999772123992
Dynamic Cost,100,18,Proposed Quantum-Inspired,27.35749999999999,187.29999999999984,0.88,0.12,0.6355,31.751968442917047,0.006122999999206513
Dynamic Cost,100,19,FCFS,25.310000000000006,190.29999999999995,0.81,0.18999999999999995,0.6249999999999999,13.96424004376894,0.0016126999980770051
Dynamic Cost,100,19,Round Robin,25.310000000000006,190.29999999999995,0.81,0.18999999999999995,0.6249999999999999,13.96424004376894,0.0015625999658368528
Dynamic Cost,100,19,Min-Min,21.239999999999988,176.00000000000009,0.5,0.5,0.7000000000000002,190.5255888325765,0.0017779000336304307
Dynamic Cost,100,19,Max-Min,31.769999999999985,88.00000000000004,1.0,0.0,0.8499999999999995,190.5255888325765,0.001339700014796108
Dynamic Cost,100,19,GA,31.739999999999977,88.00000000000004,1.0,0.0,0.8499999999999995,190.5255888325765,0.002245199983008206
Dynamic Cost,100,19,Classical,29.124999999999982,113.30000000000003,0.84,0.16000000000000003,0.7944999999999999,128.14249880504127,0.00298099999781698
Dynamic Cost,100,19,Proposed Quantum-Inspired,26.084999999999997,187.99999999999991,0.88,0.12,0.6235,17.507141400011598,0.0049075999995693564
Dynamic Cost,100,20,FCFS,27.64,201.59999999999997,0.81,0.18999999999999995,0.6249999999999999,5.931905258852336,0.0012120000319555402
Dynamic Cost,100,20,Round Robin,27.64,201.59999999999997,0.81,0.18999999999999995,0.6249999999999999,5.931905258852336,0.0012023000163026154
Dynamic Cost,100,20,Min-Min,22.939999999999976,188.40000000000012,0.42,0.5800000000000001,0.7000000000000002,203.9489825912353,0.0012798999669030309
Dynamic Cost,100,20,Max-Min,34.31999999999999,94.20000000000006,1.0,0.0,0.8499999999999995,203.9489825912353,0.0015292000025510788
Dynamic Cost,100,20,GA,33.989999999999974,94.20000000000006,1.0,0.0,0.8499999999999995,203.9489825912353,0.0021553999977186322
Dynamic Cost,100,20,Classical,30.33999999999998,129.80000000000004,0.77,0.22999999999999998,0.7944999999999999,120.73188269881324,0.0032906000269576907
Dynamic Cost,100,20,Proposed Quantum-Inspired,27.32000000000001,193.7999999999999,0.83,0.17000000000000004,0.6415000000000001,21.1704392963396,0.005382100003771484
Dynamic Cost,100,21,FCFS,26.360000000000003,192.3,0.81,0.18999999999999995,0.6249999999999999,11.96609794377432,0.0012876999680884182
Dynamic Cost,100,21,Round Robin,26.360000000000003,192.3,0.81,0.18999999999999995,0.6249999999999999,11.96609794377432,0.001214000047184527
Dynamic Cost,100,21,Min-Min,21.41999999999998,178.00000000000014,0.56,0.43999999999999995,0.7000000000000002,192.6906523420376,0.0013048999826423824
Dynamic Cost,100,21,Max-Min,31.979999999999997,89.00000000000007,1.0,0.0,0.8499999999999995,192.6906523420376,0.0012682999949902296
Dynamic Cost,100,21,GA,32.24999999999999,89.00000000000007,1.0,0.0,0.8499999999999995,192.6906523420376,0.002170500054489821
Dynamic Cost,100,21,Classical,29.139999999999983,118.2,0.87,0.13,0.8034999999999998,122.64863431771265,0.0029912000172771513
Dynamic Cost,100,21,Proposed Quantum-Inspired,26.234999999999992,182.8,0.88,0.12,0.6385000000000001,13.06474263045392,0.007239600003231317
Dynamic Cost,100,22,FCFS,24.77750000000001,181.69999999999996,0.85,0.15000000000000002,0.6249999999999999,15.2540978100968,0.002193799999076873
Dynamic Cost,100,22,Round Robin,24.77750000000001,181.69999999999996,0.85,0.15000000000000002,0.6249999999999999,15.2540978100968,0.001974400016479194
Dynamic Cost,100,22,Min-Min,20.099999999999994,168.40000000000006,0.49,0.51,0.7000000000000002,182.29834749662433,0.0021351000177673995
Dynamic Cost,100,22,Max-Min,30.089999999999996,84.20000000000003,1.0,0.0,0.8499999999999995,182.29834749662433,0.0020667000208050013
Dynamic Cost,100,22,GA,30.359999999999985,84.20000000000003,1.0,0.0,0.8499999999999995,182.29834749662433,0.003633700020145625
Dynamic Cost,100,22,Classical,27.959999999999997,107.00000000000001,0.87,0.13,0.8109999999999999,125.43399658784695,0.0049708999576978385
Dynamic Cost,100,22,Proposed Quantum-Inspired,24.835,171.40000000000006,0.79,0.20999999999999996,0.643,12.735285626950029,0.008032199984882027
Dynamic Cost,100,23,FCFS,25.8425,188.2,0.83,0.17000000000000004,0.6249999999999999,12.193748398257199,0.0019164999830536544
Dynamic Cost,100,23,Round Robin,25.8425,188.2,0.83,0.17000000000000004,0.6249999999999999,12.193748398257199,0.0017835000180639327
Dynamic Cost,100,23,Min-Min,21.15999999999999,176.39999999999995,0.53,0.47,0.7000000000000002,190.95860153446873,0.0019766000332310796
Dynamic Cost,100,23,Max-Min,31.649999999999995,88.19999999999997,1.0,0.0,0.8499999999999995,190.95860153446873,0.0019291999633423984
Dynamic Cost,100,23,GA,31.499999999999986,88.19999999999997,1.0,0.0,0.8499999999999995,190.95860153446873,0.003264400002080947
Dynamic Cost,100,23,Classical,28.94499999999999,113.90000000000003,0.87,0.13,0.8034999999999998,127.64085356969375,0.004716099996585399
Dynamic Cost,100,23,Proposed Quantum-Inspired,26.207499999999996,175.1999999999999,0.9,0.09999999999999998,0.6459999999999999,21.775846711436962,0.00805100001161918
Dynamic Cost,100,24,FCFS,26.482499999999987,192.60000000000014,0.88,0.12,0.6249999999999999,8.926785535678562,0.0017989000189118087
Dynamic Cost,100,24,Round Robin,26.482499999999987,192.60000000000014,0.88,0.12,0.6249999999999999,8.926785535678562,0.0016317000263370574
Dynamic Cost,100,24,Min-Min,21.899999999999988,181.2,0.57,0.43000000000000005,0.7000000000000002,196.15475395717536,0.0016814999980852008
Dynamic Cost,100,24,Max-Min,32.75999999999999,90.6,1.0,0.0,0.8499999999999995,196.15475395717536,0.0016764000174589455
Dynamic Cost,100,24,GA,32.66999999999998,90.6,1.0,0.0,0.8499999999999995,196.15475395717536,0.002553400001488626
Dynamic Cost,100,24,Classical,29.62499999999997,119.69999999999999,0.85,0.15000000000000002,0.8019999999999999,125.83595471883226,0.004087999986950308
Dynamic Cost,100,24,Proposed Quantum-Inspired,27.064999999999984,179.39999999999998,0.88,0.12,0.6535,23.466731770743024,0.005669299978762865
Dynamic Cost,100,25,FCFS,26.602499999999992,192.5,0.83,0.17000000000000004,0.6249999999999999,4.031128874149275,0.0012173000141046941
Dynamic Cost,100,25,Round Robin,26.602499999999992,192.5,0.83,0.17000000000000004,0.6249999999999999,4.031128874149275,0.001171700016129762
Dynamic Cost,100,25,Min-Min,21.83999999999999,180.00000000000009,0.54,0.45999999999999996,0.7000000000000002,194.8557158514987,0.0012655999744310975
Dynamic Cost,100,25,Max-Min,32.66999999999997,90.00000000000004,1.0,0.0,0.8499999999999995,194.8557158514987,0.0012727999710477889
Dynamic Cost,100,25,GA,32.66999999999999,90.00000000000004,1.0,0.0,0.8499999999999995,194.8557158514987,0.0021567000076174736
Dynamic Cost,100,25,Classical,29.659999999999986,117.20000000000007,0.84,0.16000000000000003,0.7974999999999999,128.29945440258115,0.003002000041306019
Dynamic Cost,100,25,Proposed Quantum-Inspired,26.599999999999998,177.39999999999998,0.8,0.19999999999999996,0.652,29.778347838656195,0.004885299946181476
Dynamic Cost,100,26,FCFS,26.787499999999994,192.29999999999995,0.83,0.17000000000000004,0.6249999999999999,7.292976072907411,0.0011971999774686992
Dynamic Cost,100,26,Round Robin,26.787499999999994,192.29999999999995,0.83,0.17000000000000004,0.6249999999999999,7.292976072907411,0.0013021000195294619
Dynamic Cost,100,26,Min-Min,21.81999999999999,181.19999999999993,0.58,0.42000000000000004,0.7000000000000002,196.15475395717536,0.0012753999908454716
Dynamic Cost,100,26,Max-Min,32.639999999999986,90.59999999999997,1.0,0.0,0.8499999999999995,196.15475395717536,0.001264300022739917
Dynamic Cost,100,26,GA,32.999999999999986,90.59999999999997,1.0,0.0,0.8499999999999995,196.15475395717536,0.0021607999806292355
Dynamic Cost,100,26,Classical,29.68999999999999,118.39999999999999,0.83,0.17000000000000004,0.7989999999999998,128.7038752330325,0.0029994999640621245
Dynamic Cost,100,26,Proposed Quantum-Inspired,26.424999999999983,192.29999999999993,0.79,0.20999999999999996,0.6265,18.046814123273947,0.00488630001200363
Dynamic Cost,100,27,FCFS,26.355000000000004,197.00000000000006,0.81,0.18999999999999995,0.6249999999999999,6.684870978560469,0.0011961999698542058
Dynamic Cost,100,27,Round Robin,26.355000000000004,197.00000000000006,0.81,0.18999999999999995,0.6249999999999999,6.684870978560469,0.0011533000506460667
Dynamic Cost,100,27,Min-Min,21.999999999999993,182.00000000000009,0.42,0.5800000000000001,0.7000000000000002,197.02077936095978,0.0012746999855153263
Dynamic Cost,100,27,Max-Min,32.90999999999999,91.00000000000004,1.0,0.0,0.8499999999999995,197.02077936095978,0.0012667999835684896
Dynamic Cost,100,27,GA,32.66999999999999,91.00000000000004,1.0,0.0,0.8499999999999995,197.02077936095978,0.002137300034519285
Dynamic Cost,100,27,Classical,29.344999999999988,119.5,0.79,0.20999999999999996,0.8035,128.34791583816232,0.0029523999546654522
Dynamic Cost,100,27,Proposed Quantum-Inspired,26.1625,199.40000000000003,0.81,0.18999999999999995,0.6144999999999999,18.73999733191016,0.0048547000042162836
Dynamic Cost,100,28,FCFS,24.225,168.89999999999998,0.85,0.15000000000000002,0.6249999999999999,7.794228634059948,0.0012082999455742538
Dynamic Cost,100,28,Round Robin,24.225,168.89999999999998,0.85,0.15000000000000002,0.6249999999999999,7.794228634059948,0.001362500013783574
Dynamic Cost,100,28,Min-Min,19.259999999999987,160.8,0.55,0.44999999999999996,0.7000000000000002,174.07110616067217,0.0014301999472081661
Dynamic Cost,100,28,Max-Min,28.769999999999996,80.4,1.0,0.0,0.8499999999999995,174.07110616067217,0.0013598999939858913
Dynamic Cost,100,28,GA,29.39999999999998,80.4,1.0,0.0,0.8499999999999995,174.07110616067217,0.002189700026065111
Dynamic Cost,100,28,Classical,27.679999999999986,95.80000000000001,0.9,0.09999999999999998,0.8169999999999996,133.37259838512557,0.003089199948590249
Dynamic Cost,100,28,Proposed Quantum-Inspired,23.66,166.20000000000005,0.85,0.15000000000000002,0.6415,13.518505834595775,0.004788700025528669
Dynamic Cost,100,29,FCFS,27.612499999999997,200.49999999999994,0.86,0.14,0.6249999999999999,11.519006033508273,0.0014244000194594264
Dynamic Cost,100,29,Round Robin,27.612499999999997,200.49999999999994,0.86,0.14,0.6249999999999999,11.519006033508273,0.0013156000059098005
Dynamic Cost,100,29,Min-Min,22.75999999999999,187.60000000000002,0.6,0.4,0.7000000000000002,203.08295718745086,0.0013373999972827733
Dynamic Cost,100,29,Max-Min,34.04999999999999,93.80000000000001,1.0,0.0,0.8499999999999995,203.08295718745086,0.001282599987462163
Dynamic Cost,100,29,GA,34.079999999999984,93.80000000000001,1.0,0.0,0.8499999999999995,203.08295718745086,0.0024150999961420894
Dynamic Cost,100,29,Classical,30.60999999999999,125.20000000000007,0.84,0.16000000000000003,0.7929999999999998,128.8630571575888,0.003184199973475188
Dynamic Cost,100,29,Proposed Quantum-Inspired,28.479999999999997,188.19999999999993,0.88,0.12,0.6474999999999999,31.63364506344471,0.0049989999970421195
Dynamic Cost,250,0,FCFS,66.00750000000004,473.30000000000007,0.832,0.16800000000000004,0.6237999999999999,8.774964387392123,0.002870999975129962
Dynamic Cost,250,0,Round Robin,66.00750000000004,473.30000000000007,0.832,0.16800000000000004,0.6237999999999999,8.774964387392123,0.0032423000084236264
Dynamic Cost,250,0,Min-Min,53.939999999999955,447.99999999999994,0.496,0.504,0.7,484.9742261192856,0.0035530999884940684
Dynamic Cost,250,0,Max-Min,80.82000000000014,223.99999999999997,1.0,0.0,0.8499999999999998,484.9742261192856,0.003340099996421486
Dynamic Cost,250,0,GA,80.79000000000006,223.99999999999997,1.0,0.0,0.8499999999999998,484.9742261192856,0.005617999995592982
Dynamic Cost,250,0,Classical,62.91749999999999,420.1,0.696,0.30400000000000005,0.7005999999999999,153.6635936062931,0.0075205999892205
Dynamic Cost,250,0,Proposed Quantum-Inspired,64.76500000000001,485.4999999999999,0.836,0.16400000000000003,0.6088000000000001,32.53459696999488,0.01217870000982657
Dynamic Cost,250,1,FCFS,62.76000000000002,460.3999999999998,0.792,0.20799999999999996,0.6237999999999999,17.76759691123141,0.0029621999710798264
Dynamic Cost,250,1,Round Robin,62.76000000000002,460.3999999999998,0.792,0.20799999999999996,0.6237999999999999,17.76759691123141,0.002905000001192093
Dynamic Cost,250,1,Min-Min,51.71999999999997,430.7999999999997,0.492,0.508,0.7,466.3546799379202,0.0033745000255294144
Dynamic Cost,250,1,Max-Min,77.46000000000012,215.39999999999986,1.0,0.0,0.8499999999999998,466.3546799379202,0.0031269000028260052
Dynamic Cost,250,1,GA,77.43000000000009,215.39999999999986,1.0,0.0,0.8499999999999998,466.3546799379202,0.0054212999530136585
Dynamic Cost,250,1,Classical,60.59249999999999,389.3999999999999,0.64,0.36,0.703,168.9014135524034,0.008103600004687905
Dynamic Cost,250,1,Proposed Quantum-Inspired,61.28000000000001,457.29999999999984,0.788,0.21199999999999997,0.6232000000000001,58.3839661208452,0.012343799986410886
Dynamic Cost,250,2,FCFS,66.28500000000001,477.09999999999997,0.804,0.19599999999999995,0.6237999999999999,9.256754290786809,0.0044501000083982944
Dynamic Cost,250,2,Round Robin,66.28500000000001,477.09999999999997,0.804,0.19599999999999995,0.6237999999999999,9.256754290786809,0.0032768999808467925
Dynamic Cost,250,2,Min-Min,54.359999999999964,450.7999999999999,0.5,0.5,0.7,488.0053150325312,0.0035946000134572387
Dynamic Cost,250,2,Max-Min,81.45000000000023,225.39999999999995,1.0,0.0,0.8499999999999998,488.0053150325312,0.0037475000135600567
Dynamic Cost,250,2,GA,81.72000000000021,225.39999999999995,1.0,0.0,0.8499999999999998,488.0053150325312,0.006264700030442327
Dynamic Cost,250,2,Classical,63.66499999999997,424.0,0.696,0.30400000000000005,0.6945999999999999,151.15616924227737,0.007776400016155094
Dynamic Cost,250,2,Proposed Quantum-Inspired,66.35499999999999,471.5999999999996,0.812,0.18799999999999994,0.622,26.479945241635225,0.012945400027092546
Dynamic Cost,250,3,FCFS,64.74000000000004,472.39999999999975,0.848,0.15200000000000002,0.6237999999999999,9.883698700385398,0.003046399971935898
Dynamic Cost,250,3,Round Robin,64.74000000000004,472.39999999999975,0.848,0.15200000000000002,0.6237999999999999,9.883698700385398,0.0028865999775007367
Dynamic Cost,250,3,Min-Min,53.43999999999998,444.39999999999964,0.552,0.44799999999999995,0.7,481.0771118022557,0.003209399990737438
Dynamic Cost,250,3,Max-Min,80.07000000000015,222.19999999999982,1.0,0.0,0.8499999999999998,481.0771118022557,0.0031314000370912254
Dynamic Cost,250,3,GA,79.95000000000009,222.19999999999982,1.0,0.0,0.8499999999999998,481.0771118022557,0.005348899983800948
Dynamic Cost,250,3,Classical,62.889999999999986,409.6999999999999,0.728,0.272,0.6993999999999999,154.72616940905633,0.007500599953345954
Dynamic Cost,250,3,Proposed Quantum-Inspired,66.185,455.40000000000015,0.868,0.132,0.6262,50.310908359917335,0.01295659999595955
Dynamic Cost,250,4,FCFS,67.04750000000001,491.59999999999997,0.836,0.16400000000000003,0.6237999999999999,13.24764129949177,0.003091700025834143
Dynamic Cost,250,4,Round Robin,67.04750000000001,491.59999999999997,0.836,0.16400000000000003,0.6237999999999999,13.24764129949177,0.0028983000083826482
Dynamic Cost,250,4,Min-Min,55.65999999999998,462.3999999999998,0.536,0.46399999999999997,0.7,500.5626833874055,0.003138999978546053
Dynamic Cost,250,4,Max-Min,83.4000000000002,231.1999999999999,1.0,0.0,0.8499999999999998,500.5626833874055,0.003955099964514375
Dynamic Cost,250,4,GA,82.92000000000019,231.1999999999999,1.0,0.0,0.8499999999999998,500.5626833874055,0.007711299986112863
Dynamic Cost,250,4,Classical,64.53249999999996,441.8000000000001,0.716,0.28400000000000003,0.6861999999999998,142.48684149773268,0.009546699991915375
Dynamic Cost,250,4,Proposed Quantum-Inspired,66.1375,501.2999999999998,0.828,0.17200000000000004,0.622,52.407060593015515,0.01460399996722117
Dynamic Cost,250,5,FCFS,67.98250000000004,485.20000000000016,0.852,0.14800000000000002,0.6237999999999999,13.619838471876236,0.003819799982011318
Dynamic Cost,250,5,Round Robin,67.98250000000004,485.20000000000016,0.852,0.14800000000000002,0.6237999999999999,13.619838471876236,0.0035796999582089484
Dynamic Cost,250,5,Min-Min,55.479999999999976,460.7999999999998,0.548,0.45199999999999996,0.7,498.8306325798367,0.0036167000071145594
Dynamic Cost,250,5,Max-Min,83.13000000000022,230.3999999999999,1.0,0.0,0.8499999999999998,498.8306325798367,0.0033514999668113887
Dynamic Cost,250,5,GA,83.40000000000016,230.3999999999999,1.0,0.0,0.8499999999999998,498.8306325798367,0.0062892999849282205
Dynamic Cost,250,5,Classical,64.55000000000003,441.99999999999994,0.704,0.29600000000000004,0.6825999999999998,144.25671561490648,0.008355199999641627
Dynamic Cost,250,5,Proposed Quantum-Inspired,67.31000000000002,484.59999999999997,0.872,0.128,0.6322000000000001,23.108440016582687,0.013411599968094379
Dynamic Cost,250,6,FCFS,65.0425,483.30000000000024,0.82,0.18000000000000005,0.6237999999999999,21.24852936087578,0.0031780999852344394
Dynamic Cost,250,6,Round Robin,65.0425,483.30000000000024,0.82,0.18000000000000005,0.6237999999999999,21.24852936087578,0.003113500017207116
Dynamic Cost,250,6,Min-Min,53.519999999999975,446.4,0.496,0.504,0.7,483.2421753117168,0.004619400016963482
Dynamic Cost,250,6,Max-Min,80.19000000000018,223.2,1.0,0.0,0.8499999999999998,483.2421753117168,0.003312199958600104
Dynamic Cost,250,6,GA,80.58000000000013,223.2,1.0,0.0,0.8499999999999998,483.2421753117168,0.005472299992106855
Dynamic Cost,250,6,Classical,62.56749999999995,416.2000000000001,0.68,0.31999999999999995,0.6981999999999998,161.65549789598867,0.007963199983350933
Dynamic Cost,250,6,Proposed Quantum-Inspired,65.64999999999996,464.40000000000003,0.828,0.17200000000000004,0.6297999999999999,34.18332927027442,0.012153099989518523
Dynamic Cost,250,7,FCFS,64.5525,463.89999999999975,0.812,0.18799999999999994,0.6237999999999999,8.926785535678562,0.0032598000252619386
Dynamic Cost,250,7,Round Robin,64.5525,463.89999999999975,0.812,0.18799999999999994,0.6237999999999999,8.926785535678562,0.0029634000384248793
Dynamic Cost,250,7,Min-Min,52.339999999999954,436.3999999999999,0.52,0.48,0.7,472.4168577644113,0.003341800009366125
Dynamic Cost,250,7,Max-Min,78.4200000000002,218.19999999999996,1.0,0.0,0.8499999999999998,472.4168577644113,0.003098700020927936
Dynamic Cost,250,7,GA,79.74000000000021,218.19999999999996,1.0,0.0,0.8499999999999998,472.4168577644113,0.005895499954931438
Dynamic Cost,250,7,Classical,62.22999999999997,401.5999999999999,0.708,0.29200000000000004,0.7023999999999999,158.10024509784924,0.008217299997340888
Dynamic Cost,250,7,Proposed Quantum-Inspired,65.35249999999998,466.9000000000001,0.824,0.17600000000000005,0.6255999999999999,22.117583502724706,0.013373699970543385
Dynamic Cost,250,8,FCFS,67.79999999999998,497.0,0.808,0.19199999999999995,0.6237999999999999,16.13032857693854,0.003186599991749972
Dynamic Cost,250,8,Round Robin,67.79999999999998,497.0,0.808,0.19199999999999995,0.6237999999999999,16.13032857693854,0.002986399980727583
Dynamic Cost,250,8,Min-Min,55.31999999999994,460.3999999999997,0.444,0.556,0.7,498.39761987794446,0.003199300030246377
Dynamic Cost,250,8,Max-Min,82.89000000000028,230.19999999999985,1.0,0.0,0.8499999999999998,498.39761987794446,0.0031193000031635165
Dynamic Cost,250,8,GA,83.58000000000024,230.19999999999985,1.0,0.0,0.8499999999999998,498.39761987794446,0.005448500043712556
Dynamic Cost,250,8,Classical,64.7375,436.10000000000014,0.644,0.356,0.6891999999999998,161.0813071091739,0.009329300024546683
Dynamic Cost,250,8,Proposed Quantum-Inspired,67.11500000000001,487.0000000000001,0.824,0.17600000000000005,0.628,33.7888665095472,0.01318770000943914
Dynamic Cost,250,9,FCFS,66.91249999999998,497.3999999999995,0.828,0.17200000000000004,0.6237999999999999,19.188212527486765,0.0032213000231422484
Dynamic Cost,250,9,Round Robin,66.91249999999998,497.3999999999995,0.828,0.17200000000000004,0.6237999999999999,19.188212527486765,0.002987499989103526
Dynamic Cost,250,9,Min-Min,55.83999999999993,463.5999999999999,0.556,0.44399999999999995,0.7,501.8617214930822,0.00329070002771914
Dynamic Cost,250,9,Max-Min,83.64000000000017,231.79999999999995,1.0,0.0,0.8499999999999998,501.8617214930822,0.0032654000096954405
Dynamic Cost,250,9,GA,82.41000000000015,231.79999999999995,1.0,0.0,0.8499999999999998,501.8617214930822,0.006323400011751801
Dynamic Cost,250,9,Classical,64.68499999999996,430.3,0.692,0.30800000000000005,0.6981999999999998,156.57326559793023,0.008555600012186915
Dynamic Cost,250,9,Proposed Quantum-Inspired,66.71499999999999,505.70000000000005,0.82,0.18000000000000005,0.6106,32.797675222491,0.05791749997297302
Dynamic Cost,250,10,FCFS,66.75999999999996,485.79999999999984,0.84,0.16000000000000003,0.6237999999999999,27.459060435491963,0.003859399992506951
Dynamic Cost,250,10,Round Robin,66.75999999999996,485.79999999999984,0.84,0.16000000000000003,0.6237999999999999,27.459060435491963,0.00368759996490553
Dynamic Cost,250,10,Min-Min,55.01999999999993,457.59999999999974,0.532,0.46799999999999997,0.7,495.3665309646989,0.0043194000027142465
Dynamic Cost,250,10,Max-Min,82.44000000000021,228.79999999999987,1.0,0.0,0.8499999999999998,495.3665309646989,0.0037936000153422356
Dynamic Cost,250,10,GA,81.84000000000019,228.79999999999987,1.0,0.0,0.8499999999999998,495.3665309646989,0.0069814000162296
Dynamic Cost,250,10,Classical,63.53750000000005,436.4999999999999,0.684,0.31599999999999995,0.6831999999999998,145.56957099613916,0.009716000000480562
Dynamic Cost,250,10,Proposed Quantum-Inspired,65.75249999999997,488.99999999999983,0.8,0.19999999999999996,0.6286,36.88495628301598,0.014041499991435558
Dynamic Cost,250,11,FCFS,64.5325,475.50000000000006,0.824,0.17600000000000005,0.6237999999999999,6.609652033201143,0.0033461000421084464
Dynamic Cost,250,11,Round Robin,64.5325,475.50000000000006,0.824,0.17600000000000005,0.6237999999999999,6.609652033201143,0.002960100013297051
Dynamic Cost,250,11,Min-Min,53.219999999999956,444.3999999999997,0.524,0.476,0.7,481.0771118022557,0.0033977999701164663
Dynamic Cost,250,11,Max-Min,79.74000000000018,222.19999999999985,1.0,0.0,0.8499999999999998,481.0771118022557,0.0037391000078059733
Dynamic Cost,250,11,GA,79.41000000000012,222.19999999999985,1.0,0.0,0.8499999999999998,481.0771118022557,0.005697800021152943
Dynamic Cost,250,11,Classical,61.654999999999966,416.0999999999999,0.676,0.32399999999999995,0.6981999999999998,155.4049146584496,0.008609000011347234
Dynamic Cost,250,11,Proposed Quantum-Inspired,64.96499999999999,466.09999999999997,0.84,0.16000000000000003,0.6322000000000001,13.198011213815512,0.01258459995733574
Dynamic Cost,250,12,FCFS,66.97,489.5,0.86,0.14,0.6237999999999999,19.48557158514987,0.0033265999518334866
Dynamic Cost,250,12,Round Robin,66.97,489.5,0.86,0.14,0.6237999999999999,19.48557158514987,0.0032703999895602465
Dynamic Cost,250,12,Min-Min,55.25999999999999,457.1999999999997,0.5,0.5,0.7,494.9335182628067,0.003355399996507913
Dynamic Cost,250,12,Max-Min,82.80000000000017,228.59999999999985,1.0,0.0,0.8499999999999998,494.9335182628067,0.003249600005801767
Dynamic Cost,250,12,GA,82.89000000000011,228.59999999999985,1.0,0.0,0.8499999999999998,494.9335182628067,0.005840199999511242
Dynamic Cost,250,12,Classical,64.54749999999996,433.6000000000001,0.68,0.31999999999999995,0.6885999999999999,144.66232232340252,0.007501300016883761
Dynamic Cost,250,12,Proposed Quantum-Inspired,68.16500000000006,461.6999999999999,0.848,0.15200000000000002,0.64,46.25675626327467,0.013396100024692714
Dynamic Cost,250,13,FCFS,68.82750000000004,498.7999999999999,0.82,0.18000000000000005,0.6237999999999999,8.728545125048045,0.0033032000064849854
Dynamic Cost,250,13,Round Robin,68.82750000000004,498.7999999999999,0.82,0.18000000000000005,0.6237999999999999,8.728545125048045,0.0029839000198990107
Dynamic Cost,250,13,Min-Min,56.58,467.60000000000014,0.5,0.5,0.7,506.1918485120044,0.003994600032456219
Dynamic Cost,250,13,Max-Min,84.78000000000016,233.80000000000007,1.0,0.0,0.8499999999999998,506.1918485120044,0.003370000049471855
Dynamic Cost,250,13,GA,84.69000000000008,233.80000000000007,1.0,0.0,0.8499999999999998,506.1918485120044,0.005935000022873282
Dynamic Cost,250,13,Classical,65.80999999999995,449.4000000000002,0.672,0.32799999999999996,0.6813999999999999,139.50515223460386,0.008278099994640797
Dynamic Cost,250,13,Proposed Quantum-Inspired,68.40000000000003,489.6,0.84,0.16000000000000003,0.6352000000000001,22.77471185328148,0.012778999982401729
Dynamic Cost,250,14,FCFS,66.68750000000004,472.80000000000007,0.844,0.15600000000000003,0.6237999999999999,17.014699527173555,0.0036951000220142305
Dynamic Cost,250,14,Round Robin,66.68750000000004,472.80000000000007,0.844,0.15600000000000003,0.6237999999999999,17.014699527173555,0.003249300003517419
Dynamic Cost,250,14,Min-Min,54.27999999999995,452.79999999999944,0.528,0.472,0.7,490.17037854199225,0.0035186000168323517
Dynamic Cost,250,14,Max-Min,81.33000000000023,226.39999999999972,1.0,0.0,0.8499999999999998,490.17037854199225,0.00336459995014593
Dynamic Cost,250,14,GA,81.69000000000018,226.39999999999972,1.0,0.0,0.8499999999999998,490.17037854199225,0.006039900006726384
Dynamic Cost,250,14,Classical,64.14999999999999,427.8,0.708,0.29200000000000004,0.6849999999999997,135.86390249069103,0.007962699979543686
Dynamic Cost,250,14,Proposed Quantum-Inspired,66.5375,465.90000000000026,0.808,0.19199999999999995,0.6388,28.801041647829337,0.014033300045412034
Dynamic Cost,250,15,FCFS,69.24999999999999,495.59999999999997,0.86,0.14,0.6237999999999999,7.790218225441442,0.0033263000077567995
Dynamic Cost,250,15,Round Robin,69.24999999999999,495.59999999999997,0.86,0.14,0.6237999999999999,7.790218225441442,0.003154899983201176
Dynamic Cost,250,15,Min-Min,56.37999999999996,467.5999999999999,0.504,0.496,0.7,506.1918485120044,0.003494400007184595
Dynamic Cost,250,15,Max-Min,84.48000000000017,233.79999999999995,1.0,0.0,0.8499999999999998,506.1918485120044,0.003147199982777238
Dynamic Cost,250,15,GA,84.99000000000012,233.79999999999995,1.0,0.0,0.8499999999999998,506.1918485120044,0.005501399980857968
Dynamic Cost,250,15,Classical,66.48249999999999,447.9,0.692,0.30800000000000005,0.6838,134.82836311399765,0.008056599996052682
Dynamic Cost,250,15,Proposed Quantum-Inspired,67.74499999999998,502.4,0.816,0.18400000000000005,0.622,37.9366247839736,0.019343500025570393
Dynamic Cost,250,16,FCFS,67.11000000000001,493.6999999999997,0.824,0.17600000000000005,0.6237999999999999,11.903255857117413,0.004611499956808984
Dynamic Cost,250,16,Round Robin,67.11000000000001,493.6999999999997,0.824,0.17600000000000005,0.6237999999999999,11.903255857117413,0.004454399982932955
Dynamic Cost,250,16,Min-Min,55.499999999999964,460.39999999999964,0.444,0.556,0.7,498.39761987794446,0.004670499998610467
Dynamic Cost,250,16,Max-Min,83.16000000000022,230.19999999999982,1.0,0.0,0.8499999999999998,498.39761987794446,0.003664500021841377
Dynamic Cost,250,16,GA,83.10000000000018,230.19999999999982,1.0,0.0,0.8499999999999998,498.39761987794446,0.006311399978585541
Dynamic Cost,250,16,Classical,64.41749999999999,434.70000000000005,0.628,0.372,0.6921999999999998,156.59721421532376,0.007829400012269616
Dynamic Cost,250,16,Proposed Quantum-Inspired,67.05499999999999,465.5999999999998,0.76,0.24,0.643,55.30992225631853,0.01321129995631054
Dynamic Cost,250,17,FCFS,65.69249999999998,473.99999999999966,0.844,0.15600000000000003,0.6237999999999999,3.082207001484488,0.0030046000028960407
Dynamic Cost,250,17,Round Robin,65.69249999999998,473.99999999999966,0.844,0.15600000000000003,0.6237999999999999,3.082207001484488,0.0028728999895974994
Dynamic Cost,250,17,Min-Min,53.53999999999998,444.79999999999956,0.508,0.492,0.7,481.5101245041479,0.003145800030324608
Dynamic Cost,250,17,Max-Min,80.22000000000016,222.39999999999978,1.0,0.0,0.8499999999999998,481.5101245041479,0.0031926000374369323
Dynamic Cost,250,17,GA,81.00000000000017,222.39999999999978,1.0,0.0,0.8499999999999998,481.5101245041479,0.0058753000339493155
Dynamic Cost,250,17,Classical,62.589999999999975,418.9999999999999,0.66,0.33999999999999997,0.6885999999999999,155.46864635674936,0.008939699968323112
Dynamic Cost,250,17,Proposed Quantum-Inspired,65.795,464.79999999999967,0.852,0.14800000000000002,0.6292,14.439529078193651,0.013253699988126755
Dynamic Cost,250,18,FCFS,68.71500000000002,493.90000000000003,0.876,0.124,0.6237999999999999,11.20267825120404,0.0032238999847322702
Dynamic Cost,250,18,Round Robin,68.71500000000002,493.90000000000003,0.876,0.124,0.6237999999999999,11.20267825120404,0.0029211000073701143
Dynamic Cost,250,18,Min-Min,55.79999999999997,463.9999999999997,0.576,0.42400000000000004,0.7,502.2947341949744,0.003223799983970821
Dynamic Cost,250,18,Max-Min,83.61000000000023,231.99999999999986,1.0,0.0,0.8499999999999998,502.2947341949744,0.003225299995392561
Dynamic Cost,250,18,GA,84.72000000000017,231.99999999999986,1.0,0.0,0.8499999999999998,502.2947341949744,0.006284500006586313
Dynamic Cost,250,18,Classical,66.34499999999997,441.20000000000005,0.736,0.264,0.6813999999999999,132.77236158176896,0.007655800029169768
Dynamic Cost,250,18,Proposed Quantum-Inspired,70.02250000000001,497.7999999999997,0.86,0.14,0.6172000000000001,47.644516998286385,0.012346000003162771
Dynamic Cost,250,19,FCFS,65.89999999999998,480.4999999999999,0.828,0.17200000000000004,0.6237999999999999,16.80029761641144,0.002990799956023693
Dynamic Cost,250,19,Round Robin,65.89999999999998,480.4999999999999,0.828,0.17200000000000004,0.6237999999999999,16.80029761641144,0.002919799997471273
Dynamic Cost,250,19,Min-Min,54.13999999999996,452.00000000000006,0.496,0.504,0.7,489.30435313820783,0.003159700019750744
Dynamic Cost,250,19,Max-Min,81.12000000000023,226.00000000000003,1.0,0.0,0.8499999999999998,489.30435313820783,0.0036303999950177968
Dynamic Cost,250,19,GA,81.72000000000021,226.00000000000003,1.0,0.0,0.8499999999999998,489.30435313820783,0.0058874000096693635
Dynamic Cost,250,19,Classical,63.38499999999997,422.2,0.66,0.33999999999999997,0.6891999999999998,160.12573184844464,0.008539800008293241
Dynamic Cost,250,19,Proposed Quantum-Inspired,67.33249999999997,475.59999999999997,0.848,0.15200000000000002,0.6244,31.212978070027216,0.013998600014019758
Dynamic Cost,250,20,FCFS,69.10750000000006,507.89999999999986,0.804,0.19599999999999995,0.6237999999999999,12.891373084353738,0.003556500014383346
Dynamic Cost,250,20,Round Robin,69.10750000000006,507.89999999999986,0.804,0.19599999999999995,0.6237999999999999,12.891373084353738,0.0029910000157542527
Dynamic Cost,250,20,Min-Min,57.05999999999997,471.6,0.452,0.548,0.7,510.52197553092657,0.0032491000019945204
Dynamic Cost,250,20,Max-Min,85.50000000000023,235.8,1.0,0.0,0.8499999999999998,510.52197553092657,0.00340480002341792
Dynamic Cost,250,20,GA,85.02000000000015,235.8,1.0,0.0,0.8499999999999998,510.52197553092657,0.0064480000291951
Dynamic Cost,250,20,Classical,65.46000000000002,454.90000000000003,0.624,0.376,0.688,154.23095506415046,0.00815759995020926
Dynamic Cost,250,20,Proposed Quantum-Inspired,67.6775,494.2999999999997,0.8,0.19999999999999996,0.634,53.49006917176309,0.013480400026310235
Dynamic Cost,250,21,FCFS,64.28500000000003,472.39999999999986,0.86,0.14,0.6237999999999999,11.07925990308017,0.0030862000421620905
Dynamic Cost,250,21,Round Robin,64.28500000000003,472.39999999999986,0.86,0.14,0.6237999999999999,11.07925990308017,0.0028791000368073583
Dynamic Cost,250,21,Min-Min,52.77999999999993,439.1999999999996,0.548,0.45199999999999996,0.7,475.44794667765683,0.0036837999941781163
Dynamic Cost,250,21,Max-Min,79.08000000000018,219.5999999999998,1.0,0.0,0.8499999999999998,475.44794667765683,0.0032124000135809183
Dynamic Cost,250,21,GA,79.26000000000015,219.5999999999998,1.0,0.0,0.8499999999999998,475.44794667765683,0.005493599979672581
Dynamic Cost,250,21,Classical,61.93,410.4,0.712,0.28800000000000003,0.6963999999999999,149.45651541501962,0.008505999983754009
Dynamic Cost,250,21,Proposed Quantum-Inspired,65.08250000000004,449.8,0.84,0.16000000000000003,0.643,28.90069203323685,0.013103100005537271
Dynamic Cost,250,22,FCFS,66.52749999999997,489.39999999999986,0.84,0.16000000000000003,0.6237999999999999,14.972892172189045,0.003374899970367551
Dynamic Cost,250,22,Round Robin,66.52749999999997,489.39999999999986,0.84,0.16000000000000003,0.6237999999999999,14.972892172189045,0.0029398000333458185
Dynamic Cost,250,22,Min-Min,54.459999999999944,453.9999999999998,0.548,0.45199999999999996,0.7,491.46941664766894,0.003209299989975989
Dynamic Cost,250,22,Max-Min,81.60000000000015,226.9999999999999,1.0,0.0,0.8499999999999998,491.46941664766894,0.0032023999956436455
Dynamic Cost,250,22,GA,82.3200000000001,226.9999999999999,1.0,0.0,0.8499999999999998,491.46941664766894,0.006182899989653379
Dynamic Cost,250,22,Classical,64.68749999999996,437.2999999999999,0.736,0.264,0.6873999999999999,120.07992130243923,0.0077445999486371875
Dynamic Cost,250,22,Proposed Quantum-Inspired,67.28999999999994,472.6999999999999,0.836,0.16400000000000003,0.6364,17.36915369268175,0.012328699987847358
Dynamic Cost,250,23,FCFS,62.24250000000003,460.09999999999985,0.848,0.15200000000000002,0.6237999999999999,9.86154146165801,0.0029841999639756978
Dynamic Cost,250,23,Round Robin,62.24250000000003,460.09999999999985,0.848,0.15200000000000002,0.6237999999999999,9.86154146165801,0.0029138000099919736
Dynamic Cost,250,23,Min-Min,51.11999999999995,427.99999999999966,0.54,0.45999999999999996,0.7,463.32359102467467,0.003325300000142306
Dynamic Cost,250,23,Max-Min,76.59000000000015,213.99999999999983,1.0,0.0,0.8499999999999998,463.32359102467467,0.0031284000142477453
Dynamic Cost,250,23,GA,76.68000000000013,213.99999999999983,1.0,0.0,0.8499999999999998,463.32359102467467,0.0059315000544302166
Dynamic Cost,250,23,Classical,59.93999999999997,389.0999999999999,0.7,0.30000000000000004,0.7071999999999998,162.49538454983883,0.008376699988730252
Dynamic Cost,250,23,Proposed Quantum-Inspired,62.347500000000004,450.40000000000003,0.864,0.136,0.6316,11.324751652906125,0.012487299973145127
Dynamic Cost,250,24,FCFS,66.9625,488.4000000000001,0.88,0.12,0.6237999999999999,18.9917745353087,0.003120000008493662
Dynamic Cost,250,24,Round Robin,66.9625,488.4000000000001,0.88,0.12,0.6237999999999999,18.9917745353087,0.0028984000091440976
Dynamic Cost,250,24,Min-Min,54.53999999999995,453.2,0.568,0.43200000000000005,0.7,490.6033912438845,0.0032748000230640173
Dynamic Cost,250,24,Max-Min,81.72000000000018,226.6,1.0,0.0,0.8499999999999998,490.6033912438845,0.003432000055909157
Dynamic Cost,250,24,GA,82.53000000000014,226.6,1.0,0.0,0.8499999999999998,490.6033912438845,0.008289200020954013
Dynamic Cost,250,24,Classical,64.48749999999998,437.5000000000001,0.736,0.264,0.6765999999999999,119.21697655954877,0.009274100011680275
Dynamic Cost,250,24,Proposed Quantum-Inspired,67.71749999999999,475.39999999999986,0.872,0.128,0.631,22.331312097590683,0.012869799975305796
Dynamic Cost,250,25,FCFS,66.45249999999999,482.49999999999983,0.848,0.15200000000000002,0.6237999999999999,10.012492197250394,0.003021200012881309
Dynamic Cost,250,25,Round Robin,66.45249999999999,482.49999999999983,0.848,0.15200000000000002,0.6237999999999999,10.012492197250394,0.003368799982126802
Dynamic Cost,250,25,Min-Min,55.07999999999999,455.1999999999997,0.496,0.504,0.7,492.76845475334557,0.003220799961127341
Dynamic Cost,250,25,Max-Min,82.53000000000014,227.59999999999985,1.0,0.0,0.8499999999999998,492.76845475334557,0.0033603000338189304
Dynamic Cost,250,25,GA,81.42000000000009,227.59999999999985,1.0,0.0,0.8499999999999998,492.76845475334557,0.005912100023124367
Dynamic Cost,250,25,Classical,63.60500000000001,419.5,0.644,0.356,0.7011999999999998,170.84276396733927,0.008292199985589832
Dynamic Cost,250,25,Proposed Quantum-Inspired,65.41999999999997,473.8999999999999,0.796,0.20399999999999996,0.6267999999999999,29.0215437218629,0.013962900033220649
Dynamic Cost,250,26,FCFS,64.64,474.6999999999998,0.832,0.16800000000000004,0.6237999999999999,12.891373084353738,0.0034144999808631837
Dynamic Cost,250,26,Round Robin,64.64,474.6999999999998,0.832,0.16800000000000004,0.6237999999999999,12.891373084353738,0.00298250000923872
Dynamic Cost,250,26,Min-Min,53.29999999999995,443.5999999999996,0.568,0.43200000000000005,0.7,480.21108639847125,0.0039181000320240855
Dynamic Cost,250,26,Max-Min,79.83000000000015,221.7999999999998,1.0,0.0,0.8499999999999998,480.21108639847125,0.0035293999826535583
Dynamic Cost,250,26,GA,79.71000000000018,221.7999999999998,1.0,0.0,0.8499999999999998,480.21108639847125,0.0058994999853894114
Dynamic Cost,250,26,Classical,63.19750000000001,400.2999999999999,0.716,0.28400000000000003,0.7029999999999998,164.65019738828133,0.008861700014676899
Dynamic Cost,250,26,Proposed Quantum-Inspired,63.98500000000001,471.6999999999997,0.856,0.14400000000000002,0.6166,27.949731662397046,0.014367999974638224
Dynamic Cost,250,27,FCFS,67.11249999999998,484.1000000000002,0.848,0.15200000000000002,0.6237999999999999,3.1622776601683795,0.003323799988720566
Dynamic Cost,250,27,Round Robin,67.11249999999998,484.1000000000002,0.848,0.15200000000000002,0.6237999999999999,3.1622776601683795,0.0036918999976478517
Dynamic Cost,250,27,Min-Min,54.85999999999998,456.0000000000002,0.448,0.552,0.7,493.63448015713004,0.0034144999808631837
Dynamic Cost,250,27,Max-Min,82.20000000000019,228.0000000000001,1.0,0.0,0.8499999999999998,493.63448015713004,0.003617200010921806
Dynamic Cost,250,27,GA,82.41000000000014,228.0000000000001,1.0,0.0,0.8499999999999998,493.63448015713004,0.006252599996514618
Dynamic Cost,250,27,Classical,64.005,429.00000000000006,0.636,0.364,0.6945999999999999,159.439643752738,0.0082836999790743
Dynamic Cost,250,27,Proposed Quantum-Inspired,67.21249999999999,468.50000000000006,0.832,0.16800000000000004,0.643,35.88175023601831,0.013598799996543676
Dynamic Cost,250,28,FCFS,60.23999999999999,440.1999999999999,0.84,0.16000000000000003,0.6237999999999999,11.562331079847178,0.0036780000082217157
Dynamic Cost,250,28,Round Robin,60.23999999999999,440.1999999999999,0.84,0.16000000000000003,0.6237999999999999,11.562331079847178,0.00316469999961555
Dynamic Cost,250,28,Min-Min,49.139999999999944,410.79999999999967,0.532,0.46799999999999997,0.7,444.70404484330925,0.0033837000373750925
Dynamic Cost,250,28,Max-Min,73.59000000000012,205.39999999999984,1.0,0.0,0.8499999999999998,444.70404484330925,0.003138099971693009
Dynamic Cost,250,28,GA,73.98000000000013,205.39999999999984,1.0,0.0,0.8499999999999998,444.70404484330925,0.006154500006232411
Dynamic Cost,250,28,Classical,58.084999999999994,370.29999999999984,0.708,0.29200000000000004,0.7119999999999997,157.58231975700826,0.00918599998112768
Dynamic Cost,250,28,Proposed Quantum-Inspired,59.717499999999966,433.1000000000001,0.848,0.15200000000000002,0.6202,20.64430914319973,0.014191099966410547
Dynamic Cost,250,29,FCFS,66.72499999999997,493.49999999999983,0.852,0.14800000000000002,0.6237999999999999,15.811388300841896,0.0030341999954544008
Dynamic Cost,250,29,Round Robin,66.72499999999997,493.49999999999983,0.852,0.14800000000000002,0.6237999999999999,15.811388300841896,0.003053200023714453
Dynamic Cost,250,29,Min-Min,55.29999999999998,459.19999999999993,0.544,0.45599999999999996,0.7,497.0985817722678,0.0035724000190384686
Dynamic Cost,250,29,Max-Min,82.8600000000002,229.59999999999997,1.0,0.0,0.8499999999999998,497.0985817722678,0.0035419000196270645
Dynamic Cost,250,29,GA,82.32000000000019,229.59999999999997,1.0,0.0,0.8499999999999998,497.0985817722678,0.005661499977577478
Dynamic Cost,250,29,Classical,63.8925,436.6000000000001,0.68,0.31999999999999995,0.6867999999999999,145.26011152412076,0.010219799994956702
Dynamic Cost,250,29,Proposed Quantum-Inspired,67.40249999999993,477.5999999999998,0.848,0.15200000000000002,0.637,18.748333259252675,0.01865350001025945
Dynamic Cost,500,0,FCFS,132.8400000000003,961.6000000000009,0.818,0.18200000000000005,0.625,20.753011829611623,0.006921199965290725
Dynamic Cost,500,0,Round Robin,132.8400000000003,961.6000000000009,0.818,0.18200000000000005,0.625,20.753011829611623,0.007347500009927899
Dynamic Cost,500,0,Min-Min,108.53999999999974,902.799999999999,0.512,0.488,0.7,977.309668170739,0.007403699972201139
Dynamic Cost,500,0,Max-Min,162.72000000000025,451.3999999999995,1.0,0.0,0.8499999999999998,977.309668170739,0.00742290000198409
Dynamic Cost,500,0,GA,163.0800000000006,451.3999999999995,1.0,0.0,0.8499999999999998,977.309668170739,0.01228689996059984
Dynamic Cost,500,0,Classical,125.76750000000011,996.5000000000001,0.65,0.35,0.6187,178.85102040525237,0.01673779997508973
Dynamic Cost,500,0,Proposed Quantum-Inspired,132.69000000000023,949.5000000000005,0.84,0.16000000000000003,0.6253,34.16412592179112,0.031475699972361326
Dynamic Cost,500,1,FCFS,128.8200000000003,943.9999999999999,0.812,0.18799999999999994,0.625,26.818836663807772,0.006756599992513657
Dynamic Cost,500,1,Round Robin,128.8200000000003,943.9999999999999,0.812,0.18799999999999994,0.625,26.818836663807772,0.006027799972798675
Dynamic Cost,500,1,Min-Min,106.13999999999973,885.5999999999999,0.498,0.502,0.7,958.6901219893736,0.007459199987351894
Dynamic Cost,500,1,Max-Min,159.12000000000026,442.79999999999995,1.0,0.0,0.8499999999999998,958.6901219893736,0.007213000033516437
Dynamic Cost,500,1,GA,158.6400000000004,442.79999999999995,1.0,0.0,0.8499999999999998,958.6901219893736,0.014098099956754595
Dynamic Cost,500,1,Classical,122.7900000000001,979.3999999999999,0.644,0.356,0.6133,159.92576402818904,0.016694399993866682
Dynamic Cost,500,1,Proposed Quantum-Inspired,127.2175000000002,950.9999999999997,0.808,0.19199999999999995,0.6199,44.95831402532795,0.02702019998105243
Dynamic Cost,500,2,FCFS,132.6275000000002,967.4000000000003,0.82,0.18000000000000005,0.625,22.15287791687572,0.0073865000158548355
Dynamic Cost,500,2,Round Robin,132.6275000000002,967.4000000000003,0.82,0.18000000000000005,0.625,22.15287791687572,0.006384500011336058
Dynamic Cost,500,2,Min-Min,110.17999999999974,914.3999999999991,0.5,0.5,0.7,989.8670365256133,0.00687449995893985
Dynamic Cost,500,2,Max-Min,165.18000000000032,457.19999999999953,1.0,0.0,0.8499999999999998,989.8670365256133,0.006687499990221113
Dynamic Cost,500,2,GA,163.8600000000005,457.19999999999953,1.0,0.0,0.8499999999999998,989.8670365256133,0.011130200000479817
Dynamic Cost,500,2,Classical,126.95750000000002,1010.5000000000009,0.668,0.33199999999999996,0.6145,166.21296579990383,0.015846700000111014
Dynamic Cost,500,2,Proposed Quantum-Inspired,132.43750000000023,970.6999999999995,0.836,0.16400000000000003,0.622,40.450587140361755,0.026580900012049824
Dynamic Cost,500,3,FCFS,125.55750000000019,913.4999999999997,0.842,0.15800000000000003,0.625,17.32591988899868,0.0068388000363484025
Dynamic Cost,500,3,Round Robin,125.55750000000019,913.4999999999997,0.842,0.15800000000000003,0.625,17.32591988899868,0.006715900031849742
Dynamic Cost,500,3,Min-Min,103.33999999999995,862.7999999999993,0.524,0.476,0.7,934.0083979815171,0.007367499987594783
Dynamic Cost,500,3,Max-Min,154.92000000000039,431.39999999999964,1.0,0.0,0.8499999999999998,934.0083979815171,0.00744349998421967
Dynamic Cost,500,3,GA,154.92000000000073,431.39999999999964,1.0,0.0,0.8499999999999998,934.0083979815171,0.012733799987472594
Dynamic Cost,500,3,Classical,120.20750000000008,950.5999999999996,0.684,0.31599999999999995,0.6108999999999999,150.89296703292703,0.01674190000630915
Dynamic Cost,500,3,Proposed Quantum-Inspired,127.73000000000027,894.2000000000006,0.856,0.14400000000000002,0.625,54.43057504748595,0.02842029999010265
Dynamic Cost,500,4,FCFS,129.20250000000013,941.2000000000005,0.84,0.16000000000000003,0.625,20.40067400847335,0.0070040999562479556
Dynamic Cost,500,4,Round Robin,129.20250000000013,941.2000000000005,0.84,0.16000000000000003,0.625,20.40067400847335,0.006602099980227649
Dynamic Cost,500,4,Min-Min,105.8599999999999,883.6,0.534,0.46599999999999997,0.7,956.5250584799124,0.007708400022238493
Dynamic Cost,500,4,Max-Min,158.70000000000033,441.8,1.0,0.0,0.8499999999999998,956.5250584799124,0.007565000036265701
Dynamic Cost,500,4,GA,159.60000000000068,441.8,1.0,0.0,0.8499999999999998,956.5250584799124,0.012667300004977733
Dynamic Cost,500,4,Classical,124.16750000000017,973.0,0.698,0.30200000000000005,0.6115,141.68340587380018,0.017201900016516447
Dynamic Cost,500,4,Proposed Quantum-Inspired,128.91750000000013,948.7000000000002,0.838,0.16200000000000003,0.6244000000000001,33.025558284456,0.02878140000393614
Dynamic Cost,500,5,FCFS,131.7500000000002,948.0000000000006,0.826,0.17400000000000004,0.625,20.0124960961895,0.0071029000100679696
Dynamic Cost,500,5,Round Robin,131.7500000000002,948.0000000000006,0.826,0.17400000000000004,0.625,20.0124960961895,0.006993999995756894
Dynamic Cost,500,5,Min-Min,107.93999999999983,900.8000000000001,0.524,0.476,0.7,975.1446046612779,0.007688899990171194
Dynamic Cost,500,5,Max-Min,161.82000000000033,450.40000000000003,1.0,0.0,0.8499999999999998,975.1446046612779,0.007603899983223528
Dynamic Cost,500,5,GA,161.8200000000006,450.40000000000003,1.0,0.0,0.8499999999999998,975.1446046612779,0.013175399973988533
Dynamic Cost,500,5,Classical,125.22250000000012,992.0,0.662,0.33799999999999997,0.6109,168.81202563798587,0.017394200025592
Dynamic Cost,500,5,Proposed Quantum-Inspired,130.6025000000002,959.1000000000005,0.84,0.16000000000000003,0.6255999999999999,24.66779276708802,0.028813100012484938
Dynamic Cost,500,6,FCFS,134.11250000000024,985.6000000000008,0.83,0.17000000000000004,0.625,29.966648127543394,0.007239900005515665
Dynamic Cost,500,6,Round Robin,134.11250000000024,985.6000000000008,0.83,0.17000000000000004,0.625,29.966648127543394,0.006791000021621585
Dynamic Cost,500,6,Min-Min,109.93999999999971,915.1999999999998,0.514,0.486,0.7,990.7330619293978,0.007956700050272048
Dynamic Cost,500,6,Max-Min,164.82000000000033,457.5999999999999,1.0,0.0,0.8499999999999998,990.7330619293978,0.007042900018859655
Dynamic Cost,500,6,GA,165.63000000000068,457.5999999999999,1.0,0.0,0.8499999999999998,990.7330619293978,0.013412000029347837
Dynamic Cost,500,6,Classical,128.41750000000013,999.1999999999998,0.678,0.32199999999999995,0.6243999999999998,163.4457096408468,0.019531300000380725
Dynamic Cost,500,6,Proposed Quantum-Inspired,134.9900000000002,968.4000000000007,0.84,0.16000000000000003,0.6285999999999999,25.41653005427767,0.029058200016152114
Dynamic Cost,500,7,FCFS,129.56250000000017,945.0000000000007,0.822,0.17800000000000005,0.625,8.870597499605086,0.007220200030133128
Dynamic Cost,500,7,Round Robin,129.56250000000017,945.0000000000007,0.822,0.17800000000000005,0.625,8.870597499605086,0.00767180003458634
Dynamic Cost,500,7,Min-Min,106.09999999999975,885.1999999999992,0.502,0.498,0.7,958.2571092874814,0.008642799977678806
Dynamic Cost,500,7,Max-Min,159.0600000000004,442.5999999999996,1.0,0.0,0.8499999999999998,958.2571092874814,0.008102699997834861
Dynamic Cost,500,7,GA,159.93000000000063,442.5999999999996,1.0,0.0,0.8499999999999998,958.2571092874814,0.012289500038605183
Dynamic Cost,500,7,Classical,123.61999999999998,981.1,0.666,0.33399999999999996,0.6126999999999999,162.55825878742672,0.01643240003613755
Dynamic Cost,500,7,Proposed Quantum-Inspired,130.29750000000024,972.7000000000006,0.824,0.17600000000000005,0.6165999999999999,78.38486779985024,0.028985699987970293
Dynamic Cost,500,8,FCFS,135.95500000000024,999.7000000000004,0.832,0.16800000000000004,0.625,20.474068965401088,0.00699610001174733
Dynamic Cost,500,8,Round Robin,135.95500000000024,999.7000000000004,0.832,0.16800000000000004,0.625,20.474068965401088,0.008363400003872812
Dynamic Cost,500,8,Min-Min,112.21999999999966,933.1999999999988,0.512,0.488,0.7,1010.2186335145477,0.008004000002983958
Dynamic Cost,500,8,Max-Min,168.24000000000035,466.5999999999994,1.0,0.0,0.8499999999999998,1010.2186335145477,0.0067532999673858285
Dynamic Cost,500,8,GA,167.3700000000008,466.5999999999994,1.0,0.0,0.8499999999999998,1010.2186335145477,0.011345700011588633
Dynamic Cost,500,8,Classical,130.32750000000016,1008.3,0.676,0.32399999999999995,0.6255999999999999,155.19725351951303,0.016834799956995994
Dynamic Cost,500,8,Proposed Quantum-Inspired,136.20750000000038,981.7,0.852,0.14800000000000002,0.634,47.76701267611363,0.026879000011831522
Dynamic Cost,500,9,FCFS,134.08250000000027,975.0000000000003,0.83,0.17000000000000004,0.625,23.13547060251855,0.006840100046247244
Dynamic Cost,500,9,Round Robin,134.08250000000027,975.0000000000003,0.83,0.17000000000000004,0.625,23.13547060251855,0.006730000022798777
Dynamic Cost,500,9,Min-Min,109.75999999999982,912.7999999999992,0.52,0.48,0.7,988.1349857180445,0.00738730002194643
Dynamic Cost,500,9,Max-Min,164.55000000000024,456.3999999999996,1.0,0.0,0.8499999999999998,988.1349857180445,0.007424800016451627
Dynamic Cost,500,9,GA,165.27000000000078,456.3999999999996,1.0,0.0,0.8499999999999998,988.1349857180445,0.014465400017797947
Dynamic Cost,500,9,Classical,127.56250000000001,993.6999999999999,0.65,0.35,0.6253,180.79615593258615,0.019470200000796467
Dynamic Cost,500,9,Proposed Quantum-Inspired,133.84250000000023,984.8000000000003,0.828,0.17200000000000004,0.6187,26.02402735934621,0.02729689999250695
Dynamic Cost,500,10,FCFS,134.78750000000008,964.0000000000001,0.83,0.17000000000000004,0.625,37.97614382740828,0.007087100006174296
Dynamic Cost,500,10,Round Robin,134.78750000000008,964.0000000000001,0.83,0.17000000000000004,0.625,37.97614382740828,0.006903300003614277
Dynamic Cost,500,10,Min-Min,110.29999999999973,917.999999999999,0.502,0.498,0.7,993.7641508426434,0.007848599983844906
Dynamic Cost,500,10,Max-Min,165.3600000000003,458.9999999999995,1.0,0.0,0.8499999999999998,993.7641508426434,0.007259200036060065
Dynamic Cost,500,10,GA,164.76000000000062,458.9999999999995,1.0,0.0,0.8499999999999998,993.7641508426434,0.01117870002053678
Dynamic Cost,500,10,Classical,127.29750000000006,1014.1999999999998,0.646,0.354,0.6112,176.60319221350446,0.01630360004492104
Dynamic Cost,500,10,Proposed Quantum-Inspired,133.97249999999997,971.9999999999995,0.81,0.18999999999999995,0.6286,24.159625411003375,0.02657549997093156
Dynamic Cost,500,11,FCFS,137.09500000000017,1010.0000000000006,0.838,0.16200000000000003,0.625,17.95132307101624,0.0071430999669246376
Dynamic Cost,500,11,Round Robin,137.09500000000017,1010.0000000000006,0.838,0.16200000000000003,0.625,17.95132307101624,0.0063449000008404255
Dynamic Cost,500,11,Min-Min,113.25999999999965,941.5999999999993,0.532,0.46799999999999997,0.7,1019.3119002542843,0.0071779999998398125
Dynamic Cost,500,11,Max-Min,169.8000000000002,470.79999999999967,1.0,0.0,0.8499999999999998,1019.3119002542843,0.007518299971707165
Dynamic Cost,500,11,GA,169.4100000000005,470.79999999999967,1.0,0.0,0.8499999999999998,1019.3119002542843,0.012324999959673733
Dynamic Cost,500,11,Classical,131.54250000000013,1047.7999999999995,0.688,0.31200000000000006,0.6115,156.89088564986812,0.017353000002913177
Dynamic Cost,500,11,Proposed Quantum-Inspired,136.09000000000012,1003.6000000000004,0.828,0.17200000000000004,0.6292,49.95247741604014,0.025241199997253716
Dynamic Cost,500,12,FCFS,133.58500000000024,977.5000000000005,0.854,0.14600000000000002,0.625,33.0681115275729,0.007008799992036074
Dynamic Cost,500,12,Round Robin,133.58500000000024,977.5000000000005,0.854,0.14600000000000002,0.625,33.0681115275729,0.006815799977630377
Dynamic Cost,500,12,Min-Min,110.9199999999997,918.3999999999987,0.52,0.48,0.7,994.1971635445356,0.007287100015673786
Dynamic Cost,500,12,Max-Min,166.2900000000003,459.19999999999936,1.0,0.0,0.8499999999999998,994.1971635445356,0.006926600006408989
Dynamic Cost,500,12,GA,164.85000000000065,459.19999999999936,1.0,0.0,0.8499999999999998,994.1971635445356,0.01209879998350516
Dynamic Cost,500,12,Classical,127.58750000000003,1020.7999999999998,0.662,0.33799999999999997,0.6093999999999999,171.24981751815096,0.016052499995566905
Dynamic Cost,500,12,Proposed Quantum-Inspired,134.28000000000017,978.1,0.854,0.14600000000000002,0.6199,40.626346131543755,0.025741899968124926
Dynamic Cost,500,13,FCFS,135.17750000000026,986.3000000000001,0.816,0.18400000000000005,0.625,14.747881203752625,0.006800000031944364
Dynamic Cost,500,13,Round Robin,135.17750000000026,986.3000000000001,0.816,0.18400000000000005,0.625,14.747881203752625,0.005996600026264787
Dynamic Cost,500,13,Min-Min,111.37999999999965,924.8000000000002,0.52,0.48,0.7,1001.125366774811,0.007339800009503961
Dynamic Cost,500,13,Max-Min,166.98000000000036,462.4000000000001,1.0,0.0,0.8499999999999998,1001.125366774811,0.00681400002213195
Dynamic Cost,500,13,GA,166.83000000000058,462.4000000000001,1.0,0.0,0.8499999999999998,1001.125366774811,0.011649699998088181
Dynamic Cost,500,13,Classical,129.6600000000001,1008.9999999999999,0.668,0.33199999999999996,0.6210999999999999,157.2784155566173,0.016240900033153594
Dynamic Cost,500,13,Proposed Quantum-Inspired,135.15750000000023,988.6000000000007,0.838,0.16200000000000003,0.6229,18.12456896039186,0.025731900008395314
Dynamic Cost,500,14,FCFS,133.65000000000006,957.1000000000005,0.854,0.14600000000000002,0.625,35.64758056306206,0.006719400000292808
Dynamic Cost,500,14,Round Robin,133.65000000000006,957.1000000000005,0.854,0.14600000000000002,0.625,35.64758056306206,0.00609840004472062
Dynamic Cost,500,14,Min-Min,109.37999999999965,911.1999999999988,0.544,0.45599999999999996,0.7,986.4029349104757,0.007244200038257986
Dynamic Cost,500,14,Max-Min,163.98000000000042,455.5999999999994,1.0,0.0,0.8499999999999998,986.4029349104757,0.006584399961866438
Dynamic Cost,500,14,GA,164.55000000000047,455.5999999999994,1.0,0.0,0.8499999999999998,986.4029349104757,0.011741499998606741
Dynamic Cost,500,14,Classical,127.95499999999986,1004.4000000000002,0.696,0.30400000000000005,0.6151,152.0435792791001,0.01861189998453483
Dynamic Cost,500,14,Proposed Quantum-Inspired,133.8525,955.0000000000005,0.836,0.16400000000000003,0.6277,22.89650628371062,0.02951530000427738
Dynamic Cost,500,15,FCFS,131.25250000000023,946.4000000000009,0.836,0.16400000000000003,0.625,13.988834833537782,0.008455700008198619
Dynamic Cost,500,15,Round Robin,131.25250000000023,946.4000000000009,0.836,0.16400000000000003,0.625,13.988834833537782,0.007171100005507469
Dynamic Cost,500,15,Min-Min,107.05999999999976,892.3999999999992,0.472,0.528,0.7,966.0513379215413,0.007921899959910661
Dynamic Cost,500,15,Max-Min,160.50000000000034,446.1999999999996,1.0,0.0,0.8499999999999998,966.0513379215413,0.007234199962113053
Dynamic Cost,500,15,GA,161.07000000000073,446.1999999999996,1.0,0.0,0.8499999999999998,966.0513379215413,0.012788399995770305
Dynamic Cost,500,15,Classical,124.45,974.1999999999999,0.632,0.368,0.6177999999999999,173.40901793159432,0.016706199967302382
Dynamic Cost,500,15,Proposed Quantum-Inspired,129.09250000000011,956.3000000000001,0.79,0.20999999999999996,0.6202,46.83681778259492,0.026652199972886592
Dynamic Cost,500,16,FCFS,136.3500000000001,999.5999999999999,0.842,0.15800000000000003,0.625,24.631027181179434,0.006578800035640597
Dynamic Cost,500,16,Round Robin,136.3500000000001,999.5999999999999,0.842,0.15800000000000003,0.625,24.631027181179434,0.006248700025025755
Dynamic Cost,500,16,Min-Min,112.71999999999974,936.3999999999988,0.476,0.524,0.7,1013.6827351296854,0.007726099982392043
Dynamic Cost,500,16,Max-Min,168.99000000000032,468.1999999999994,1.0,0.0,0.8499999999999998,1013.6827351296854,0.00741700001526624
Dynamic Cost,500,16,GA,168.87000000000037,468.1999999999994,1.0,0.0,0.8499999999999998,1013.6827351296854,0.013062999991234392
Dynamic Cost,500,16,Classical,130.88250000000005,1039.7,0.652,0.348,0.6078999999999999,165.02329381029818,0.0175048999954015
Dynamic Cost,500,16,Proposed Quantum-Inspired,137.92250000000016,968.0999999999997,0.824,0.17600000000000005,0.6345999999999999,58.80635594899585,0.02837399998679757
Dynamic Cost,500,17,FCFS,130.25000000000023,957.5999999999999,0.84,0.16000000000000003,0.625,13.285330255586423,0.006806300021708012
Dynamic Cost,500,17,Round Robin,130.25000000000023,957.5999999999999,0.84,0.16000000000000003,0.625,13.285330255586423,0.006988900015130639
Dynamic Cost,500,17,Min-Min,107.63999999999974,895.9999999999986,0.514,0.486,0.7,969.9484522385712,0.006778300041332841
Dynamic Cost,500,17,Max-Min,161.37000000000032,447.9999999999993,1.0,0.0,0.8499999999999998,969.9484522385712,0.007603199977893382
Dynamic Cost,500,17,GA,160.3200000000006,447.9999999999993,1.0,0.0,0.8499999999999998,969.9484522385712,0.01310039998497814
Dynamic Cost,500,17,Classical,124.94250000000005,988.8999999999994,0.682,0.31799999999999995,0.6096999999999999,138.1177034271856,0.018891299958340824
Dynamic Cost,500,17,Proposed Quantum-Inspired,129.90500000000017,941.9999999999991,0.842,0.15800000000000003,0.6307,43.110323589599744,0.02837860002182424
Dynamic Cost,500,18,FCFS,132.06750000000017,962.0000000000001,0.852,0.14800000000000002,0.625,12.298373876248844,0.0072030999581329525
Dynamic Cost,500,18,Round Robin,132.06750000000017,962.0000000000001,0.852,0.14800000000000002,0.625,12.298373876248844,0.006978499994147569
Dynamic Cost,500,18,Min-Min,108.31999999999972,903.1999999999997,0.542,0.45799999999999996,0.7,977.7426808726312,0.008121800026856363
Dynamic Cost,500,18,Max-Min,162.39000000000053,451.59999999999985,1.0,0.0,0.8499999999999998,977.7426808726312,0.007769300020299852
Dynamic Cost,500,18,GA,162.1800000000007,451.59999999999985,1.0,0.0,0.8499999999999998,977.7426808726312,0.01227659999858588
Dynamic Cost,500,18,Classical,125.58000000000008,990.9000000000002,0.674,0.32599999999999996,0.6127,165.48489357038002,0.01751249999506399
Dynamic Cost,500,18,Proposed Quantum-Inspired,131.8050000000002,952.3000000000004,0.822,0.17800000000000005,0.6292000000000001,13.219304066402286,0.026715099986176938
Dynamic Cost,500,19,FCFS,133.95000000000027,970.8999999999999,0.824,0.17600000000000005,0.625,15.562374497485916,0.0067968000075779855
Dynamic Cost,500,19,Round Robin,133.95000000000027,970.8999999999999,0.824,0.17600000000000005,0.625,15.562374497485916,0.007019599957857281
Dynamic Cost,500,19,Min-Min,109.47999999999978,914.0000000000001,0.484,0.516,0.7,989.4340238237212,0.008078099985141307
Dynamic Cost,500,19,Max-Min,164.1300000000004,457.00000000000006,1.0,0.0,0.8499999999999998,989.4340238237212,0.007658299989998341
Dynamic Cost,500,19,GA,165.33000000000052,457.00000000000006,1.0,0.0,0.8499999999999998,989.4340238237212,0.012320599984377623
Dynamic Cost,500,19,Classical,127.75750000000004,1009.8999999999993,0.64,0.36,0.6105999999999999,177.22073101079343,0.01629749999847263
Dynamic Cost,500,19,Proposed Quantum-Inspired,135.1775000000002,975.5999999999997,0.836,0.16400000000000003,0.6178,36.36189626518397,0.026644699973985553
Dynamic Cost,500,20,FCFS,132.865,981.3000000000005,0.806,0.19399999999999995,0.625,21.924586655168667,0.0068171999882906675
Dynamic Cost,500,20,Round Robin,132.865,981.3000000000005,0.806,0.19399999999999995,0.625,21.924586655168667,0.006690000009257346
Dynamic Cost,500,20,Min-Min,109.95999999999984,912.3999999999988,0.498,0.502,0.7,987.7019730161522,0.007432700018398464
Dynamic Cost,500,20,Max-Min,164.85000000000042,456.1999999999994,1.0,0.0,0.8499999999999998,987.7019730161522,0.007180799962952733
Dynamic Cost,500,20,GA,163.6500000000005,456.1999999999994,1.0,0.0,0.8499999999999998,987.7019730161522,0.012441099970601499
Dynamic Cost,500,20,Classical,127.08750000000009,1003.3000000000011,0.644,0.356,0.6181,156.56687868128432,0.016386099974624813
Dynamic Cost,500,20,Proposed Quantum-Inspired,131.4825,937.8000000000001,0.816,0.18400000000000005,0.6403,106.44805071019384,0.026119899994228035
Dynamic Cost,500,21,FCFS,130.78500000000017,969.5000000000002,0.842,0.15800000000000003,0.625,19.06567596493762,0.00639910000609234
Dynamic Cost,500,21,Round Robin,130.78500000000017,969.5000000000002,0.842,0.15800000000000003,0.625,19.06567596493762,0.006485200021415949
Dynamic Cost,500,21,Min-Min,108.29999999999976,902.3999999999986,0.534,0.46599999999999997,0.7,976.8766554688468,0.007436299987602979
Dynamic Cost,500,21,Max-Min,162.36000000000013,451.1999999999993,1.0,0.0,0.8499999999999998,976.8766554688468,0.008105499960947782
Dynamic Cost,500,21,GA,161.79000000000033,451.1999999999993,1.0,0.0,0.8499999999999998,976.8766554688468,0.012011600018013269
Dynamic Cost,500,21,Classical,125.31000000000004,994.1999999999991,0.686,0.31399999999999995,0.6156999999999999,166.9146488478468,0.017577300022821873
Dynamic Cost,500,21,Proposed Quantum-Inspired,131.79750000000016,944.6000000000001,0.852,0.14800000000000002,0.637,27.99107000455681,0.0267015999997966
Dynamic Cost,500,22,FCFS,132.35500000000016,969.8,0.846,0.15400000000000003,0.625,25.0099980007996,0.006927700014784932
Dynamic Cost,500,22,Round Robin,132.35500000000016,969.8,0.846,0.15400000000000003,0.625,25.0099980007996,0.007386600016616285
Dynamic Cost,500,22,Min-Min,108.53999999999967,903.9999999999987,0.53,0.47,0.7,978.6087062764157,0.00687449995893985
Dynamic Cost,500,22,Max-Min,162.7200000000005,451.9999999999994,1.0,0.0,0.8499999999999998,978.6087062764157,0.007201600004918873
Dynamic Cost,500,22,GA,163.83000000000072,451.9999999999994,1.0,0.0,0.8499999999999998,978.6087062764157,0.011246500012930483
Dynamic Cost,500,22,Classical,126.91500000000002,985.4999999999998,0.666,0.33399999999999996,0.6244,165.55965692160635,0.01689159998204559
Dynamic Cost,500,22,Proposed Quantum-Inspired,132.41250000000022,951.1999999999998,0.81,0.18999999999999995,0.6289000000000001,37.027017163147235,0.026822599989827722
Dynamic Cost,500,23,FCFS,127.5700000000002,943.7999999999998,0.838,0.16200000000000003,0.625,13.102957681378658,0.007489199982956052
Dynamic Cost,500,23,Round Robin,127.5700000000002,943.7999999999998,0.838,0.16200000000000003,0.625,13.102957681378658,0.006337600003462285
Dynamic Cost,500,23,Min-Min,105.3999999999996,881.1999999999991,0.54,0.45999999999999996,0.7,953.9269822685592,0.006613800011109561
Dynamic Cost,500,23,Max-Min,158.0100000000005,440.59999999999957,1.0,0.0,0.8499999999999998,953.9269822685592,0.007182200031820685
Dynamic Cost,500,23,GA,157.62000000000066,440.59999999999957,1.0,0.0,0.8499999999999998,953.9269822685592,0.011910200002603233
Dynamic Cost,500,23,Classical,122.1525,975.9000000000004,0.68,0.31999999999999995,0.6133,154.35733704621882,0.01634650002233684
Dynamic Cost,500,23,Proposed Quantum-Inspired,126.76750000000013,942.400000000001,0.848,0.15200000000000002,0.6267999999999999,30.285103598964294,0.02779199997894466
Dynamic Cost,500,24,FCFS,131.35500000000027,953.6000000000003,0.88,0.12,0.625,14.359230480774379,0.006818499998189509
Dynamic Cost,500,24,Round Robin,131.35500000000027,953.6000000000003,0.88,0.12,0.625,14.359230480774379,0.006439600023441017
Dynamic Cost,500,24,Min-Min,107.43999999999993,894.7999999999995,0.556,0.44399999999999995,0.7,968.6494141328947,0.007237499987240881
Dynamic Cost,500,24,Max-Min,161.07000000000016,447.39999999999975,1.0,0.0,0.8499999999999998,968.6494141328947,0.006891899975016713
Dynamic Cost,500,24,GA,161.67000000000064,447.39999999999975,1.0,0.0,0.8499999999999998,968.6494141328947,0.011758999957237393
Dynamic Cost,500,24,Classical,125.85250000000003,982.5000000000006,0.69,0.31000000000000005,0.6133,143.66345220688524,0.016274800000246614
Dynamic Cost,500,24,Proposed Quantum-Inspired,132.25250000000025,943.3999999999999,0.858,0.14200000000000002,0.6271,38.88042566639414,0.02597819996299222
Dynamic Cost,500,25,FCFS,136.6475000000003,972.9000000000005,0.852,0.14800000000000002,0.625,23.43608329051593,0.006266899988986552
Dynamic Cost,500,25,Round Robin,136.6475000000003,972.9000000000005,0.852,0.14800000000000002,0.625,23.43608329051593,0.005984299990814179
Dynamic Cost,500,25,Min-Min,111.61999999999982,923.9999999999986,0.522,0.478,0.7,1000.2593413710266,0.0071962999645620584
Dynamic Cost,500,25,Max-Min,167.34000000000037,461.9999999999993,1.0,0.0,0.8499999999999998,1000.2593413710266,0.006463899975642562
Dynamic Cost,500,25,GA,167.25000000000054,461.9999999999993,1.0,0.0,0.8499999999999998,1000.2593413710266,0.011938200041186064
Dynamic Cost,500,25,Classical,129.98250000000013,1002.3000000000008,0.654,0.346,0.6262,152.94852075126454,0.018249799963086843
Dynamic Cost,500,25,Proposed Quantum-Inspired,136.09000000000017,955.7,0.82,0.18000000000000005,0.6330999999999999,55.98883817333594,0.027946899994276464
Dynamic Cost,500,26,FCFS,135.79250000000016,985.0000000000006,0.852,0.14800000000000002,0.625,18.280795934531955,0.007351999985985458
Dynamic Cost,500,26,Round Robin,135.79250000000016,985.0000000000006,0.852,0.14800000000000002,0.625,18.280795934531955,0.007269399997312576
Dynamic Cost,500,26,Min-Min,110.71999999999983,921.1999999999992,0.556,0.44399999999999995,0.7,997.2282524577811,0.0072104999562725425
Dynamic Cost,500,26,Max-Min,165.99000000000035,460.5999999999996,1.0,0.0,0.8499999999999998,997.2282524577811,0.007738600019365549
Dynamic Cost,500,26,GA,166.80000000000055,460.5999999999996,1.0,0.0,0.8499999999999998,997.2282524577811,0.012470300018321723
Dynamic Cost,500,26,Classical,129.41000000000008,1015.4000000000004,0.684,0.31599999999999995,0.6145,162.2288121758894,0.017209900019224733
Dynamic Cost,500,26,Proposed Quantum-Inspired,134.81000000000012,988.1000000000003,0.846,0.15400000000000003,0.6193,27.123559869604136,0.02708840003469959
Dynamic Cost,500,27,FCFS,132.43750000000017,963.1000000000001,0.844,0.15600000000000003,0.625,10.685855136581255,0.007000399986281991
Dynamic Cost,500,27,Round Robin,132.43750000000017,963.1000000000001,0.844,0.15600000000000003,0.625,10.685855136581255,0.006438100012019277
Dynamic Cost,500,27,Min-Min,108.65999999999976,904.3999999999995,0.476,0.524,0.7,979.0417189783079,0.007684400014113635
Dynamic Cost,500,27,Max-Min,162.90000000000043,452.19999999999976,1.0,0.0,0.8499999999999998,979.0417189783079,0.007429899997077882
Dynamic Cost,500,27,GA,162.90000000000072,452.19999999999976,1.0,0.0,0.8499999999999998,979.0417189783079,0.012321599991992116
Dynamic Cost,500,27,Classical,126.58000000000015,987.1000000000001,0.658,0.34199999999999997,0.6199,152.26682994007592,0.016246800019871444
Dynamic Cost,500,27,Proposed Quantum-Inspired,131.11500000000024,965.8000000000002,0.814,0.18600000000000005,0.625,38.336503492102665,0.026887599960900843
Dynamic Cost,500,28,FCFS,123.07250000000033,898.7,0.842,0.15800000000000003,0.625,27.299267389437397,0.007131799997296184
Dynamic Cost,500,28,Round Robin,123.07250000000033,898.7,0.842,0.15800000000000003,0.625,27.299267389437397,0.00633240002207458
Dynamic Cost,500,28,Min-Min,100.13999999999982,837.5999999999993,0.534,0.46599999999999997,0.7,906.7285977623072,0.007143699971493334
Dynamic Cost,500,28,Max-Min,150.09000000000037,418.79999999999967,1.0,0.0,0.8499999999999998,906.7285977623072,0.006901499989908189
Dynamic Cost,500,28,GA,151.2300000000006,418.79999999999967,1.0,0.0,0.8499999999999998,906.7285977623072,0.012369500007480383
Dynamic Cost,500,28,Classical,117.35000000000016,927.7,0.678,0.32199999999999995,0.6144999999999999,136.30939072565764,0.017930899979546666
Dynamic Cost,500,28,Proposed Quantum-Inspired,122.12000000000026,889.3000000000006,0.852,0.14800000000000002,0.6244,37.34635189680513,0.0283206999883987
Dynamic Cost,500,29,FCFS,131.50250000000028,971.0000000000002,0.854,0.14600000000000002,0.625,27.325583250865844,0.006665099994279444
Dynamic Cost,500,29,Round Robin,131.50250000000028,971.0000000000002,0.854,0.14600000000000002,0.625,27.325583250865844,0.006653600023128092
Dynamic Cost,500,29,Min-Min,108.11999999999985,899.5999999999987,0.552,0.44799999999999995,0.7,973.8455665556013,0.04946680000284687
Dynamic Cost,500,29,Max-Min,162.09000000000032,449.79999999999933,1.0,0.0,0.8499999999999998,973.8455665556013,0.007726399984676391
Dynamic Cost,500,29,GA,162.06000000000068,449.79999999999933,1.0,0.0,0.8499999999999998,973.8455665556013,0.013049800007138401
Dynamic Cost,500,29,Classical,126.25250000000013,975.8000000000004,0.682,0.31799999999999995,0.6277,145.24870911646684,0.017000899999402463
Dynamic Cost,500,29,Proposed Quantum-Inspired,131.20250000000016,954.1999999999995,0.852,0.14800000000000002,0.6241,33.92915413033458,0.027965600020252168
Dynamic Cost,1000,0,FCFS,264.51000000000107,1918.7000000000028,0.833,0.16700000000000004,0.6249999999999999,29.819247140060394,0.01358929998241365
Dynamic Cost,1000,0,Round Robin,264.51000000000107,1918.7000000000028,0.833,0.16700000000000004,0.6249999999999999,29.819247140060394,0.013383599987719208
Dynamic Cost,1000,0,Min-Min,216.06000000000176,1798.8000000000027,0.516,0.484,0.6999999999999998,1947.2581204093103,0.01472999999532476
Dynamic Cost,1000,0,Max-Min,324.0000000000018,899.4000000000013,1.0,0.0,0.8499999999999998,1947.2581204093103,0.015234899998176843
Dynamic Cost,1000,0,GA,324.8400000000033,899.4000000000013,1.0,0.0,0.8499999999999998,1947.2581204093103,0.024514299992006272
Dynamic Cost,1000,0,Classical,279.7525000000021,1502.6000000000042,0.792,0.20799999999999996,0.7241499999999998,706.5700159927535,0.03794650000054389
Dynamic Cost,1000,0,Proposed Quantum-Inspired,263.13000000000045,1895.2000000000019,0.835,0.16500000000000004,0.6300999999999999,64.61569081887154,0.05451320001157001
Dynamic Cost,1000,1,FCFS,269.5475000000006,1974.4,0.827,0.17300000000000004,0.6249999999999999,41.5052707496289,0.013697599992156029
Dynamic Cost,1000,1,Round Robin,269.5475000000006,1974.4,0.827,0.17300000000000004,0.6249999999999999,41.5052707496289,0.012800299969967455
Dynamic Cost,1000,1,Min-Min,221.16000000000162,1838.8000000000052,0.503,0.497,0.6999999999999998,1990.5593905985322,0.014396099955774844
Dynamic Cost,1000,1,Max-Min,331.6500000000013,919.4000000000026,1.0,0.0,0.8499999999999998,1990.5593905985322,0.014356400002725422
Dynamic Cost,1000,1,GA,332.49000000000336,919.4000000000026,1.0,0.0,0.8499999999999998,1990.5593905985322,0.02402559999609366
Dynamic Cost,1000,1,Classical,268.33750000000157,1671.3000000000038,0.72,0.28,0.6956499999999999,532.919494389162,0.03418200003216043
Dynamic Cost,1000,1,Proposed Quantum-Inspired,268.6225000000003,1932.4000000000008,0.809,0.19099999999999995,0.6304,80.04490926973432,0.060308200016152114
Dynamic Cost,1000,2,FCFS,267.30000000000086,1936.4999999999995,0.823,0.17700000000000005,0.6249999999999999,19.11151485361639,0.012820399948395789
Dynamic Cost,1000,2,Round Robin,267.30000000000086,1936.4999999999995,0.823,0.17700000000000005,0.6249999999999999,19.11151485361639,0.013895699987187982
Dynamic Cost,1000,2,Min-Min,219.2000000000016,1821.6000000000033,0.494,0.506,0.6999999999999998,1971.9398444171668,0.015323499974329025
Dynamic Cost,1000,2,Max-Min,328.71000000000146,910.8000000000017,1.0,0.0,0.8499999999999998,1971.9398444171668,0.015415900037623942
Dynamic Cost,1000,2,GA,329.67000000000326,910.8000000000017,1.0,0.0,0.8499999999999998,1971.9398444171668,0.027780400007031858
Dynamic Cost,1000,2,Classical,284.7625000000021,1521.3000000000034,0.799,0.20099999999999996,0.7218999999999999,722.334583139974,0.03771890001371503
Dynamic Cost,1000,2,Proposed Quantum-Inspired,266.3575000000005,1920.5000000000007,0.826,0.17400000000000004,0.62995,66.07760588883347,0.05726109998067841
Dynamic Cost,1000,3,FCFS,258.30000000000024,1875.8999999999996,0.834,0.16600000000000004,0.6249999999999999,15.256146302392358,0.013333799957763404
Dynamic Cost,1000,3,Round Robin,258.30000000000024,1875.8999999999996,0.834,0.16600000000000004,0.6249999999999999,15.256146302392358,0.01276840001810342
Dynamic Cost,1000,3,Min-Min,212.26000000000158,1772.0000000000055,0.518,0.482,0.6999999999999998,1918.2462693825316,0.01505749998614192
Dynamic Cost,1000,3,Max-Min,318.3000000000018,886.0000000000027,1.0,0.0,0.8499999999999998,1918.2462693825316,0.014825199963524938
Dynamic Cost,1000,3,GA,317.2500000000031,886.0000000000027,1.0,0.0,0.8499999999999998,1918.2462693825316,0.0256212999811396
Dynamic Cost,1000,3,Classical,274.30250000000166,1481.7000000000005,0.796,0.20399999999999996,0.7154499999999998,705.6098426184261,0.03867119998903945
Dynamic Cost,1000,3,Proposed Quantum-Inspired,259.9925000000005,1865.9000000000003,0.848,0.15200000000000002,0.6235,85.69276515552524,0.058863300015218556
Dynamic Cost,1000,4,FCFS,256.59000000000094,1887.1000000000035,0.828,0.17200000000000004,0.6249999999999999,37.84838173555112,0.01412109995726496
Dynamic Cost,1000,4,Round Robin,256.59000000000094,1887.1000000000035,0.828,0.17200000000000004,0.6249999999999999,37.84838173555112,0.017870100040454417
Dynamic Cost,1000,4,Min-Min,212.14000000000183,1768.000000000003,0.523,0.477,0.6999999999999998,1913.9161423636094,0.01617610000539571
Dynamic Cost,1000,4,Max-Min,318.1200000000017,884.0000000000015,1.0,0.0,0.8499999999999998,1913.9161423636094,0.015100699965842068
Dynamic Cost,1000,4,GA,317.040000000003,884.0000000000015,1.0,0.0,0.8499999999999998,1913.9161423636094,0.025721199985127896
Dynamic Cost,1000,4,Classical,278.50750000000187,1446.0000000000052,0.826,0.17400000000000004,0.7254999999999999,777.3602768343646,0.033410999982152134
Dynamic Cost,1000,4,Proposed Quantum-Inspired,256.1600000000007,1866.3000000000025,0.831,0.16900000000000004,0.6323499999999999,74.67596668272866,0.0559724000049755
Dynamic Cost,1000,5,FCFS,265.3575000000003,1931.800000000003,0.831,0.16900000000000004,0.6249999999999999,10.709224995301948,0.01378790003946051
Dynamic Cost,1000,5,Round Robin,265.3575000000003,1931.800000000003,0.831,0.16900000000000004,0.6249999999999999,10.709224995301948,0.013585499953478575
Dynamic Cost,1000,5,Min-Min,217.7800000000019,1815.600000000003,0.521,0.479,0.6999999999999998,1965.4446538887835,0.015398100018501282
Dynamic Cost,1000,5,Max-Min,326.5800000000016,907.8000000000015,1.0,0.0,0.8499999999999998,1965.4446538887835,0.016707800037693232
Dynamic Cost,1000,5,GA,326.4300000000035,907.8000000000015,1.0,0.0,0.8499999999999998,1965.4446538887835,0.02981109998654574
Dynamic Cost,1000,5,Classical,287.5100000000025,1466.8000000000027,0.817,0.18300000000000005,0.7273,828.1251037735784,0.03669310000259429
Dynamic Cost,1000,5,Proposed Quantum-Inspired,265.15500000000077,1932.3000000000009,0.841,0.15900000000000003,0.6232000000000001,31.751968442917047,0.05387140001403168
Dynamic Cost,1000,6,FCFS,257.9700000000008,1897.5000000000014,0.827,0.17300000000000004,0.6249999999999999,40.42508503392417,0.01344109995989129
Dynamic Cost,1000,6,Round Robin,257.9700000000008,1897.5000000000014,0.827,0.17300000000000004,0.6249999999999999,40.42508503392417,0.013835799996741116
Dynamic Cost,1000,6,Min-Min,211.88000000000156,1768.400000000004,0.515,0.485,0.6999999999999998,1914.3491550655017,0.0148308000061661
Dynamic Cost,1000,6,Max-Min,317.73000000000167,884.200000000002,1.0,0.0,0.8499999999999998,1914.3491550655017,0.014423099986743182
Dynamic Cost,1000,6,GA,318.09000000000304,884.200000000002,1.0,0.0,0.8499999999999998,1914.3491550655017,0.025264800002332777
Dynamic Cost,1000,6,Classical,278.575000000002,1445.0000000000034,0.821,0.17900000000000005,0.7337499999999998,771.8339766426456,0.03739559999667108
Dynamic Cost,1000,6,Proposed Quantum-Inspired,258.0350000000005,1870.8000000000015,0.837,0.16300000000000003,0.62665,27.03123193641015,0.056620400049723685
Dynamic Cost,1000,7,FCFS,264.4400000000009,1919.800000000002,0.828,0.17200000000000004,0.6249999999999999,12.449899597988733,0.014198000018950552
Dynamic Cost,1000,7,Round Robin,264.4400000000009,1919.800000000002,0.828,0.17200000000000004,0.6249999999999999,12.449899597988733,0.013690599997062236
Dynamic Cost,1000,7,Min-Min,217.16000000000165,1809.6000000000047,0.516,0.484,0.6999999999999998,1958.9494633604002,0.01504140003817156
Dynamic Cost,1000,7,Max-Min,325.6500000000019,904.8000000000023,1.0,0.0,0.8499999999999998,1958.9494633604002,0.014481399965006858
Dynamic Cost,1000,7,GA,325.38000000000335,904.8000000000023,1.0,0.0,0.8499999999999998,1958.9494633604002,0.026062299963086843
Dynamic Cost,1000,7,Classical,282.255000000002,1498.9000000000028,0.8,0.19999999999999996,0.7215999999999998,745.1201245436872,0.07549670001026243
Dynamic Cost,1000,7,Proposed Quantum-Inspired,264.9225000000004,1915.9000000000021,0.837,0.16300000000000003,0.62695,48.24417063231578,0.05413210002006963
Dynamic Cost,1000,8,FCFS,265.7125000000008,1928.8000000000015,0.845,0.15500000000000003,0.6249999999999999,26.836309358777335,0.014126499998383224
Dynamic Cost,1000,8,Round Robin,265.7125000000008,1928.8000000000015,0.845,0.15500000000000003,0.6249999999999999,26.836309358777335,0.01383970002643764
Dynamic Cost,1000,8,Min-Min,217.82000000000144,1814.0000000000039,0.533,0.46699999999999997,0.6999999999999998,1963.7126030812146,0.014475600037258118
Dynamic Cost,1000,8,Max-Min,326.6400000000016,907.0000000000019,1.0,0.0,0.8499999999999998,1963.7126030812146,0.01458650000859052
Dynamic Cost,1000,8,GA,326.6100000000033,907.0000000000019,1.0,0.0,0.8499999999999998,1963.7126030812146,0.023902299988549203
Dynamic Cost,1000,8,Classical,287.31250000000216,1468.600000000004,0.818,0.18200000000000005,0.7341999999999999,818.6917536533515,0.03209340001922101
Dynamic Cost,1000,8,Proposed Quantum-Inspired,265.75500000000056,1904.5000000000002,0.861,0.139,0.634,67.51805314136361,0.05508439999539405
Dynamic Cost,1000,9,FCFS,265.2925000000008,1928.5000000000025,0.843,0.15700000000000003,0.6249999999999999,30.75203245315665,0.013988399994559586
Dynamic Cost,1000,9,Round Robin,265.2925000000008,1928.5000000000025,0.843,0.15700000000000003,0.6249999999999999,30.75203245315665,0.013564699969720095
Dynamic Cost,1000,9,Min-Min,217.6200000000016,1815.6000000000033,0.527,0.473,0.6999999999999998,1965.4446538887835,0.01438790000975132
Dynamic Cost,1000,9,Max-Min,326.3400000000018,907.8000000000017,1.0,0.0,0.8499999999999998,1965.4446538887835,0.015089499996975064
Dynamic Cost,1000,9,GA,326.67000000000354,907.8000000000017,1.0,0.0,0.8499999999999998,1965.4446538887835,0.02424179995432496
Dynamic Cost,1000,9,Classical,281.8200000000022,1496.5999999999985,0.793,0.20699999999999996,0.7301499999999999,746.2427135322663,0.03350769996177405
Dynamic Cost,1000,9,Proposed Quantum-Inspired,264.9925000000005,1954.0,0.841,0.15900000000000003,0.62215,45.75136609982264,0.05449640000006184
Dynamic Cost,1000,10,FCFS,273.0750000000006,1958.100000000001,0.836,0.16400000000000003,0.6249999999999999,53.46201922860752,0.013315999996848404
Dynamic Cost,1000,10,Round Robin,273.0750000000006,1958.100000000001,0.836,0.16400000000000003,0.6249999999999999,53.46201922860752,0.013034700008574873
Dynamic Cost,1000,10,Min-Min,222.46000000000183,1850.8000000000047,0.499,0.501,0.6999999999999998,2003.5497716552989,0.014019399997778237
Dynamic Cost,1000,10,Max-Min,333.60000000000184,925.4000000000024,1.0,0.0,0.8499999999999998,2003.5497716552989,0.01448720000917092
Dynamic Cost,1000,10,GA,334.08000000000334,925.4000000000024,1.0,0.0,0.8499999999999998,2003.5497716552989,0.024346100050024688
Dynamic Cost,1000,10,Classical,281.8800000000021,1591.3000000000022,0.772,0.22799999999999998,0.7127499999999998,636.0040782101951,0.033166599983815104
Dynamic Cost,1000,10,Proposed Quantum-Inspired,271.96750000000054,1950.1999999999994,0.817,0.18300000000000005,0.62905,83.484654278496,0.053091300011146814
Dynamic Cost,1000,11,FCFS,269.6200000000007,1956.3999999999996,0.847,0.15300000000000002,0.6249999999999999,37.04304928053305,0.01504560001194477
Dynamic Cost,1000,11,Round Robin,269.6200000000007,1956.3999999999996,0.847,0.15300000000000002,0.6249999999999999,37.04304928053305,0.01566350000211969
Dynamic Cost,1000,11,Min-Min,221.62000000000168,1843.6000000000015,0.532,0.46799999999999997,0.6999999999999998,1995.755543021239,0.017471600032877177
Dynamic Cost,1000,11,Max-Min,332.3400000000017,921.8000000000008,1.0,0.0,0.8499999999999998,1995.755543021239,0.015081000048667192
Dynamic Cost,1000,11,GA,333.06000000000324,921.8000000000008,1.0,0.0,0.8499999999999998,1995.755543021239,0.027124799962621182
Dynamic Cost,1000,11,Classical,290.33250000000214,1534.5000000000039,0.815,0.18500000000000005,0.7241499999999998,758.7540362330866,0.03458819998195395
Dynamic Cost,1000,11,Proposed Quantum-Inspired,268.7550000000005,1956.6000000000017,0.834,0.16600000000000004,0.62815,74.61693842553446,0.056817600037902594
Dynamic Cost,1000,12,FCFS,271.28000000000077,1962.0999999999988,0.849,0.15100000000000002,0.6249999999999999,50.39841267341661,0.01418929995270446
Dynamic Cost,1000,12,Round Robin,271.28000000000077,1962.0999999999988,0.849,0.15100000000000002,0.6249999999999999,50.39841267341661,0.013496599975042045
Dynamic Cost,1000,12,Min-Min,222.70000000000175,1848.000000000003,0.514,0.486,0.6999999999999998,2000.5186827420532,0.014499799988698214
Dynamic Cost,1000,12,Max-Min,333.9600000000016,924.0000000000015,1.0,0.0,0.8499999999999998,2000.5186827420532,0.015909000008832663
Dynamic Cost,1000,12,GA,334.1400000000034,924.0000000000015,1.0,0.0,0.8499999999999998,2000.5186827420532,0.02459589997306466
Dynamic Cost,1000,12,Classical,288.12500000000216,1550.3000000000022,0.793,0.20699999999999996,0.7185999999999999,721.27525952302,0.033518999989610165
Dynamic Cost,1000,12,Proposed Quantum-Inspired,272.0250000000005,1963.7000000000005,0.846,0.15400000000000003,0.6206499999999999,28.635642126552707,0.05692569998791441
Dynamic Cost,1000,13,FCFS,267.1525000000009,1943.399999999999,0.828,0.17200000000000004,0.6249999999999999,9.730750228014282,0.013439699949230999
Dynamic Cost,1000,13,Round Robin,267.1525000000009,1943.399999999999,0.828,0.17200000000000004,0.6249999999999999,9.730750228014282,0.013787100033368915
Dynamic Cost,1000,13,Min-Min,219.7400000000017,1827.6000000000038,0.516,0.484,0.6999999999999998,1978.4350349455501,0.016581600008066744
Dynamic Cost,1000,13,Max-Min,329.5200000000021,913.8000000000019,1.0,0.0,0.8499999999999998,1978.4350349455501,0.014855600020382553
Dynamic Cost,1000,13,GA,328.62000000000376,913.8000000000019,1.0,0.0,0.8499999999999998,1978.4350349455501,0.02459459996316582
Dynamic Cost,1000,13,Classical,288.2650000000024,1487.0000000000025,0.814,0.18600000000000005,0.7305999999999999,808.9108031791886,0.032205099996645004
Dynamic Cost,1000,13,Proposed Quantum-Inspired,266.0075000000008,1928.7000000000007,0.848,0.15200000000000002,0.6297999999999999,99.37649369946597,0.053855600010138005
Dynamic Cost,1000,14,FCFS,264.06000000000085,1910.6000000000033,0.846,0.15400000000000003,0.6249999999999999,29.483045975611137,0.01410640001995489
Dynamic Cost,1000,14,Round Robin,264.06000000000085,1910.6000000000033,0.846,0.15400000000000003,0.6249999999999999,29.483045975611137,0.013000200036913157
Dynamic Cost,1000,14,Min-Min,216.52000000000155,1805.6000000000001,0.543,0.45699999999999996,0.6999999999999998,1954.619336341478,0.014084600028581917
Dynamic Cost,1000,14,Max-Min,324.6900000000019,902.8000000000001,1.0,0.0,0.8499999999999998,1954.619336341478,0.014978500024881214
Dynamic Cost,1000,14,GA,324.9000000000034,902.8000000000001,1.0,0.0,0.8499999999999998,1954.619336341478,0.025604300026316196
Dynamic Cost,1000,14,Classical,285.54250000000235,1475.3000000000034,0.825,0.17500000000000004,0.7277499999999999,800.7076557645743,0.0364508000202477
Dynamic Cost,1000,14,Proposed Quantum-Inspired,264.8725000000007,1890.100000000001,0.835,0.16500000000000004,0.6295,51.198144497628036,0.05949339998187497
Dynamic Cost,1000,15,FCFS,258.47250000000065,1888.1000000000015,0.829,0.17100000000000004,0.6249999999999999,13.790848414800301,0.014151800016406924
Dynamic Cost,1000,15,Round Robin,258.47250000000065,1888.1000000000015,0.829,0.17100000000000004,0.6249999999999999,13.790848414800301,0.014134199998807162
Dynamic Cost,1000,15,Min-Min,214.02000000000137,1782.000000000007,0.492,0.508,0.6999999999999998,1929.0715869298372,0.01717910001752898
Dynamic Cost,1000,15,Max-Min,320.94000000000165,891.0000000000035,1.0,0.0,0.8499999999999998,1929.0715869298372,0.014381499961018562
Dynamic Cost,1000,15,GA,317.610000000003,891.0000000000035,1.0,0.0,0.8499999999999998,1929.0715869298372,0.025008599972352386
Dynamic Cost,1000,15,Classical,278.8075000000019,1438.7000000000046,0.799,0.20099999999999996,0.7298499999999999,806.0333042126733,0.033944299968425184
Dynamic Cost,1000,15,Proposed Quantum-Inspired,255.38750000000047,1915.1000000000008,0.807,0.19299999999999995,0.6205,79.0865823006659,0.056969799974467605
Dynamic Cost,1000,16,FCFS,264.9450000000005,1925.6000000000006,0.846,0.15400000000000003,0.6249999999999999,19.00657780874821,0.05996240000240505
Dynamic Cost,1000,16,Round Robin,264.9450000000005,1925.6000000000006,0.846,0.15400000000000003,0.6249999999999999,19.00657780874821,0.014097700011916459
Dynamic Cost,1000,16,Min-Min,216.64000000000178,1805.6000000000035,0.494,0.506,0.6999999999999998,1954.619336341478,0.013611099973786622
Dynamic Cost,1000,16,Max-Min,324.8700000000015,902.8000000000018,1.0,0.0,0.8499999999999998,1954.619336341478,0.01455819996772334
Dynamic Cost,1000,16,GA,326.79000000000303,902.8000000000018,1.0,0.0,0.8499999999999998,1954.619336341478,0.02374839998083189
Dynamic Cost,1000,16,Classical,283.5150000000021,1516.7000000000014,0.799,0.20099999999999996,0.7215999999999998,710.2895536328829,0.034366499981842935
Dynamic Cost,1000,16,Proposed Quantum-Inspired,265.4450000000004,1889.0000000000007,0.818,0.18200000000000005,0.6300999999999999,65.09416256470314,0.05591120000462979
Dynamic Cost,1000,17,FCFS,264.60500000000076,1902.5,0.826,0.17400000000000004,0.6249999999999999,36.61283927804562,0.015018400037661195
Dynamic Cost,1000,17,Round Robin,264.60500000000076,1902.5,0.826,0.17400000000000004,0.6249999999999999,36.61283927804562,0.014604100026190281
Dynamic Cost,1000,17,Min-Min,216.12000000000177,1798.4000000000021,0.498,0.502,0.6999999999999998,1946.825107707418,0.015276499965693802
Dynamic Cost,1000,17,Max-Min,324.0900000000017,899.2000000000011,1.0,0.0,0.8499999999999998,1946.825107707418,0.015661299985367805
Dynamic Cost,1000,17,GA,324.33000000000317,899.2000000000011,1.0,0.0,0.8499999999999998,1946.825107707418,0.027479699987452477
Dynamic Cost,1000,17,Classical,283.0075000000022,1486.5000000000023,0.806,0.19399999999999995,0.72205,753.5539131342892,0.035854200017638505
Dynamic Cost,1000,17,Proposed Quantum-Inspired,262.61500000000063,1890.7000000000019,0.833,0.16700000000000004,0.6292000000000001,74.15861379502721,0.059074100048746914
Dynamic Cost,1000,18,FCFS,268.11250000000075,1954.500000000001,0.842,0.15800000000000003,0.6249999999999999,34.0697813318489,0.014415399986319244
Dynamic Cost,1000,18,Round Robin,268.11250000000075,1954.500000000001,0.842,0.15800000000000003,0.6249999999999999,34.0697813318489,0.013818699982948601
Dynamic Cost,1000,18,Min-Min,220.26000000000144,1834.4000000000042,0.525,0.475,0.6999999999999998,1985.7962508777177,0.015368900028988719
Dynamic Cost,1000,18,Max-Min,330.30000000000194,917.2000000000021,1.0,0.0,0.8499999999999998,1985.7962508777177,0.014749799971468747
Dynamic Cost,1000,18,GA,330.00000000000324,917.2000000000021,1.0,0.0,0.8499999999999998,1985.7962508777177,0.025160000019241124
Dynamic Cost,1000,18,Classical,286.2050000000021,1511.100000000002,0.804,0.19599999999999995,0.7220499999999999,765.1066919064294,0.03423600003588945
Dynamic Cost,1000,18,Proposed Quantum-Inspired,269.11000000000064,1932.6000000000006,0.823,0.17700000000000005,0.6284500000000001,59.052942348370756,0.05665849999058992
Dynamic Cost,1000,19,FCFS,264.53500000000054,1918.5000000000005,0.828,0.17200000000000004,0.6249999999999999,7.084313657652377,0.015037499950267375
Dynamic Cost,1000,19,Round Robin,264.53500000000054,1918.5000000000005,0.828,0.17200000000000004,0.6249999999999999,7.084313657652377,0.014364700007718056
Dynamic Cost,1000,19,Min-Min,216.56000000000154,1807.6000000000038,0.486,0.514,0.6999999999999998,1956.784399850939,0.015935700037516654
Dynamic Cost,1000,19,Max-Min,324.7500000000018,903.8000000000019,1.0,0.0,0.8499999999999998,1956.784399850939,0.014881700044497848
Dynamic Cost,1000,19,GA,325.35000000000343,903.8000000000019,1.0,0.0,0.8499999999999998,1956.784399850939,0.026780400017742068
Dynamic Cost,1000,19,Classical,282.6725000000021,1496.5000000000014,0.788,0.21199999999999997,0.7227999999999999,745.8328817503289,0.03664030000800267
Dynamic Cost,1000,19,Proposed Quantum-Inspired,265.1275000000003,1910.6999999999998,0.828,0.17200000000000004,0.6217,81.17073056219218,0.05943269998533651
Dynamic Cost,1000,20,FCFS,263.88500000000056,1940.000000000002,0.815,0.18500000000000005,0.6249999999999999,27.343874999714288,0.015413600020110607
Dynamic Cost,1000,20,Round Robin,263.88500000000056,1940.000000000002,0.815,0.18500000000000005,0.6249999999999999,27.343874999714288,0.01421600003959611
Dynamic Cost,1000,20,Min-Min,217.58000000000163,1812.4000000000028,0.507,0.493,0.6999999999999998,1961.9805522736458,0.01699710002867505
Dynamic Cost,1000,20,Max-Min,326.2800000000018,906.2000000000014,1.0,0.0,0.8499999999999998,1961.9805522736458,0.017115900001954287
Dynamic Cost,1000,20,GA,325.50000000000307,906.2000000000014,1.0,0.0,0.8499999999999998,1961.9805522736458,0.026366300007794052
Dynamic Cost,1000,20,Classical,285.96250000000185,1479.100000000002,0.801,0.19899999999999995,0.7298499999999999,799.8910472683139,0.03294160001678392
Dynamic Cost,1000,20,Proposed Quantum-Inspired,262.84750000000054,1891.5999999999997,0.824,0.17600000000000005,0.6326499999999999,101.36166681739206,0.05198689998360351
Dynamic Cost,1000,21,FCFS,257.3675000000007,1881.3000000000013,0.843,0.15700000000000003,0.6249999999999999,38.75886995256699,0.013402100012172014
Dynamic Cost,1000,21,Round Robin,257.3675000000007,1881.3000000000013,0.843,0.15700000000000003,0.6249999999999999,38.75886995256699,0.012660799955483526
Dynamic Cost,1000,21,Min-Min,210.5800000000014,1756.0000000000032,0.54,0.45999999999999996,0.6999999999999998,1900.9257613068428,0.013725699973292649
Dynamic Cost,1000,21,Max-Min,315.78000000000117,878.0000000000016,1.0,0.0,0.8499999999999998,1900.9257613068428,0.014012800005730242
Dynamic Cost,1000,21,GA,316.9800000000028,878.0000000000016,1.0,0.0,0.8499999999999998,1900.9257613068428,0.024418100016191602
Dynamic Cost,1000,21,Classical,276.33750000000185,1447.9000000000042,0.822,0.17800000000000005,0.7277499999999999,740.8287588910139,0.03298519999952987
Dynamic Cost,1000,21,Proposed Quantum-Inspired,257.8725000000006,1855.0000000000016,0.843,0.15700000000000003,0.6345999999999999,25.8602010819715,0.05302679998567328
Dynamic Cost,1000,22,FCFS,263.38250000000045,1918.1000000000029,0.842,0.15800000000000003,0.6249999999999999,21.0535032714273,0.013501100009307265
Dynamic Cost,1000,22,Round Robin,263.38250000000045,1918.1000000000029,0.842,0.15800000000000003,0.6249999999999999,21.0535032714273,0.012958300008904189
Dynamic Cost,1000,22,Min-Min,215.9600000000018,1797.6000000000035,0.535,0.46499999999999997,0.6999999999999998,1945.9590823036337,0.014362299989443272
Dynamic Cost,1000,22,Max-Min,323.85000000000184,898.8000000000018,1.0,0.0,0.8499999999999998,1945.9590823036337,0.014383599977008998
Dynamic Cost,1000,22,GA,324.18000000000313,898.8000000000018,1.0,0.0,0.8499999999999998,1945.9590823036337,0.024986800039187074
Dynamic Cost,1000,22,Classical,283.98500000000246,1459.7000000000044,0.814,0.18600000000000005,0.7325499999999999,797.3046782755009,0.04048909997800365
Dynamic Cost,1000,22,Proposed Quantum-Inspired,261.9600000000007,1904.7000000000007,0.821,0.17900000000000005,0.6260500000000001,72.58615570478987,0.0658199000172317
Dynamic Cost,1000,23,FCFS,255.7100000000004,1865.7000000000005,0.844,0.15600000000000003,0.6249999999999999,27.35415873317986,0.014261099975556135
Dynamic Cost,1000,23,Round Robin,255.7100000000004,1865.7000000000005,0.844,0.15600000000000003,0.6249999999999999,27.35415873317986,0.015797800035215914
Dynamic Cost,1000,23,Min-Min,209.3200000000013,1748.0000000000052,0.54,0.45999999999999996,0.6999999999999998,1892.2655072689984,0.014958399988245219
Dynamic Cost,1000,23,Max-Min,313.8900000000016,874.0000000000026,1.0,0.0,0.8499999999999998,1892.2655072689984,0.015613400028087199
Dynamic Cost,1000,23,GA,315.6900000000033,874.0000000000026,1.0,0.0,0.8499999999999998,1892.2655072689984,0.025010599987581372
Dynamic Cost,1000,23,Classical,272.4600000000019,1465.800000000005,0.806,0.19399999999999995,0.7224999999999998,685.7596153172043,0.0348602999583818
Dynamic Cost,1000,23,Proposed Quantum-Inspired,255.88250000000014,1846.4000000000024,0.846,0.15400000000000003,0.6290500000000001,33.90058996536786,0.0984543000231497
Dynamic Cost,1000,24,FCFS,260.3275000000006,1894.999999999999,0.864,0.136,0.6249999999999999,14.428704030508076,0.014116899983491749
Dynamic Cost,1000,24,Round Robin,260.3275000000006,1894.999999999999,0.864,0.136,0.6249999999999999,14.428704030508076,0.013927699998021126
Dynamic Cost,1000,24,Min-Min,213.82000000000153,1782.8000000000054,0.536,0.46399999999999997,0.6999999999999998,1929.9376123336215,0.015133900044020265
Dynamic Cost,1000,24,Max-Min,320.6400000000015,891.4000000000027,1.0,0.0,0.8499999999999998,1929.9376123336215,0.019329799979459494
Dynamic Cost,1000,24,GA,320.040000000003,891.4000000000027,1.0,0.0,0.8499999999999998,1929.9376123336215,0.02859490003902465
Dynamic Cost,1000,24,Classical,278.67750000000217,1472.300000000001,0.816,0.18400000000000005,0.7244499999999998,746.5927186224093,0.03226300003007054
Dynamic Cost,1000,24,Proposed Quantum-Inspired,260.03250000000054,1879.1000000000008,0.848,0.15200000000000002,0.6311499999999999,35.280128968018246,0.05675379995955154
Dynamic Cost,1000,25,FCFS,265.27750000000066,1906.1000000000026,0.857,0.14300000000000002,0.6249999999999999,22.74862633215465,0.016123400011565536
Dynamic Cost,1000,25,Round Robin,265.27750000000066,1906.1000000000026,0.857,0.14300000000000002,0.6249999999999999,22.74862633215465,0.013480000023264438
Dynamic Cost,1000,25,Min-Min,217.34000000000174,1806.4000000000033,0.517,0.483,0.6999999999999998,1955.4853617452625,0.014480200014077127
Dynamic Cost,1000,25,Max-Min,325.9200000000016,903.2000000000016,1.0,0.0,0.8499999999999998,1955.4853617452625,0.013795999984722584
Dynamic Cost,1000,25,GA,326.1300000000031,903.2000000000016,1.0,0.0,0.8499999999999998,1955.4853617452625,0.02585089998319745
Dynamic Cost,1000,25,Classical,284.52750000000225,1484.2000000000048,0.804,0.19599999999999995,0.73105,768.8475141404829,0.03408429998671636
Dynamic Cost,1000,25,Proposed Quantum-Inspired,264.81500000000074,1897.8000000000013,0.828,0.17200000000000004,0.6269499999999999,52.52142420003479,0.055394699971657246
Dynamic Cost,1000,26,FCFS,265.9800000000007,1941.8000000000006,0.843,0.15700000000000003,0.6249999999999999,15.890248582070704,0.01323229999979958
Dynamic Cost,1000,26,Round Robin,265.9800000000007,1941.8000000000006,0.843,0.15700000000000003,0.6249999999999999,15.890248582070704,0.012834499997552484
Dynamic Cost,1000,26,Min-Min,218.62000000000174,1820.8000000000043,0.542,0.45799999999999996,0.6999999999999998,1971.0738190133823,0.01460999995470047
Dynamic Cost,1000,26,Max-Min,327.84000000000196,910.4000000000021,1.0,0.0,0.8499999999999998,1971.0738190133823,0.014114900026470423
Dynamic Cost,1000,26,GA,327.1800000000035,910.4000000000021,1.0,0.0,0.8499999999999998,1971.0738190133823,0.024920299998484552
Dynamic Cost,1000,26,Classical,284.69250000000204,1503.9000000000044,0.813,0.18700000000000006,0.7252,762.3614628245581,0.03840170003240928
Dynamic Cost,1000,26,Proposed Quantum-Inspired,265.1925000000008,1926.3999999999996,0.845,0.15500000000000003,0.6235,36.932370625238775,0.0524662000243552
Dynamic Cost,1000,27,FCFS,263.15250000000066,1904.5000000000016,0.842,0.15800000000000003,0.6249999999999999,35.33411948810951,0.014074000006075948
Dynamic Cost,1000,27,Round Robin,263.15250000000066,1904.5000000000016,0.842,0.15800000000000003,0.6249999999999999,35.33411948810951,0.013075899973046035
Dynamic Cost,1000,27,Min-Min,215.06000000000182,1792.0000000000045,0.486,0.514,0.6999999999999998,1939.8969044771425,0.014373299956787378
Dynamic Cost,1000,27,Max-Min,322.5000000000018,896.0000000000023,1.0,0.0,0.8499999999999998,1939.8969044771425,0.014300899987574667
Dynamic Cost,1000,27,GA,323.70000000000323,896.0000000000023,1.0,0.0,0.8499999999999998,1939.8969044771425,0.024382199975661933
Dynamic Cost,1000,27,Classical,284.117500000002,1461.6000000000054,0.805,0.19499999999999995,0.7295499999999998,788.3159265167741,0.03424149996135384
Dynamic Cost,1000,27,Proposed Quantum-Inspired,260.6900000000008,1902.5000000000016,0.817,0.18300000000000005,0.63085,88.58047188856018,0.054138800012879074
Dynamic Cost,1000,28,FCFS,251.86750000000075,1832.7,0.842,0.15800000000000003,0.6249999999999999,27.83433131943356,0.015436200017575175
Dynamic Cost,1000,28,Round Robin,251.86750000000075,1832.7,0.842,0.15800000000000003,0.6249999999999999,27.83433131943356,0.013474000035785139
Dynamic Cost,1000,28,Min-Min,205.3000000000015,1716.0000000000034,0.524,0.476,0.6999999999999998,1857.624491117621,0.01549309998517856
Dynamic Cost,1000,28,Max-Min,307.8600000000016,858.0000000000017,1.0,0.0,0.8499999999999998,1857.624491117621,0.017950600013136864
Dynamic Cost,1000,28,GA,309.78000000000293,858.0000000000017,1.0,0.0,0.8499999999999998,1857.624491117621,0.02591450000181794
Dynamic Cost,1000,28,Classical,265.7025000000014,1460.6000000000024,0.787,0.21299999999999997,0.7142499999999999,634.0617083533747,0.03451859997585416
Dynamic Cost,1000,28,Proposed Quantum-Inspired,250.32500000000024,1849.1000000000013,0.838,0.16200000000000003,0.61945,58.39734583009745,0.05690860003232956
Dynamic Cost,1000,29,FCFS,261.31250000000057,1928.4000000000008,0.849,0.15100000000000002,0.6249999999999999,44.94093345715017,0.01566179998917505
Dynamic Cost,1000,29,Round Robin,261.31250000000057,1928.4000000000008,0.849,0.15100000000000002,0.6249999999999999,44.94093345715017,0.014756299962755293
Dynamic Cost,1000,29,Min-Min,215.52000000000135,1793.2000000000037,0.529,0.471,0.6999999999999998,1941.1959425828193,0.01546779996715486
Dynamic Cost,1000,29,Max-Min,323.1900000000016,896.6000000000018,1.0,0.0,0.8499999999999998,1941.1959425828193,0.014148199988994747
Dynamic Cost,1000,29,GA,321.9000000000032,896.6000000000018,1.0,0.0,0.8499999999999998,1941.1959425828193,0.026399900030810386
Dynamic Cost,1000,29,Classical,284.34500000000213,1440.600000000002,0.824,0.17600000000000005,0.7355499999999998,834.3831179380369,0.034818299987819046
Dynamic Cost,1000,29,Proposed Quantum-Inspired,262.7650000000005,1885.099999999999,0.844,0.15600000000000003,0.6274,42.920711783473486,0.05655699997441843
Dynamic Cost,2000,0,FCFS,522.5900000000022,3791.7999999999897,0.8395,0.16049999999999998,0.6249999999999999,19.253246479490155,0.02834190003341064
Dynamic Cost,2000,0,Round Robin,522.5900000000022,3791.7999999999897,0.8395,0.16049999999999998,0.6249999999999999,19.253246479490155,0.029688699985854328
Dynamic Cost,2000,0,Min-Min,429.0800000000038,3576.400000000012,0.5275,0.47250000000000003,0.6999999999999998,3871.566567618333,0.031275699962861836
Dynamic Cost,2000,0,Max-Min,643.5300000000003,1788.200000000006,1.0,0.0,0.8499999999999998,3871.566567618333,0.031235600006766617
Dynamic Cost,2000,0,GA,643.8299999999933,1788.200000000006,1.0,0.0,0.8499999999999998,3871.566567618333,0.09501699998509139
Dynamic Cost,2000,0,Classical,607.7499999999974,2391.3999999999937,0.896,0.10399999999999998,0.7870749999999999,2609.650683041698,0.06708049995359033
Dynamic Cost,2000,0,Proposed Quantum-Inspired,519.4750000000026,3802.899999999995,0.8355,0.16449999999999998,0.62515,162.89164343206807,0.11935300001641735
Dynamic Cost,2000,1,FCFS,532.0025000000007,3880.699999999992,0.8345,0.16549999999999998,0.6249999999999999,40.786027019066225,0.028811700001824647
Dynamic Cost,2000,1,Round Robin,532.0025000000007,3880.699999999992,0.8345,0.16549999999999998,0.6249999999999999,40.786027019066225,0.028424900025129318
Dynamic Cost,2000,1,Min-Min,436.6000000000037,3635.2000000000126,0.511,0.489,0.6999999999999998,3935.219434796489,0.030136499961372465
Dynamic Cost,2000,1,Max-Min,654.8099999999995,1817.6000000000063,1.0,0.0,0.8499999999999998,3935.219434796489,0.031152899959124625
Dynamic Cost,2000,1,GA,655.5599999999909,1817.6000000000063,1.0,0.0,0.8499999999999998,3935.219434796489,0.05554690002463758
Dynamic Cost,2000,1,Classical,599.9099999999969,2569.499999999993,0.86,0.14,0.7728249999999999,2300.7461833066245,0.06418359995586798
Dynamic Cost,2000,1,Proposed Quantum-Inspired,530.1725000000012,3842.1999999999957,0.816,0.18400000000000005,0.627925,127.37542934176905,0.11310539999976754
Dynamic Cost,2000,2,FCFS,523.6950000000015,3810.8999999999987,0.83,0.17000000000000004,0.6249999999999999,40.263972729972885,0.029054000042378902
Dynamic Cost,2000,2,Round Robin,523.6950000000015,3810.8999999999987,0.83,0.17000000000000004,0.6249999999999999,40.263972729972885,0.02986159996362403
Dynamic Cost,2000,2,Min-Min,430.880000000003,3588.4000000000165,0.499,0.501,0.6999999999999998,3884.5569486750996,0.03015519998734817
Dynamic Cost,2000,2,Max-Min,646.230000000001,1794.2000000000082,1.0,0.0,0.8499999999999998,3884.5569486750996,0.029659899999387562
Dynamic Cost,2000,2,GA,644.7599999999927,1794.2000000000082,1.0,0.0,0.8499999999999998,3884.5569486750996,0.04947029997128993
Dynamic Cost,2000,2,Classical,609.0049999999959,2404.7000000000044,0.8995,0.10050000000000003,0.7859499999999998,2618.2950917534104,0.07034820003900677
Dynamic Cost,2000,2,Proposed Quantum-Inspired,524.362500000002,3760.3999999999965,0.832,0.16800000000000004,0.63175,112.4974999722216,0.12319529999513179
Dynamic Cost,2000,3,FCFS,523.7550000000014,3757.2999999999965,0.8425,0.15749999999999997,0.6249999999999999,32.080952292598795,0.02850469999248162
Dynamic Cost,2000,3,Round Robin,523.7550000000014,3757.2999999999965,0.8425,0.15749999999999997,0.6249999999999999,32.080952292598795,0.0723736000363715
Dynamic Cost,2000,3,Min-Min,426.24000000000314,3554.0000000000236,0.516,0.484,0.6999999999999998,3847.317856312369,0.02847629995085299
Dynamic Cost,2000,3,Max-Min,639.2700000000004,1777.0000000000118,1.0,0.0,0.8499999999999998,3847.317856312369,0.03275939996819943
Dynamic Cost,2000,3,GA,643.5299999999925,1777.0000000000118,1.0,0.0,0.8499999999999998,3847.317856312369,0.05328870000084862
Dynamic Cost,2000,3,Classical,608.9949999999955,2372.699999999994,0.898,0.10199999999999998,0.7827249999999998,2621.2670957954665,0.0685735999722965
Dynamic Cost,2000,3,Proposed Quantum-Inspired,525.0375000000015,3745.5999999999917,0.848,0.15200000000000002,0.626875,60.87025135482849,0.10785829997621477
Dynamic Cost,2000,4,FCFS,517.892500000002,3761.999999999991,0.829,0.17100000000000004,0.6249999999999999,25.183079636930824,0.028362699958961457
Dynamic Cost,2000,4,Round Robin,517.892500000002,3761.999999999991,0.829,0.17100000000000004,0.6249999999999999,25.183079636930824,0.02753259998280555
Dynamic Cost,2000,4,Min-Min,424.3400000000034,3538.800000000017,0.508,0.492,0.6999999999999998,3830.8633736404645,0.03104689996689558
Dynamic Cost,2000,4,Max-Min,636.4200000000008,1769.4000000000085,1.0,0.0,0.8499999999999998,3830.8633736404645,0.03078470000764355
Dynamic Cost,2000,4,GA,638.5199999999936,1769.4000000000085,1.0,0.0,0.8499999999999998,3830.8633736404645,0.049489099998027086
Dynamic Cost,2000,4,Classical,606.9599999999972,2331.400000000003,0.913,0.08699999999999997,0.7877499999999997,2687.1392199698175,0.07033600000431761
Dynamic Cost,2000,4,Proposed Quantum-Inspired,514.2300000000026,3733.099999999993,0.8235,0.1765,0.63205,181.33032702777547,0.10693419998278841
Dynamic Cost,2000,5,FCFS,522.1675000000015,3810.499999999997,0.835,0.16500000000000004,0.6249999999999999,33.24154027718932,0.030512499972246587
Dynamic Cost,2000,5,Round Robin,522.1675000000015,3810.499999999997,0.835,0.16500000000000004,0.6249999999999999,33.24154027718932,0.02860249998047948
Dynamic Cost,2000,5,Min-Min,428.26000000000283,3571.2000000000235,0.528,0.472,0.6999999999999998,3865.937402493734,0.030364400008693337
Dynamic Cost,2000,5,Max-Min,642.2999999999995,1785.6000000000117,1.0,0.0,0.8499999999999998,3865.937402493734,0.028666400001384318
Dynamic Cost,2000,5,GA,643.9199999999927,1785.6000000000117,1.0,0.0,0.8499999999999998,3865.937402493734,0.04826609999872744
Dynamic Cost,2000,5,Classical,612.1699999999959,2344.6000000000013,0.9085,0.09150000000000003,0.7886499999999999,2720.5211816855976,0.11001860001124442
Dynamic Cost,2000,5,Proposed Quantum-Inspired,523.4150000000017,3795.8999999999983,0.844,0.15600000000000003,0.6271,67.25696989903723,0.1049514000187628
Dynamic Cost,2000,6,FCFS,523.4325000000024,3822.599999999997,0.8265,0.1735,0.6249999999999999,30.894983411550815,0.02883959998143837
Dynamic Cost,2000,6,Round Robin,523.4325000000024,3822.599999999997,0.8265,0.1735,0.6249999999999999,30.894983411550815,0.028506800008472055
Dynamic Cost,2000,6,Min-Min,429.7000000000029,3584.0000000000146,0.514,0.486,0.6999999999999998,3879.793808954285,0.0355144000495784
Dynamic Cost,2000,6,Max-Min,644.4600000000006,1792.0000000000073,1.0,0.0,0.8499999999999998,3879.793808954285,0.03035669995006174
Dynamic Cost,2000,6,GA,644.819999999994,1792.0000000000073,1.0,0.0,0.8499999999999998,3879.793808954285,0.05297939997399226
Dynamic Cost,2000,6,Classical,612.7699999999967,2352.7999999999984,0.9105,0.08950000000000002,0.7918749999999998,2727.2672219641404,0.06782810000004247
Dynamic Cost,2000,6,Proposed Quantum-Inspired,522.8025000000009,3774.800000000001,0.8285,0.17149999999999999,0.62995,118.66549624890969,0.10915099998237565
Dynamic Cost,2000,7,FCFS,538.4925000000007,3884.5999999999963,0.829,0.17100000000000004,0.6249999999999999,37.45330426010501,0.02745100000174716
Dynamic Cost,2000,7,Round Robin,538.4925000000007,3884.5999999999963,0.829,0.17100000000000004,0.6249999999999999,37.45330426010501,0.02654719998827204
Dynamic Cost,2000,7,Min-Min,440.90000000000276,3671.2000000000126,0.5075,0.49250000000000005,0.6999999999999998,3974.190577966789,0.03074330004164949
Dynamic Cost,2000,7,Max-Min,661.2600000000007,1835.6000000000063,1.0,0.0,0.8499999999999998,3974.190577966789,0.030222600034903735
Dynamic Cost,2000,7,GA,661.8299999999927,1835.6000000000063,1.0,0.0,0.8499999999999998,3974.190577966789,0.050369200005661696
Dynamic Cost,2000,7,Classical,627.3649999999951,2429.699999999994,0.9,0.09999999999999998,0.7857999999999997,2746.591842629698,0.09462029999122024
Dynamic Cost,2000,7,Proposed Quantum-Inspired,538.2450000000007,3861.099999999997,0.827,0.17300000000000004,0.63085,81.14339159783746,0.18149930000072345
Dynamic Cost,2000,8,FCFS,520.8600000000018,3806.199999999996,0.841,0.15900000000000003,0.6249999999999999,52.112258634605354,0.04537870001513511
Dynamic Cost,2000,8,Round Robin,520.8600000000018,3806.199999999996,0.841,0.15900000000000003,0.6249999999999999,52.112258634605354,0.028979700000490993
Dynamic Cost,2000,8,Min-Min,427.9200000000027,3570.000000000015,0.5295,0.47050000000000003,0.6999999999999998,3864.6383643880577,0.03290320001542568
Dynamic Cost,2000,8,Max-Min,641.7899999999998,1785.0000000000075,1.0,0.0,0.8499999999999998,3864.6383643880577,0.08468710002489388
Dynamic Cost,2000,8,GA,640.2299999999926,1785.0000000000075,1.0,0.0,0.8499999999999998,3864.6383643880577,0.0487182000069879
Dynamic Cost,2000,8,Classical,608.129999999996,2346.600000000001,0.909,0.09099999999999997,0.7920999999999998,2710.414855238954,0.0714363000006415
Dynamic Cost,2000,8,Proposed Quantum-Inspired,520.285000000002,3745.0,0.8465,0.15349999999999997,0.631225,154.80532129096855,0.11037489998852834
Dynamic Cost,2000,9,FCFS,527.9450000000013,3838.8999999999946,0.839,0.16100000000000003,0.6249999999999999,42.15744299646268,0.03028990002349019
Dynamic Cost,2000,9,Round Robin,527.9450000000013,3838.8999999999946,0.839,0.16100000000000003,0.6249999999999999,42.15744299646268,0.02965149999363348
Dynamic Cost,2000,9,Min-Min,433.4400000000032,3612.0000000000186,0.5285,0.47150000000000003,0.6999999999999998,3910.1046980867404,0.02980710001429543
Dynamic Cost,2000,9,Max-Min,650.0700000000015,1806.0000000000093,1.0,0.0,0.8499999999999998,3910.1046980867404,0.030501500004902482
Dynamic Cost,2000,9,GA,648.6299999999939,1806.0000000000093,1.0,0.0,0.8499999999999998,3910.1046980867404,0.05312650004634634
Dynamic Cost,2000,9,Classical,612.6399999999967,2394.7999999999947,0.8965,0.10350000000000004,0.7900749999999999,2667.3170508958997,0.06435489997966215
Dynamic Cost,2000,9,Proposed Quantum-Inspired,529.3700000000014,3815.999999999994,0.8345,0.16549999999999998,0.6303249999999999,75.59927248327196,0.10669270000653341
Dynamic Cost,2000,10,FCFS,526.7325000000017,3809.999999999998,0.8395,0.16049999999999998,0.6249999999999999,59.95571282204891,0.0290038000093773
Dynamic Cost,2000,10,Round Robin,526.7325000000017,3809.999999999998,0.8395,0.16049999999999998,0.6249999999999999,59.95571282204891,0.025862000009510666
Dynamic Cost,2000,10,Min-Min,430.8600000000041,3592.400000000015,0.5035,0.49650000000000005,0.6999999999999998,3888.887075694022,0.027696100005414337
Dynamic Cost,2000,10,Max-Min,646.2000000000004,1796.2000000000075,1.0,0.0,0.8499999999999998,3888.887075694022,0.029252199979964644
Dynamic Cost,2000,10,GA,647.8499999999926,1796.2000000000075,1.0,0.0,0.8499999999999998,3888.887075694022,0.04841439996380359
Dynamic Cost,2000,10,Classical,605.7649999999971,2462.0999999999935,0.886,0.11399999999999999,0.7813749999999998,2478.961513920698,0.0638524999958463
Dynamic Cost,2000,10,Proposed Quantum-Inspired,526.2275000000025,3755.800000000003,0.8185,0.1815,0.6325,156.65467595957676,0.11389500001678243
Dynamic Cost,2000,11,FCFS,531.0225000000016,3834.2999999999965,0.8415,0.15849999999999997,0.6249999999999999,49.30770730829005,0.027102400024887174
Dynamic Cost,2000,11,Round Robin,531.0225000000016,3834.2999999999965,0.8415,0.15849999999999997,0.6249999999999999,49.30770730829005,0.06714009999996051
Dynamic Cost,2000,11,Min-Min,435.60000000000343,3629.6000000000117,0.5375,0.4625,0.6999999999999998,3929.1572569699983,0.028659200004767627
Dynamic Cost,2000,11,Max-Min,653.3100000000012,1814.8000000000059,1.0,0.0,0.8499999999999998,3929.1572569699983,0.029107300040777773
Dynamic Cost,2000,11,GA,653.5499999999917,1814.8000000000059,1.0,0.0,0.8499999999999998,3929.1572569699983,0.04845630005002022
Dynamic Cost,2000,11,Classical,619.2049999999948,2427.499999999995,0.9075,0.09250000000000003,0.7870749999999999,2684.0788457122494,0.06554229999892414
Dynamic Cost,2000,11,Proposed Quantum-Inspired,529.6950000000026,3849.6999999999966,0.848,0.15200000000000002,0.626425,71.89401922274203,0.10727939999196678
Dynamic Cost,2000,12,FCFS,536.1475000000011,3906.1999999999966,0.852,0.14800000000000002,0.6249999999999999,50.19213085733659,0.027945599984377623
Dynamic Cost,2000,12,Round Robin,536.1475000000011,3906.1999999999966,0.852,0.14800000000000002,0.6249999999999999,50.19213085733659,0.026063399971462786
Dynamic Cost,2000,12,Min-Min,440.24000000000296,3663.200000000012,0.538,0.46199999999999997,0.6999999999999998,3965.5303239289447,0.029462600010447204
Dynamic Cost,2000,12,Max-Min,660.2699999999995,1831.600000000006,1.0,0.0,0.8499999999999998,3965.5303239289447,0.030370899999979883
Dynamic Cost,2000,12,GA,659.8499999999929,1831.600000000006,1.0,0.0,0.8499999999999998,3965.5303239289447,0.05050620000110939
Dynamic Cost,2000,12,Classical,623.264999999996,2457.899999999989,0.8965,0.10350000000000004,0.7842999999999999,2669.6439369324144,0.06558190000941977
Dynamic Cost,2000,12,Proposed Quantum-Inspired,537.3300000000007,3871.599999999999,0.8445,0.15549999999999997,0.626425,41.2583324917525,0.11957119998987764
Dynamic Cost,2000,13,FCFS,528.0250000000011,3852.3999999999915,0.834,0.16600000000000004,0.6249999999999999,61.37792762874941,0.02839069999754429
Dynamic Cost,2000,13,Round Robin,528.0250000000011,3852.3999999999915,0.834,0.16600000000000004,0.6249999999999999,61.37792762874941,0.027696500008460134
Dynamic Cost,2000,13,Min-Min,433.12000000000364,3605.6000000000154,0.5155,0.48450000000000004,0.6999999999999998,3903.176494856465,0.03669049998279661
Dynamic Cost,2000,13,Max-Min,649.5900000000024,1802.8000000000077,1.0,0.0,0.8499999999999998,3903.176494856465,0.0317462999955751
Dynamic Cost,2000,13,GA,648.6899999999935,1802.8000000000077,1.0,0.0,0.8499999999999998,3903.176494856465,0.05724019999615848
Dynamic Cost,2000,13,Classical,615.819999999996,2376.0,0.907,0.09299999999999997,0.7902999999999999,2723.746179437431,0.11752779997186735
Dynamic Cost,2000,13,Proposed Quantum-Inspired,527.067500000001,3774.899999999996,0.843,0.15700000000000003,0.631075,129.4111664424674,0.11098990001482889
Dynamic Cost,2000,14,FCFS,530.7325000000016,3845.5000000000045,0.833,0.16700000000000004,0.6249999999999999,55.17868700866305,0.030428499972913414
Dynamic Cost,2000,14,Round Robin,530.7325000000016,3845.5000000000045,0.833,0.16700000000000004,0.6249999999999999,55.17868700866305,0.028253399999812245
Dynamic Cost,2000,14,Min-Min,434.62000000000296,3622.8000000000125,0.528,0.472,0.6999999999999998,3921.7960410378305,0.029799100011587143
Dynamic Cost,2000,14,Max-Min,651.8400000000021,1811.4000000000062,1.0,0.0,0.8499999999999998,3921.7960410378305,0.036377400043420494
Dynamic Cost,2000,14,GA,652.4699999999937,1811.4000000000062,1.0,0.0,0.8499999999999998,3921.7960410378305,0.05541219998849556
Dynamic Cost,2000,14,Classical,620.5349999999962,2383.9000000000033,0.9125,0.08750000000000002,0.7888749999999998,2761.160568945602,0.06958499999018386
Dynamic Cost,2000,14,Proposed Quantum-Inspired,530.665000000002,3788.7999999999975,0.839,0.16100000000000003,0.6318250000000001,104.74104973695843,0.11671850003767759
Dynamic Cost,2000,15,FCFS,522.0275000000006,3773.899999999994,0.8405,0.15949999999999998,0.6249999999999999,36.50599265874029,0.03530920000048354
Dynamic Cost,2000,15,Round Robin,522.0275000000006,3773.899999999994,0.8405,0.15949999999999998,0.6249999999999999,36.50599265874029,0.026982099981978536
Dynamic Cost,2000,15,Min-Min,428.8200000000035,3570.800000000018,0.511,0.489,0.6999999999999998,3865.5043897918417,0.03068850003182888
Dynamic Cost,2000,15,Max-Min,643.1400000000006,1785.400000000009,1.0,0.0,0.8499999999999998,3865.5043897918417,0.029930699965916574
Dynamic Cost,2000,15,GA,641.5799999999946,1785.400000000009,1.0,0.0,0.8499999999999998,3865.5043897918417,0.04658210003981367
Dynamic Cost,2000,15,Classical,609.8049999999967,2333.099999999999,0.8995,0.10050000000000003,0.7899249999999999,2731.5022766785314,0.06576850003330037
Dynamic Cost,2000,15,Proposed Quantum-Inspired,515.6300000000014,3785.499999999991,0.8205,0.1795,0.6286,201.1260487853326,0.1140103000216186
Dynamic Cost,2000,16,FCFS,521.6100000000022,3814.899999999993,0.8485,0.15149999999999997,0.6249999999999999,31.212978070027216,0.026887199957855046
Dynamic Cost,2000,16,Round Robin,521.6100000000022,3814.899999999993,0.8485,0.15149999999999997,0.6249999999999999,31.212978070027216,0.027164500032085925
Dynamic Cost,2000,16,Min-Min,429.0000000000042,3576.800000000012,0.516,0.484,0.6999999999999998,3871.999580320225,0.028451699996367097
Dynamic Cost,2000,16,Max-Min,643.4099999999985,1788.400000000006,1.0,0.0,0.8499999999999998,3871.999580320225,0.07377249997807667
Dynamic Cost,2000,16,GA,642.6299999999927,1788.400000000006,1.0,0.0,0.8499999999999998,3871.999580320225,0.04783319996204227
Dynamic Cost,2000,16,Classical,607.7549999999964,2402.2999999999884,0.8995,0.10050000000000003,0.7857999999999997,2616.3729187560402,0.0679604000179097
Dynamic Cost,2000,16,Proposed Quantum-Inspired,524.3850000000019,3747.3999999999955,0.834,0.16600000000000004,0.6273249999999999,97.112048686041,0.10729359998367727
Dynamic Cost,2000,17,FCFS,528.1475000000022,3811.3999999999915,0.833,0.16700000000000004,0.6249999999999999,50.06246098625196,0.02882150001823902
Dynamic Cost,2000,17,Round Robin,528.1475000000022,3811.3999999999915,0.833,0.16700000000000004,0.6249999999999999,50.06246098625196,0.02718309999909252
Dynamic Cost,2000,17,Min-Min,432.16000000000275,3599.200000000016,0.5015,0.49850000000000005,0.6999999999999998,3896.2482916261893,0.030960500007495284
Dynamic Cost,2000,17,Max-Min,648.1499999999996,1799.600000000008,1.0,0.0,0.8499999999999998,3896.2482916261893,0.031079199980013072
Dynamic Cost,2000,17,GA,647.9699999999929,1799.600000000008,1.0,0.0,0.8499999999999998,3896.2482916261893,0.05811640003230423
Dynamic Cost,2000,17,Classical,614.5449999999961,2386.8999999999974,0.903,0.09699999999999998,0.7860249999999999,2693.302108936166,0.07777370000258088
Dynamic Cost,2000,17,Proposed Quantum-Inspired,526.9150000000016,3783.1999999999925,0.8305,0.16949999999999998,0.6322000000000001,90.50552469324732,0.11822780000511557
Dynamic Cost,2000,18,FCFS,528.2575000000023,3870.4999999999923,0.8445,0.15549999999999997,0.6249999999999999,54.83327001009515,0.028599800018128008
Dynamic Cost,2000,18,Round Robin,528.2575000000023,3870.4999999999923,0.8445,0.15549999999999997,0.6249999999999999,54.83327001009515,0.026634000008925796
Dynamic Cost,2000,18,Min-Min,433.5600000000034,3615.600000000012,0.534,0.46599999999999997,0.6999999999999998,3914.0018124037706,0.029389599978458136
Dynamic Cost,2000,18,Max-Min,650.2499999999995,1807.800000000006,1.0,0.0,0.8499999999999998,3914.0018124037706,0.03182520001428202
Dynamic Cost,2000,18,GA,652.2599999999926,1807.800000000006,1.0,0.0,0.8499999999999998,3914.0018124037706,0.05123530002310872
Dynamic Cost,2000,18,Classical,617.1849999999961,2401.6999999999894,0.902,0.09799999999999998,0.7860249999999999,2676.850890038517,0.06505499995546415
Dynamic Cost,2000,18,Proposed Quantum-Inspired,533.3525000000019,3802.399999999988,0.8375,0.16249999999999998,0.6277,102.61182924010272,0.15296590002253652
Dynamic Cost,2000,19,FCFS,528.5525000000024,3859.799999999995,0.8245,0.1755,0.6249999999999999,32.89756829919196,0.028592500020749867
Dynamic Cost,2000,19,Round Robin,528.5525000000024,3859.799999999995,0.8245,0.1755,0.6249999999999999,32.89756829919196,0.025552799983415753
Dynamic Cost,2000,19,Min-Min,433.9200000000033,3620.0000000000114,0.5015,0.49850000000000005,0.6999999999999998,3918.764952124585,0.02939489996060729
Dynamic Cost,2000,19,Max-Min,650.790000000001,1810.0000000000057,1.0,0.0,0.8499999999999998,3918.764952124585,0.029988099995534867
Dynamic Cost,2000,19,GA,651.3899999999937,1810.0000000000057,1.0,0.0,0.8499999999999998,3918.764952124585,0.05033360002562404
Dynamic Cost,2000,19,Classical,616.9649999999965,2402.699999999994,0.894,0.10599999999999998,0.7863999999999999,2694.153902433935,0.0679668000084348
Dynamic Cost,2000,19,Proposed Quantum-Inspired,531.2350000000009,3823.1999999999916,0.831,0.16900000000000004,0.62695,53.05421755148218,0.10921780002536252
Dynamic Cost,2000,20,FCFS,527.730000000003,3845.7999999999984,0.826,0.17400000000000004,0.6249999999999999,28.331740151286155,0.027192400011699647
Dynamic Cost,2000,20,Round Robin,527.730000000003,3845.7999999999984,0.826,0.17400000000000004,0.6249999999999999,28.331740151286155,0.031286199984606355
Dynamic Cost,2000,20,Min-Min,433.26000000000323,3610.8000000000093,0.5115,0.48850000000000005,0.6999999999999998,3908.805659981064,0.03714919998310506
Dynamic Cost,2000,20,Max-Min,649.8000000000015,1805.4000000000046,1.0,0.0,0.8499999999999998,3908.805659981064,0.03204119997099042
Dynamic Cost,2000,20,GA,648.7799999999934,1805.4000000000046,1.0,0.0,0.8499999999999998,3908.805659981064,0.0554928999627009
Dynamic Cost,2000,20,Classical,616.3749999999959,2378.299999999993,0.9005,0.09950000000000003,0.7899249999999999,2738.436723296706,0.07926600001519546
Dynamic Cost,2000,20,Proposed Quantum-Inspired,525.2600000000024,3802.4999999999895,0.8265,0.1735,0.63175,122.21369604099206,0.11097879998851568
Dynamic Cost,2000,21,FCFS,525.9325000000027,3831.399999999987,0.8425,0.15749999999999997,0.6249999999999999,33.818449106959356,0.02789849997498095
Dynamic Cost,2000,21,Round Robin,525.9325000000027,3831.399999999987,0.8425,0.15749999999999997,0.6249999999999999,33.818449106959356,0.028641799988690764
Dynamic Cost,2000,21,Min-Min,431.900000000003,3602.0000000000023,0.527,0.473,0.6999999999999998,3899.279380539435,0.029698500002268702
Dynamic Cost,2000,21,Max-Min,647.7600000000023,1801.0000000000011,1.0,0.0,0.8499999999999998,3899.279380539435,0.03233169997110963
Dynamic Cost,2000,21,GA,646.619999999995,1801.0000000000011,1.0,0.0,0.8499999999999998,3899.279380539435,0.09126700001070276
Dynamic Cost,2000,21,Classical,613.8449999999981,2370.899999999998,0.911,0.08899999999999997,0.7888749999999998,2728.3558579298265,0.07041019998723641
Dynamic Cost,2000,21,Proposed Quantum-Inspired,524.6150000000011,3832.899999999995,0.8465,0.15349999999999997,0.630025,11.143944544011335,0.11687389999860898
Dynamic Cost,2000,22,FCFS,526.7425000000019,3829.599999999997,0.8365,0.16349999999999998,0.6249999999999999,13.038404810405298,0.027866700023878366
Dynamic Cost,2000,22,Round Robin,526.7425000000019,3829.599999999997,0.8365,0.16349999999999998,0.6249999999999999,13.038404810405298,0.02656349999597296
Dynamic Cost,2000,22,Min-Min,432.8000000000038,3603.200000000012,0.5245,0.47550000000000003,0.6999999999999998,3900.5784186451115,0.03069589997176081
Dynamic Cost,2000,22,Max-Min,649.1100000000008,1801.600000000006,1.0,0.0,0.8499999999999998,3900.5784186451115,0.030493400001432747
Dynamic Cost,2000,22,GA,648.239999999993,1801.600000000006,1.0,0.0,0.8499999999999998,3900.5784186451115,0.0533605000237003
Dynamic Cost,2000,22,Classical,615.6849999999965,2362.5000000000027,0.907,0.09299999999999997,0.7912749999999998,2740.635145363206,0.07441400003153831
Dynamic Cost,2000,22,Proposed Quantum-Inspired,523.6600000000027,3828.299999999991,0.8185,0.1815,0.626425,103.65085624344837,0.12085770000703633
Dynamic Cost,2000,23,FCFS,520.9075000000022,3822.8999999999915,0.8435,0.15649999999999997,0.6249999999999999,48.015622457696,0.026660599978640676
Dynamic Cost,2000,23,Round Robin,520.9075000000022,3822.8999999999915,0.8435,0.15649999999999997,0.6249999999999999,48.015622457696,0.029000599985010922
Dynamic Cost,2000,23,Min-Min,429.24000000000257,3577.6000000000204,0.5385,0.4615,0.6999999999999998,3872.8656057240096,0.032212399994023144
Dynamic Cost,2000,23,Max-Min,643.7700000000008,1788.8000000000102,1.0,0.0,0.8499999999999998,3872.8656057240096,0.02971530001377687
Dynamic Cost,2000,23,GA,642.929999999995,1788.8000000000102,1.0,0.0,0.8499999999999998,3872.8656057240096,0.049058199976570904
Dynamic Cost,2000,23,Classical,608.519999999998,2380.599999999997,0.903,0.09699999999999998,0.7862499999999998,2652.0528840880984,0.0658009999897331
Dynamic Cost,2000,23,Proposed Quantum-Inspired,523.5325000000018,3759.9000000000005,0.8415,0.15849999999999997,0.62965,93.68564457802486,0.11143340001581237
Dynamic Cost,2000,24,FCFS,526.4250000000015,3814.1999999999957,0.8475,0.15249999999999997,0.6249999999999999,21.0282548015759,0.02815929998178035
Dynamic Cost,2000,24,Round Robin,526.4250000000015,3814.1999999999957,0.8475,0.15249999999999997,0.6249999999999999,21.0282548015759,0.02763800002867356
Dynamic Cost,2000,24,Min-Min,431.76000000000323,3597.200000000015,0.5145,0.48550000000000004,0.6999999999999998,3894.083228116728,0.07585560000734404
Dynamic Cost,2000,24,Max-Min,647.550000000002,1798.6000000000074,1.0,0.0,0.8499999999999998,3894.083228116728,0.029115899989847094
Dynamic Cost,2000,24,GA,646.979999999993,1798.6000000000074,1.0,0.0,0.8499999999999998,3894.083228116728,0.04824979999102652
Dynamic Cost,2000,24,Classical,613.4649999999965,2379.499999999999,0.908,0.09199999999999997,0.7872249999999998,2699.67733025634,0.07023660000413656
Dynamic Cost,2000,24,Proposed Quantum-Inspired,523.4350000000015,3833.899999999994,0.836,0.16400000000000003,0.6267249999999999,57.10242989575838,0.10744790005264804
Dynamic Cost,2000,25,FCFS,525.7225000000024,3818.5999999999917,0.8385,0.16149999999999998,0.6249999999999999,35.54838252297846,0.02839180000592023
Dynamic Cost,2000,25,Round Robin,525.7225000000024,3818.5999999999917,0.8385,0.16149999999999998,0.6249999999999999,35.54838252297846,0.028800400032196194
Dynamic Cost,2000,25,Min-Min,434.2000000000035,3611.6000000000154,0.514,0.486,0.6999999999999998,3909.6716853848484,0.030222900037188083
Dynamic Cost,2000,25,Max-Min,651.2099999999999,1805.8000000000077,1.0,0.0,0.8499999999999998,3909.6716853848484,0.03118360001826659
Dynamic Cost,2000,25,GA,645.7799999999935,1805.8000000000077,1.0,0.0,0.8499999999999998,3909.6716853848484,0.05117049999535084
Dynamic Cost,2000,25,Classical,612.2799999999962,2386.7999999999965,0.902,0.09799999999999998,0.7905249999999998,2710.707230133863,0.06986349995713681
Dynamic Cost,2000,25,Proposed Quantum-Inspired,526.5050000000009,3750.9999999999977,0.8395,0.16049999999999998,0.6334749999999999,149.99229146859514,0.10553649999201298
Dynamic Cost,2000,26,FCFS,526.8925000000016,3847.899999999994,0.8375,0.16249999999999998,0.6249999999999999,25.495097567963924,0.02750749996630475
Dynamic Cost,2000,26,Round Robin,526.8925000000016,3847.899999999994,0.8375,0.16249999999999998,0.6249999999999999,25.495097567963924,0.027064100024290383
Dynamic Cost,2000,26,Min-Min,433.38000000000403,3611.20000000001,0.518,0.482,0.6999999999999998,3909.238672682956,0.028308700013440102
Dynamic Cost,2000,26,Max-Min,649.9800000000002,1805.600000000005,1.0,0.0,0.8499999999999998,3909.238672682956,0.03547219996107742
Dynamic Cost,2000,26,GA,649.5299999999937,1805.600000000005,1.0,0.0,0.8499999999999998,3909.238672682956,0.051744199998211116
Dynamic Cost,2000,26,Classical,615.4549999999963,2399.100000000001,0.9065,0.09350000000000003,0.7875999999999999,2689.1284833566433,0.07761969999410212
Dynamic Cost,2000,26,Proposed Quantum-Inspired,528.3400000000001,3824.6999999999907,0.8335,0.16649999999999998,0.6244000000000001,26.277366686941825,0.11810959997819737
Dynamic Cost,2000,27,FCFS,519.9325000000017,3805.8999999999974,0.8355,0.16449999999999998,0.6249999999999999,49.31721301939111,0.028176399995572865
Dynamic Cost,2000,27,Round Robin,519.9325000000017,3805.8999999999974,0.8355,0.16449999999999998,0.6249999999999999,49.31721301939111,0.028566399996634573
Dynamic Cost,2000,27,Min-Min,427.00000000000387,3560.4000000000137,0.5035,0.49650000000000005,0.6999999999999998,3854.246059542644,0.030224199988879263
Dynamic Cost,2000,27,Max-Min,640.4100000000008,1780.2000000000069,1.0,0.0,0.8499999999999998,3854.246059542644,0.029241699958220124
Dynamic Cost,2000,27,GA,639.7499999999933,1780.2000000000069,1.0,0.0,0.8499999999999998,3854.246059542644,0.05008020001696423
Dynamic Cost,2000,27,Classical,607.4399999999965,2345.7999999999993,0.9025,0.09750000000000003,0.7897749999999999,2693.077363816346,0.06286399997770786
Dynamic Cost,2000,27,Proposed Quantum-Inspired,515.4100000000029,3765.799999999996,0.825,0.17500000000000004,0.6327999999999999,157.7915951500586,0.1061599999666214
Dynamic Cost,2000,28,FCFS,514.1175000000021,3733.4999999999964,0.844,0.15600000000000003,0.6249999999999999,24.097458372201828,0.02799649996450171
Dynamic Cost,2000,28,Round Robin,514.1175000000021,3733.4999999999964,0.844,0.15600000000000003,0.6249999999999999,24.097458372201828,0.026662399992346764
Dynamic Cost,2000,28,Min-Min,420.74000000000336,3510.000000000015,0.523,0.477,0.6999999999999998,3799.6864591042245,0.0296362999943085
Dynamic Cost,2000,28,Max-Min,631.0200000000012,1755.0000000000075,1.0,0.0,0.8499999999999998,3799.6864591042245,0.030426900018937886
Dynamic Cost,2000,28,GA,632.0099999999952,1755.0000000000075,1.0,0.0,0.8499999999999998,3799.6864591042245,0.05543429998215288
Dynamic Cost,2000,28,Classical,596.9099999999984,2357.600000000002,0.8935,0.10650000000000004,0.7821249999999997,2560.964210507441,0.0690792000386864
Dynamic Cost,2000,28,Proposed Quantum-Inspired,511.93250000000234,3735.4000000000015,0.832,0.16800000000000004,0.626425,61.10799865811349,0.11333149997517467
Dynamic Cost,2000,29,FCFS,528.2900000000021,3844.4000000000005,0.843,0.15700000000000003,0.6249999999999999,42.55290824373817,0.028281899983994663
Dynamic Cost,2000,29,Round Robin,528.2900000000021,3844.4000000000005,0.843,0.15700000000000003,0.6249999999999999,42.55290824373817,0.02718430000822991
Dynamic Cost,2000,29,Min-Min,433.68000000000274,3612.0000000000114,0.5165,0.48350000000000004,0.6999999999999998,3910.1046980867404,0.03030330000910908
Dynamic Cost,2000,29,Max-Min,650.4300000000027,1806.0000000000057,1.0,0.0,0.8499999999999998,3910.1046980867404,0.028599000012036413
Dynamic Cost,2000,29,GA,648.9599999999937,1806.0000000000057,1.0,0.0,0.8499999999999998,3910.1046980867404,0.0920868999673985
Dynamic Cost,2000,29,Classical,618.0799999999962,2349.9999999999986,0.912,0.08799999999999997,0.7927749999999999,2795.599443768724,0.06459639995591715
Dynamic Cost,2000,29,Proposed Quantum-Inspired,528.827500000002,3795.0999999999913,0.8465,0.15349999999999997,0.628525,85.809381771459,0.1089889999711886
Combined Dynamic Environment,50,0,FCFS,9.440999999999999,81.47369999999998,0.82,0.18000000000000005,0.459874,8.98262211161084,0.002766599995084107
Combined Dynamic Environment,50,0,Round Robin,9.440999999999999,81.47369999999998,0.82,0.18000000000000005,0.459874,8.98262211161084,0.0007492000004276633
Combined Dynamic Environment,50,0,Min-Min,7.758300000000001,69.4623,0.42,0.5800000000000001,0.5218079999999999,83.57145146519834,0.0007675000233575702
Combined Dynamic Environment,50,0,Max-Min,11.782799999999998,42.414,1.0,0.0,0.6336240000000001,83.57145146519834,0.000743200012948364
Combined Dynamic Environment,50,0,GA,11.328400000000002,39.38239999999999,1.0,0.0,0.633624,83.57145146519834,0.0012092000106349587
Combined Dynamic Environment,50,0,Classical,11.328400000000002,39.38239999999999,1.0,0.0,0.633624,83.57145146519834,0.001608499966096133
Combined Dynamic Environment,50,0,Proposed Quantum-Inspired,9.386,76.89279999999998,0.88,0.12,0.488994,12.457427503300993,0.002613399992696941
Combined Dynamic Environment,50,1,FCFS,10.008199999999997,88.25129999999999,0.8,0.19999999999999996,0.459874,5.385164807134504,0.0006589999538846314
Combined Dynamic Environment,50,1,Round Robin,10.008199999999997,88.25129999999999,0.8,0.19999999999999996,0.459874,5.385164807134504,0.0006341999978758395
Combined Dynamic Environment,50,1,Min-Min,8.314899999999998,74.5455,0.56,0.43999999999999995,0.5218079999999999,90.06664199358161,0.000673400005325675
Combined Dynamic Environment,50,1,Max-Min,12.635199999999998,45.89589999999999,1.0,0.0,0.633624,90.06664199358161,0.0006819000118412077
Combined Dynamic Environment,50,1,GA,12.198299999999998,41.37189999999998,1.0,0.0,0.633624,90.06664199358161,0.001108399999793619
Combined Dynamic Environment,50,1,Classical,12.066199999999997,42.35939999999998,0.98,0.020000000000000018,0.6315500000000001,86.07264373771727,0.001576600014232099
Combined Dynamic Environment,50,1,Proposed Quantum-Inspired,9.9476,82.10270000000001,0.8,0.19999999999999996,0.48024200000000006,10.319883720275147,0.0024864000151865184
Combined Dynamic Environment,50,2,FCFS,11.520299999999999,99.64819999999999,0.84,0.16000000000000003,0.459874,4.656984002549289,0.0006620000349357724
Combined Dynamic Environment,50,2,Round Robin,11.520299999999999,99.64819999999999,0.84,0.16000000000000003,0.459874,4.656984002549289,0.000761799979954958
Combined Dynamic Environment,50,2,Min-Min,9.258799999999999,85.71710000000002,0.56,0.43999999999999995,0.5218079999999999,101.75798494467153,0.0009065000340342522
Combined Dynamic Environment,50,2,Max-Min,14.045400000000003,51.19700000000001,1.0,0.0,0.633624,101.75798494467153,0.0007419000030495226
Combined Dynamic Environment,50,2,GA,14.145799999999998,46.27600000000002,1.0,0.0,0.633624,101.75798494467153,0.0011558999540284276
Combined Dynamic Environment,50,2,Classical,14.145799999999998,46.27600000000002,1.0,0.0,0.633624,101.75798494467153,0.0015169000253081322
Combined Dynamic Environment,50,2,Proposed Quantum-Inspired,11.571799999999996,89.68600000000002,0.84,0.16000000000000003,0.474888,17.09349291397168,0.002633300027810037
Combined Dynamic Environment,50,3,FCFS,11.040400000000002,91.69960000000003,0.8,0.19999999999999996,0.459874,2.277608394786075,0.0006633000448346138
Combined Dynamic Environment,50,3,Round Robin,11.040400000000002,91.69960000000003,0.8,0.19999999999999996,0.459874,2.277608394786075,0.0006386999739333987
Combined Dynamic Environment,50,3,Min-Min,8.679100000000002,80.5028,0.48,0.52,0.521808,95.69580711818047,0.0006809999467805028
Combined Dynamic Environment,50,3,Max-Min,13.169199999999998,48.217800000000004,1.0,0.0,0.633624,95.69580711818047,0.0006774999783374369
Combined Dynamic Environment,50,3,GA,13.651899999999998,43.2137,1.0,0.0,0.633624,95.69580711818047,0.0011179999564774334
Combined Dynamic Environment,50,3,Classical,13.340099999999996,45.25970000000001,0.94,0.06000000000000005,0.626878,87.79913154467987,0.0015966000501066446
Combined Dynamic Environment,50,3,Proposed Quantum-Inspired,11.3484,83.03689999999999,0.92,0.07999999999999996,0.48557600000000006,23.54118731075389,0.0025826000492088497
Combined Dynamic Environment,50,4,FCFS,10.0652,89.49109999999999,0.8,0.19999999999999996,0.459874,5.244044240850758,0.0006340999971143901
Combined Dynamic Environment,50,4,Round Robin,10.0652,89.49109999999999,0.8,0.19999999999999996,0.459874,5.244044240850758,0.0006136999581940472
Combined Dynamic Environment,50,4,Min-Min,8.3276,75.1888,0.48,0.52,0.5218079999999999,90.06664199358161,0.0006765000289306045
Combined Dynamic Environment,50,4,Max-Min,12.641799999999998,45.5689,1.0,0.0,0.6336240000000001,90.06664199358161,0.0006632999866269529
Combined Dynamic Environment,50,4,GA,12.393599999999998,41.320800000000006,1.0,0.0,0.633624,90.06664199358161,0.0011262999614700675
Combined Dynamic Environment,50,4,Classical,12.159299999999998,42.83670000000001,0.96,0.040000000000000036,0.62884,84.39194274336857,0.001707899966277182
Combined Dynamic Environment,50,4,Proposed Quantum-Inspired,9.718699999999998,92.16519999999998,0.86,0.14,0.44246399999999997,26.248809496813376,0.002816000021994114
Combined Dynamic Environment,50,5,FCFS,10.896599999999996,97.5993,0.82,0.18000000000000005,0.459874,3.766629793329841,0.0007173000485636294
Combined Dynamic Environment,50,5,Round Robin,10.896599999999996,97.5993,0.82,0.18000000000000005,0.459874,3.766629793329841,0.000653300026897341
Combined Dynamic Environment,50,5,Min-Min,8.9512,81.77520000000001,0.54,0.45999999999999996,0.521808,97.42785792574935,0.0007089999853633344
Combined Dynamic Environment,50,5,Max-Min,13.581700000000001,49.110200000000006,1.0,0.0,0.633624,97.42785792574935,0.0006848999764770269
Combined Dynamic Environment,50,5,GA,13.442299999999994,46.0097,1.0,0.0,0.633624,97.42785792574935,0.0011457999935373664
Combined Dynamic Environment,50,5,Classical,13.098299999999997,49.2378,0.92,0.07999999999999996,0.625152,86.26811403989309,0.001561199955176562
Combined Dynamic Environment,50,5,Proposed Quantum-Inspired,10.545099999999998,97.6281,0.84,0.16000000000000003,0.488584,20.191272867256288,0.0025137000484392047
Combined Dynamic Environment,50,6,FCFS,10.5694,92.63659999999999,0.76,0.24,0.459874,4.602988159880492,0.0006379999686032534
Combined Dynamic Environment,50,6,Round Robin,10.5694,92.63659999999999,0.76,0.24,0.459874,4.602988159880492,0.0006167999817989767
Combined Dynamic Environment,50,6,Min-Min,8.509599999999999,77.0473,0.38,0.62,0.5218079999999999,92.23170550304272,0.0006831999635323882
Combined Dynamic Environment,50,6,Max-Min,12.917199999999996,46.650800000000004,1.0,0.0,0.633624,92.23170550304272,0.000666900014039129
Combined Dynamic Environment,50,6,GA,13.050199999999998,43.30810000000001,1.0,0.0,0.633624,92.23170550304272,0.001109300006646663
Combined Dynamic Environment,50,6,Classical,12.499799999999997,48.3651,0.88,0.12,0.6213280000000001,75.90578041229799,0.0016245999722741544
Combined Dynamic Environment,50,6,Proposed Quantum-Inspired,10.835099999999997,84.71600000000001,0.76,0.24,0.47751600000000005,20.327014045353536,0.0033748000278137624
Combined Dynamic Environment,50,7,FCFS,10.275199999999998,93.94059999999998,0.76,0.24,0.459874,3.191786333700926,0.0007077999762259424
Combined Dynamic Environment,50,7,Round Robin,10.275199999999998,93.94059999999998,0.76,0.24,0.459874,3.191786333700926,0.0007021999917924404
Combined Dynamic Environment,50,7,Min-Min,8.543999999999999,78.97480000000002,0.48,0.52,0.5218079999999999,93.09773090682715,0.0007353000110015273
Combined Dynamic Environment,50,7,Max-Min,12.948200000000002,46.51989999999999,1.0,0.0,0.633624,93.09773090682715,0.0007140000234358013
Combined Dynamic Environment,50,7,GA,12.6487,43.75750000000001,1.0,0.0,0.633624,93.09773090682715,0.0011993999942205846
Combined Dynamic Environment,50,7,Classical,12.488800000000001,45.056700000000006,0.92,0.07999999999999996,0.624976,88.53918623976618,0.0016029999824240804
Combined Dynamic Environment,50,7,Proposed Quantum-Inspired,10.216800000000001,95.63129999999997,0.82,0.18000000000000005,0.45814200000000005,16.269219403523945,0.002771299972664565
Combined Dynamic Environment,50,8,FCFS,11.310599999999999,98.97419999999997,0.82,0.18000000000000005,0.459874,6.609652033201143,0.0006892000092193484
Combined Dynamic Environment,50,8,Round Robin,11.310599999999999,98.97419999999997,0.82,0.18000000000000005,0.459874,6.609652033201143,0.0006488999933935702
Combined Dynamic Environment,50,8,Min-Min,9.152499999999996,83.43339999999998,0.4,0.6,0.5218079999999999,99.15990873331822,0.0007232000352814794
Combined Dynamic Environment,50,8,Max-Min,13.8821,49.85570000000002,1.0,0.0,0.6336240000000001,99.15990873331822,0.0007027999963611364
Combined Dynamic Environment,50,8,GA,13.874299999999995,45.70400000000001,1.0,0.0,0.633624,99.15990873331822,0.001191499992273748
Combined Dynamic Environment,50,8,Classical,13.322399999999996,50.20230000000001,0.9,0.09999999999999998,0.6232,83.77760739004188,0.0018160000327043235
Combined Dynamic Environment,50,8,Proposed Quantum-Inspired,11.2977,93.8093,0.78,0.21999999999999997,0.472214,7.495832175282475,0.002948199980892241
Combined Dynamic Environment,50,9,FCFS,11.367600000000001,100.43010000000002,0.84,0.16000000000000003,0.459874,6.5383484153110105,0.0009015999967232347
Combined Dynamic Environment,50,9,Round Robin,11.367600000000001,100.43010000000002,0.84,0.16000000000000003,0.459874,6.5383484153110105,0.0006902000168338418
Combined Dynamic Environment,50,9,Min-Min,9.371299999999998,86.51090000000003,0.7,0.30000000000000004,0.5218079999999999,103.05702305034819,0.0007533000316470861
Combined Dynamic Environment,50,9,Max-Min,14.222100000000003,52.00320000000002,1.0,0.0,0.633624,103.05702305034819,0.0007333999965339899
Combined Dynamic Environment,50,9,GA,14.0704,47.45090000000002,1.0,0.0,0.633624,103.05702305034819,0.0011970000341534615
Combined Dynamic Environment,50,9,Classical,13.6231,50.79540000000002,0.9,0.09999999999999998,0.622862,90.26765755241465,0.0015585999935865402
Combined Dynamic Environment,50,9,Proposed Quantum-Inspired,11.065500000000002,107.599,0.88,0.12,0.454164,11.926860441876563,0.0025369999930262566
Combined Dynamic Environment,50,10,FCFS,12.1685,104.18809999999996,0.8,0.19999999999999996,0.459874,7.980444849756184,0.0006506000063382089
Combined Dynamic Environment,50,10,Round Robin,12.1685,104.18809999999996,0.8,0.19999999999999996,0.459874,7.980444849756184,0.0008134000236168504
Combined Dynamic Environment,50,10,Min-Min,9.693399999999999,89.91909999999999,0.52,0.48,0.5218079999999999,105.2220865598093,0.0008225999772548676
Combined Dynamic Environment,50,10,Max-Min,14.677399999999999,52.22820000000001,1.0,0.0,0.633624,105.2220865598093,0.001111400022637099
Combined Dynamic Environment,50,10,GA,14.813199999999997,48.6933,1.0,0.0,0.633624,105.2220865598093,0.0011813000310212374
Combined Dynamic Environment,50,10,Classical,14.498799999999996,51.21320000000001,0.92,0.07999999999999996,0.6254660000000001,95.65922590111212,0.0018013999797403812
Combined Dynamic Environment,50,10,Proposed Quantum-Inspired,11.773499999999999,98.47309999999999,0.76,0.24,0.48988400000000004,14.13108276106258,0.002693300019018352
Combined Dynamic Environment,50,11,FCFS,10.554700000000004,93.48790000000001,0.86,0.14,0.459874,8.870597499605086,0.0006591000128537416
Combined Dynamic Environment,50,11,Round Robin,10.554700000000004,93.48790000000001,0.86,0.14,0.459874,8.870597499605086,0.0006254999898374081
Combined Dynamic Environment,50,11,Min-Min,8.8359,81.05770000000004,0.54,0.45999999999999996,0.521808,96.5618325219649,0.0008977000252343714
Combined Dynamic Environment,50,11,Max-Min,13.408,48.69150000000002,1.0,0.0,0.633624,96.5618325219649,0.0007542000385001302
Combined Dynamic Environment,50,11,GA,12.9754,45.5048,1.0,0.0,0.633624,96.5618325219649,0.0012359999818727374
Combined Dynamic Environment,50,11,Classical,12.7819,47.6652,0.96,0.040000000000000036,0.6296440000000001,89.7674077825577,0.001638100016862154
Combined Dynamic Environment,50,11,Proposed Quantum-Inspired,10.538700000000004,96.10389999999997,0.8,0.19999999999999996,0.47522200000000003,7.628073151196179,0.002619100036099553
Combined Dynamic Environment,50,12,FCFS,10.680100000000003,94.8412,0.92,0.07999999999999996,0.459874,2.5860201081971503,0.000667200016323477
Combined Dynamic Environment,50,12,Round Robin,10.680100000000003,94.8412,0.92,0.07999999999999996,0.459874,2.5860201081971503,0.0006488999933935702
Combined Dynamic Environment,50,12,Min-Min,8.812800000000003,80.4075,0.52,0.48,0.5218079999999999,95.69580711818047,0.0006821999559178948
Combined Dynamic Environment,50,12,Max-Min,13.3694,48.18180000000001,1.0,0.0,0.633624,95.69580711818047,0.000778700050432235
Combined Dynamic Environment,50,12,GA,13.198200000000002,44.19079999999999,1.0,0.0,0.633624,95.69580711818047,0.0012950999662280083
Combined Dynamic Environment,50,12,Classical,13.0972,44.87519999999999,0.98,0.020000000000000018,0.630924,93.40068254568592,0.0020503999548964202
Combined Dynamic Environment,50,12,Proposed Quantum-Inspired,10.845600000000001,93.8874,0.82,0.18000000000000005,0.465856,8.642193008721803,0.003556500014383346
Combined Dynamic Environment,50,13,FCFS,10.8427,100.33789999999996,0.82,0.18000000000000005,0.459874,4.949747468305833,0.000970599998254329
Combined Dynamic Environment,50,13,Round Robin,10.8427,100.33789999999996,0.82,0.18000000000000005,0.459874,4.949747468305833,0.0008940999978221953
Combined Dynamic Environment,50,13,Min-Min,8.972999999999999,83.10810000000001,0.54,0.45999999999999996,0.521808,98.72689603142601,0.0010227999882772565
Combined Dynamic Environment,50,13,Max-Min,13.613499999999998,49.705900000000035,1.0,0.0,0.633624,98.72689603142601,0.0011092000058852136
Combined Dynamic Environment,50,13,GA,13.459700000000002,46.0788,1.0,0.0,0.633624,98.72689603142601,0.0017853000317700207
Combined Dynamic Environment,50,13,Classical,13.165400000000002,48.7198,0.92,0.07999999999999996,0.6246320000000001,89.72736483370053,0.0030551000381819904
Combined Dynamic Environment,50,13,Proposed Quantum-Inspired,10.7573,93.16279999999998,0.88,0.12,0.4767,12.708265027138834,0.0038483000244013965
Combined Dynamic Environment,50,14,FCFS,10.740300000000003,93.02470000000002,0.88,0.12,0.459874,4.527692569068709,0.0009457999840378761
Combined Dynamic Environment,50,14,Round Robin,10.740300000000003,93.02470000000002,0.88,0.12,0.459874,4.527692569068709,0.0008940999978221953
Combined Dynamic Environment,50,14,Min-Min,8.619800000000003,77.5222,0.5,0.5,0.5218079999999999,93.53074360871938,0.0009450999787077308
Combined Dynamic Environment,50,14,Max-Min,13.097099999999996,47.61610000000002,1.0,0.0,0.633624,93.53074360871938,0.000916499993763864
Combined Dynamic Environment,50,14,GA,13.084599999999996,43.56789999999999,1.0,0.0,0.633624,93.53074360871938,0.0017211000085808337
Combined Dynamic Environment,50,14,Classical,12.627499999999998,46.735099999999996,0.92,0.07999999999999996,0.6239600000000001,82.38931969618392,0.0021992000401951373
Combined Dynamic Environment,50,14,Proposed Quantum-Inspired,10.8955,91.51920000000001,0.82,0.18000000000000005,0.4836200000000001,13.435028842544403,0.003909099963493645
Combined Dynamic Environment,50,15,FCFS,9.870200000000002,85.79199999999999,0.8,0.19999999999999996,0.459874,6.726812023536855,0.0008868000004440546
Combined Dynamic Environment,50,15,Round Robin,9.870200000000002,85.79199999999999,0.8,0.19999999999999996,0.459874,6.726812023536855,0.0008612999808974564
Combined Dynamic Environment,50,15,Min-Min,8.2476,72.9183,0.44,0.56,0.5218079999999999,89.20061658979718,0.0009192000143229961
Combined Dynamic Environment,50,15,Max-Min,12.5499,45.898400000000024,1.0,0.0,0.6336240000000001,89.20061658979718,0.0008687999797984958
Combined Dynamic Environment,50,15,GA,12.2864,40.69810000000001,1.0,0.0,0.633624,89.20061658979718,0.0013611000031232834
Combined Dynamic Environment,50,15,Classical,11.7915,44.63770000000001,0.9,0.09999999999999998,0.622684,74.43285564856423,0.001809899986255914
Combined Dynamic Environment,50,15,Proposed Quantum-Inspired,10.254500000000002,79.93569999999997,0.88,0.12,0.47395000000000004,12.093386622447824,0.0029510000022128224
Combined Dynamic Environment,50,16,FCFS,10.164800000000001,90.61319999999999,0.88,0.12,0.459874,6.06217782649107,0.0007716999971307814
Combined Dynamic Environment,50,16,Round Robin,10.164800000000001,90.61319999999999,0.88,0.12,0.459874,6.06217782649107,0.0007456000312231481
Combined Dynamic Environment,50,16,Min-Min,8.3378,77.76790000000003,0.46,0.54,0.5218079999999999,90.93266739736606,0.0007685000309720635
Combined Dynamic Environment,50,16,Max-Min,12.624400000000005,45.13050000000001,1.0,0.0,0.633624,90.93266739736606,0.0009200000204145908
Combined Dynamic Environment,50,16,GA,12.625099999999998,41.481399999999994,1.0,0.0,0.633624,90.93266739736606,0.0014090000186115503
Combined Dynamic Environment,50,16,Classical,12.419299999999998,42.865399999999994,0.96,0.040000000000000036,0.628816,85.81520844232682,0.0017628000350669026
Combined Dynamic Environment,50,16,Proposed Quantum-Inspired,10.1105,87.17339999999997,0.76,0.24,0.45916199999999996,11.84271928232701,0.002708599960897118
Combined Dynamic Environment,50,17,FCFS,11.5161,99.9704,0.78,0.21999999999999997,0.459874,6.179603547154137,0.0006932999822311103
Combined Dynamic Environment,50,17,Round Robin,11.5161,99.9704,0.78,0.21999999999999997,0.459874,6.179603547154137,0.0006768000312149525
Combined Dynamic Environment,50,17,Min-Min,9.2347,86.03080000000001,0.46,0.54,0.5218079999999999,100.8919595408871,0.0007351999520324171
Combined Dynamic Environment,50,17,Max-Min,13.9874,50.209700000000026,1.0,0.0,0.633624,100.8919595408871,0.0008320999913848937
Combined Dynamic Environment,50,17,GA,14.099299999999998,47.14630000000001,1.0,0.0,0.633624,100.8919595408871,0.001167300040833652
Combined Dynamic Environment,50,17,Classical,13.903599999999997,49.07270000000002,0.94,0.06000000000000005,0.6279800000000001,94.09137845732732,0.0016118999919854105
Combined Dynamic Environment,50,17,Proposed Quantum-Inspired,11.283700000000003,105.83569999999997,0.86,0.14,0.44344400000000006,21.533404282648853,0.0026359999901615083
Combined Dynamic Environment,50,18,FCFS,10.483999999999998,94.5831,0.84,0.16000000000000003,0.459874,5.11737237261468,0.0006495999987237155
Combined Dynamic Environment,50,18,Round Robin,10.483999999999998,94.5831,0.84,0.16000000000000003,0.459874,5.11737237261468,0.000625200045760721
Combined Dynamic Environment,50,18,Min-Min,8.8078,81.74600000000001,0.64,0.36,0.521808,95.69580711818047,0.0006966000073589385
Combined Dynamic Environment,50,18,Max-Min,13.336999999999998,47.52100000000001,1.0,0.0,0.633624,95.69580711818047,0.0006915000267326832
Combined Dynamic Environment,50,18,GA,13.037199999999999,43.50490000000001,1.0,0.0,0.633624,95.69580711818047,0.0011712000123225152
Combined Dynamic Environment,50,18,Classical,12.874699999999997,44.550300000000014,0.98,0.020000000000000018,0.631202,91.69889584940486,0.0015696999616920948
Combined Dynamic Environment,50,18,Proposed Quantum-Inspired,10.773000000000001,91.96799999999999,0.84,0.16000000000000003,0.47562000000000004,4.866980583482946,0.0026112000341527164
Combined Dynamic Environment,50,19,FCFS,11.8942,105.5085,0.8,0.19999999999999996,0.459874,5.673402858955108,0.0006553999846801162
Combined Dynamic Environment,50,19,Round Robin,11.8942,105.5085,0.8,0.19999999999999996,0.459874,5.673402858955108,0.0006492999964393675
Combined Dynamic Environment,50,19,Min-Min,9.608,88.9057,0.44,0.56,0.5218079999999999,105.2220865598093,0.000700599979609251
Combined Dynamic Environment,50,19,Max-Min,14.5689,52.784900000000015,1.0,0.0,0.633624,105.2220865598093,0.0006875000544823706
Combined Dynamic Environment,50,19,GA,14.743899999999995,49.0336,1.0,0.0,0.633624,105.2220865598093,0.0011855000047944486
Combined Dynamic Environment,50,19,Classical,14.515599999999997,51.792100000000005,0.94,0.06000000000000005,0.627562,97.30718113274067,0.0016896000015549362
Combined Dynamic Environment,50,19,Proposed Quantum-Inspired,12.237499999999999,105.04029999999999,0.86,0.14,0.46113,11.712706775122479,0.0030166999786160886
Combined Dynamic Environment,50,20,FCFS,11.145,96.07009999999997,0.88,0.12,0.459874,4.387482193696061,0.0011223999899812043
Combined Dynamic Environment,50,20,Round Robin,11.145,96.07009999999997,0.88,0.12,0.459874,4.387482193696061,0.0007477999897673726
Combined Dynamic Environment,50,20,Min-Min,8.8987,83.20030000000001,0.48,0.52,0.5218079999999999,97.86087062764156,0.0008145000319927931
Combined Dynamic Environment,50,20,Max-Min,13.4849,48.859700000000004,1.0,0.0,0.633624,97.86087062764156,0.0007968000136315823
Combined Dynamic Environment,50,20,GA,13.629599999999998,45.4056,1.0,0.0,0.633624,97.86087062764156,0.00147570000262931
Combined Dynamic Environment,50,20,Classical,13.2129,48.29049999999999,0.92,0.07999999999999996,0.625086,86.69919261446441,0.0018969000084325671
Combined Dynamic Environment,50,20,Proposed Quantum-Inspired,10.9664,86.90129999999996,0.84,0.16000000000000003,0.49622600000000006,21.195518394226642,0.003574599977582693
Combined Dynamic Environment,50,21,FCFS,9.743500000000001,92.60770000000001,0.8,0.19999999999999996,0.459874,15.514106484100203,0.0008146000327542424
Combined Dynamic Environment,50,21,Round Robin,9.743500000000001,92.60770000000001,0.8,0.19999999999999996,0.459874,15.514106484100203,0.0009006999898701906
Combined Dynamic Environment,50,21,Min-Min,8.2045,72.6278,0.5,0.5,0.5218079999999999,87.90157848412052,0.0008344000088982284
Combined Dynamic Environment,50,21,Max-Min,12.4669,44.79910000000001,1.0,0.0,0.633624,87.90157848412052,0.0008273999555967748
Combined Dynamic Environment,50,21,GA,11.997299999999997,40.2113,1.0,0.0,0.633624,87.90157848412052,0.0015999000170268118
Combined Dynamic Environment,50,21,Classical,11.713399999999998,42.782000000000004,0.92,0.07999999999999996,0.62478,78.93470402807627,0.0023120000259950757
Combined Dynamic Environment,50,21,Proposed Quantum-Inspired,10.229099999999999,77.08110000000002,0.86,0.14,0.4898700000000001,19.253246479490155,0.003249899949878454
Combined Dynamic Environment,50,22,FCFS,9.159000000000002,81.43089999999998,0.82,0.18000000000000005,0.459874,8.874119674649425,0.0007972000166773796
Combined Dynamic Environment,50,22,Round Robin,9.159000000000002,81.43089999999998,0.82,0.18000000000000005,0.459874,8.874119674649425,0.0008082999847829342
Combined Dynamic Environment,50,22,Min-Min,7.5297,68.8478,0.44,0.56,0.521808,80.5403625519528,0.0008925999864004552
Combined Dynamic Environment,50,22,Max-Min,11.397399999999996,39.8979,1.0,0.0,0.633624,80.5403625519528,0.00090079999063164
Combined Dynamic Environment,50,22,GA,11.166299999999996,37.2416,1.0,0.0,0.633624,80.5403625519528,0.0015032999799586833
Combined Dynamic Environment,50,22,Classical,11.030199999999994,38.13700000000001,0.96,0.040000000000000036,0.6289560000000001,77.11517360416171,0.002204500022344291
Combined Dynamic Environment,50,22,Proposed Quantum-Inspired,9.0586,78.7415,0.76,0.24,0.479232,2.29128784747792,0.004842899972572923
Combined Dynamic Environment,50,23,FCFS,11.987200000000001,104.72730000000001,0.82,0.18000000000000005,0.459874,9.604686356149273,0.0009584000217728317
Combined Dynamic Environment,50,23,Round Robin,11.987200000000001,104.72730000000001,0.82,0.18000000000000005,0.459874,9.604686356149273,0.000929800036828965
Combined Dynamic Environment,50,23,Min-Min,9.7523,91.77579999999998,0.48,0.52,0.521808,106.52112466548596,0.0009449999779462814
Combined Dynamic Environment,50,23,Max-Min,14.753599999999999,52.54100000000002,1.0,0.0,0.633624,106.52112466548596,0.0009386999881826341
Combined Dynamic Environment,50,23,GA,14.672499999999994,48.2831,1.0,0.0,0.633624,106.52112466548596,0.001538699958473444
Combined Dynamic Environment,50,23,Classical,14.477499999999996,49.5545,0.98,0.020000000000000018,0.631066,101.9546467798305,0.002074299962259829
Combined Dynamic Environment,50,23,Proposed Quantum-Inspired,12.341,97.56259999999997,0.86,0.14,0.4834660000000001,16.740669042783207,0.0032352000125683844
Combined Dynamic Environment,50,24,FCFS,10.4281,91.68119999999996,0.9,0.09999999999999998,0.459874,6.87386354243376,0.0008196000126190484
Combined Dynamic Environment,50,24,Round Robin,10.4281,91.68119999999996,0.9,0.09999999999999998,0.459874,6.87386354243376,0.0009954000124707818
Combined Dynamic Environment,50,24,Min-Min,8.417300000000003,76.81030000000001,0.54,0.45999999999999996,0.5218079999999999,90.93266739736606,0.0010723000159487128
Combined Dynamic Environment,50,24,Max-Min,12.7605,45.5556,1.0,0.0,0.6336240000000001,90.93266739736606,0.000950200017541647
Combined Dynamic Environment,50,24,GA,12.698500000000001,43.421200000000006,1.0,0.0,0.633624,90.93266739736606,0.0014293999993242323
Combined Dynamic Environment,50,24,Classical,12.631400000000001,44.0185,0.98,0.020000000000000018,0.631674,88.6383100019399,0.0019233999773859978
Combined Dynamic Environment,50,24,Proposed Quantum-Inspired,10.797800000000002,82.4301,0.86,0.14,0.49391399999999996,18.364367672206956,0.003130699973553419
Combined Dynamic Environment,50,25,FCFS,11.212800000000005,101.00229999999999,0.84,0.16000000000000003,0.459874,4.6097722286464435,0.0007620000396855175
Combined Dynamic Environment,50,25,Round Robin,11.212800000000005,101.00229999999999,0.84,0.16000000000000003,0.459874,4.6097722286464435,0.0007401999901048839
Combined Dynamic Environment,50,25,Min-Min,9.264200000000002,86.59380000000003,0.54,0.45999999999999996,0.521808,101.32497224277932,0.0009110000100918114
Combined Dynamic Environment,50,25,Max-Min,14.028799999999997,50.3355,1.0,0.0,0.633624,101.32497224277932,0.000895800010766834
Combined Dynamic Environment,50,25,GA,13.853700000000002,46.711600000000004,1.0,0.0,0.633624,101.32497224277932,0.001379599969368428
Combined Dynamic Environment,50,25,Classical,13.745400000000002,47.831100000000006,0.94,0.06000000000000005,0.62733,97.89152159405839,0.0018208000110462308
Combined Dynamic Environment,50,25,Proposed Quantum-Inspired,11.7294,86.80949999999999,0.8,0.19999999999999996,0.510464,23.90083680543424,0.0028779999702237546
Combined Dynamic Environment,50,26,FCFS,11.427599999999998,100.70160000000001,0.84,0.16000000000000003,0.459874,10.894379284750462,0.0009627999970689416
Combined Dynamic Environment,50,26,Round Robin,11.427599999999998,100.70160000000001,0.84,0.16000000000000003,0.459874,10.894379284750462,0.0007285000174306333
Combined Dynamic Environment,50,26,Min-Min,9.3726,87.24240000000005,0.64,0.36,0.5218079999999999,102.62401034845598,0.0008016999927349389
Combined Dynamic Environment,50,26,Max-Min,14.201699999999997,51.216200000000015,1.0,0.0,0.6336240000000001,102.62401034845598,0.0007881000055931509
Combined Dynamic Environment,50,26,GA,14.150899999999996,46.37340000000001,1.0,0.0,0.633624,102.62401034845598,0.0013048999826423824
Combined Dynamic Environment,50,26,Classical,13.558399999999995,50.71000000000001,0.9,0.09999999999999998,0.6210900000000001,88.25354100544635,0.0018850999767892063
Combined Dynamic Environment,50,26,Proposed Quantum-Inspired,11.2028,98.85390000000002,0.84,0.16000000000000003,0.468256,13.497684986693088,0.00300030002836138
Combined Dynamic Environment,50,27,FCFS,11.424299999999999,107.0135,0.8,0.19999999999999996,0.459874,6.224949798994366,0.000722200027666986
Combined Dynamic Environment,50,27,Round Robin,11.424299999999999,107.0135,0.8,0.19999999999999996,0.459874,6.224949798994366,0.0006681999657303095
Combined Dynamic Environment,50,27,Min-Min,9.5775,89.20980000000003,0.42,0.5800000000000001,0.5218079999999999,104.78907385791707,0.0007268000044859946
Combined Dynamic Environment,50,27,Max-Min,14.509700000000002,52.22960000000001,1.0,0.0,0.633624,104.78907385791707,0.0007325999904423952
Combined Dynamic Environment,50,27,GA,14.245499999999998,48.99939999999999,1.0,0.0,0.633624,104.78907385791707,0.0014282999909482896
Combined Dynamic Environment,50,27,Classical,13.726199999999999,53.56459999999999,0.9,0.09999999999999998,0.621546,90.4032632154393,0.0017980000120587647
Combined Dynamic Environment,50,27,Proposed Quantum-Inspired,11.379399999999999,106.03679999999997,0.84,0.16000000000000003,0.44611399999999996,13.275918047351754,0.002762200019787997
Combined Dynamic Environment,50,28,FCFS,9.848600000000003,84.1122,0.82,0.18000000000000005,0.459874,2.0615528128088303,0.000889900024048984
Combined Dynamic Environment,50,28,Round Robin,9.848600000000003,84.1122,0.82,0.18000000000000005,0.459874,2.0615528128088303,0.0007993000326678157
Combined Dynamic Environment,50,28,Min-Min,8.0675,73.08350000000002,0.58,0.42000000000000004,0.521808,87.4685657822283,0.000707099970895797
Combined Dynamic Environment,50,28,Max-Min,12.2466,44.235400000000006,1.0,0.0,0.633624,87.4685657822283,0.0006936999852769077
Combined Dynamic Environment,50,28,GA,12.112200000000001,39.6235,1.0,0.0,0.633624,87.4685657822283,0.0011276000295765698
Combined Dynamic Environment,50,28,Classical,12.112200000000001,39.6235,1.0,0.0,0.633624,87.4685657822283,0.0015780000248923898
Combined Dynamic Environment,50,28,Proposed Quantum-Inspired,9.522699999999999,82.37790000000001,0.82,0.18000000000000005,0.49053599999999997,21.880356487041066,0.00285349995829165
Combined Dynamic Environment,50,29,FCFS,12.0488,104.18010000000001,0.84,0.16000000000000003,0.459874,6.299801584177076,0.0006898000137880445
Combined Dynamic Environment,50,29,Round Robin,12.0488,104.18010000000001,0.84,0.16000000000000003,0.459874,6.299801584177076,0.0007715000538155437
Combined Dynamic Environment,50,29,Min-Min,9.826199999999996,93.35679999999999,0.6,0.4,0.521808,107.82016277116261,0.0007952000014483929
Combined Dynamic Environment,50,29,Max-Min,14.857599999999994,52.98110000000003,1.0,0.0,0.633624,107.82016277116261,0.0007502000080421567
Combined Dynamic Environment,50,29,GA,14.7842,48.847700000000025,1.0,0.0,0.633624,107.82016277116261,0.0011825999827124178
Combined Dynamic Environment,50,29,Classical,14.5001,51.309600000000025,0.92,0.07999999999999996,0.624994,99.34881730549186,0.0016135999467223883
Combined Dynamic Environment,50,29,Proposed Quantum-Inspired,12.086399999999998,100.03959999999998,0.84,0.16000000000000003,0.47575,15.896147331979533,0.0026705999625846744
Combined Dynamic Environment,100,0,FCFS,19.330399999999994,167.68869999999995,0.81,0.18999999999999995,0.46583099999999994,6.057020719792859,0.0012305999989621341
Combined Dynamic Environment,100,0,Round Robin,19.330399999999994,167.68869999999995,0.81,0.18999999999999995,0.46583099999999994,6.057020719792859,0.0012283999822102487
Combined Dynamic Environment,100,0,Min-Min,16.0473,143.6637,0.46,0.54,0.52176,171.90604265121107,0.0013405000208877027
Combined Dynamic Environment,100,0,Max-Min,24.212799999999994,86.90069999999999,1.0,0.0,0.633568,171.90604265121107,0.00134240003535524
Combined Dynamic Environment,100,0,GA,23.56189999999999,79.5509,1.0,0.0,0.6335679999999999,171.90604265121107,0.0023444999824278057
Combined Dynamic Environment,100,0,Classical,21.500799999999995,98.06820000000002,0.83,0.17000000000000004,0.5958960000000001,115.18110739179407,0.0036518999841064215
Combined Dynamic Environment,100,0,Proposed Quantum-Inspired,18.884000000000004,162.36239999999998,0.86,0.14,0.46947900000000004,20.116846174288852,0.005584799975622445
Combined Dynamic Environment,100,1,FCFS,22.26779999999999,194.46929999999995,0.81,0.18999999999999995,0.46583099999999994,2.598076211353316,0.0013997999485582113
Combined Dynamic Environment,100,1,Round Robin,22.26779999999999,194.46929999999995,0.81,0.18999999999999995,0.46583099999999994,2.598076211353316,0.0012808000319637358
Combined Dynamic Environment,100,1,Min-Min,18.433800000000005,168.34870000000004,0.54,0.45999999999999996,0.52176,200.05186827420533,0.0014103999710641801
Combined Dynamic Environment,100,1,Max-Min,27.805300000000013,100.62370000000006,1.0,0.0,0.6335679999999999,200.05186827420533,0.0013901999918743968
Combined Dynamic Environment,100,1,GA,27.45679999999999,91.42369999999998,1.0,0.0,0.6335679999999999,200.05186827420533,0.0027005000156350434
Combined Dynamic Environment,100,1,Classical,24.05749999999999,123.9721,0.8,0.19999999999999996,0.582451,108.6128445442803,0.0032763999770395458
Combined Dynamic Environment,100,1,Proposed Quantum-Inspired,21.904300000000006,191.0905999999999,0.83,0.17000000000000004,0.46376100000000003,30.890937182286976,0.0051435999921523035
Combined Dynamic Environment,100,2,FCFS,22.025499999999997,191.77950000000007,0.79,0.20999999999999996,0.46583099999999994,4.69041575982343,0.0012652999721467495
Combined Dynamic Environment,100,2,Round Robin,22.025499999999997,191.77950000000007,0.79,0.20999999999999996,0.46583099999999994,4.69041575982343,0.0012360999826341867
Combined Dynamic Environment,100,2,Min-Min,17.995500000000003,165.58080000000007,0.5,0.5,0.5217599999999999,195.72174125528312,0.001374299987219274
Combined Dynamic Environment,100,2,Max-Min,27.13680000000001,98.02080000000004,1.0,0.0,0.633568,195.72174125528312,0.001420099986717105
Combined Dynamic Environment,100,2,GA,27.17919999999999,90.87100000000001,1.0,0.0,0.6335679999999999,195.72174125528312,0.00330839998787269
Combined Dynamic Environment,100,2,Classical,24.0444,117.55219999999996,0.84,0.16000000000000003,0.58936,117.38611502217799,0.0036754999891854823
Combined Dynamic Environment,100,2,Proposed Quantum-Inspired,22.4486,180.5185,0.83,0.17000000000000004,0.46557299999999996,17.277152543170995,0.006080300023313612
Combined Dynamic Environment,100,3,FCFS,21.714899999999993,186.75299999999996,0.81,0.18999999999999995,0.46583099999999994,9.54921462739214,0.0019674000213854015
Combined Dynamic Environment,100,3,Round Robin,21.714899999999993,186.75299999999996,0.81,0.18999999999999995,0.46583099999999994,9.54921462739214,0.0025452999980188906
Combined Dynamic Environment,100,3,Min-Min,17.99440000000001,166.5915,0.52,0.48,0.52176,197.02077936095978,0.002237499982584268
Combined Dynamic Environment,100,3,Max-Min,27.13770000000001,98.75319999999998,1.0,0.0,0.633568,197.02077936095978,0.0021643000072799623
Combined Dynamic Environment,100,3,GA,26.7351,89.77980000000004,1.0,0.0,0.6335679999999999,197.02077936095978,0.003667499986477196
Combined Dynamic Environment,100,3,Classical,23.35279999999999,120.11610000000006,0.83,0.17000000000000004,0.589229,113.02073924727267,0.005273499991744757
Combined Dynamic Environment,100,3,Proposed Quantum-Inspired,22.5477,173.3701000000001,0.89,0.10999999999999999,0.482605,40.28259549731124,0.008620999986305833
Combined Dynamic Environment,100,4,FCFS,22.047600000000003,193.34739999999994,0.81,0.18999999999999995,0.46583099999999994,9.41740410091868,0.0018165000365115702
Combined Dynamic Environment,100,4,Round Robin,22.047600000000003,193.34739999999994,0.81,0.18999999999999995,0.46583099999999994,9.41740410091868,0.0017554000369273126
Combined Dynamic Environment,100,4,Min-Min,18.183000000000003,168.0647,0.51,0.49,0.52176,198.75283016852867,0.001744000008329749
Combined Dynamic Environment,100,4,Max-Min,27.421100000000003,99.60789999999999,1.0,0.0,0.633568,198.75283016852867,0.001651400001719594
Combined Dynamic Environment,100,4,GA,27.297899999999995,90.40629999999999,1.0,0.0,0.6335679999999999,198.75283016852867,0.003360499977134168
Combined Dynamic Environment,100,4,Classical,24.167099999999998,117.62679999999999,0.84,0.16000000000000003,0.592302,121.37004366811442,0.003518999961670488
Combined Dynamic Environment,100,4,Proposed Quantum-Inspired,22.200000000000006,193.86009999999996,0.89,0.10999999999999999,0.461529,16.768646337734005,0.005913799977861345
Combined Dynamic Environment,100,5,FCFS,23.67289999999999,193.95860000000005,0.84,0.16000000000000003,0.46583099999999994,10.985786271359915,0.001525100029539317
Combined Dynamic Environment,100,5,Round Robin,23.67289999999999,193.95860000000005,0.84,0.16000000000000003,0.46583099999999994,10.985786271359915,0.0015641999780200422
Combined Dynamic Environment,100,5,Min-Min,18.904199999999996,173.91309999999996,0.53,0.47,0.52176,206.54705880258862,0.0019961000070907176
Combined Dynamic Environment,100,5,Max-Min,28.516099999999998,103.8817,1.0,0.0,0.633568,206.54705880258862,0.001424000016413629
Combined Dynamic Environment,100,5,GA,28.857600000000005,94.22910000000003,1.0,0.0,0.6335679999999999,206.54705880258862,0.0025529999984428287
Combined Dynamic Environment,100,5,Classical,24.478199999999998,135.44449999999998,0.76,0.24,0.5754690000000001,106.32350398665386,0.0032692999811843038
Combined Dynamic Environment,100,5,Proposed Quantum-Inspired,23.332500000000003,193.69469999999998,0.89,0.10999999999999999,0.4850090000000001,21.878928218722233,0.005799399979878217
Combined Dynamic Environment,100,6,FCFS,20.916099999999993,182.1811999999999,0.8,0.19999999999999996,0.46583099999999994,11.366067921669305,0.0017160000279545784
Combined Dynamic Environment,100,6,Round Robin,20.916099999999993,182.1811999999999,0.8,0.19999999999999996,0.46583099999999994,11.366067921669305,0.0017290000105276704
Combined Dynamic Environment,100,6,Min-Min,16.972100000000005,153.46319999999997,0.48,0.52,0.52176,183.16437290040878,0.0015053999959491193
Combined Dynamic Environment,100,6,Max-Min,25.605800000000006,92.43640000000003,1.0,0.0,0.6335679999999999,183.16437290040878,0.0013901999918743968
Combined Dynamic Environment,100,6,GA,25.625099999999996,84.04229999999997,1.0,0.0,0.6335679999999999,183.16437290040878,0.002307299990206957
Combined Dynamic Environment,100,6,Classical,23.37969999999999,104.0731,0.84,0.16000000000000003,0.6001320000000001,125.15465432815513,0.0037968999822624028
Combined Dynamic Environment,100,6,Proposed Quantum-Inspired,21.191,171.72669999999988,0.84,0.16000000000000003,0.470561,29.38005275693017,0.006208600010722876
Combined Dynamic Environment,100,7,FCFS,21.27629999999999,181.22410000000008,0.8,0.19999999999999996,0.46583099999999994,6.96419413859206,0.0013760000001639128
Combined Dynamic Environment,100,7,Round Robin,21.27629999999999,181.22410000000008,0.8,0.19999999999999996,0.46583099999999994,6.96419413859206,0.0012762999976985157
Combined Dynamic Environment,100,7,Min-Min,16.8968,155.78710000000007,0.49,0.51,0.52176,183.597385602301,0.0014156000106595457
Combined Dynamic Environment,100,7,Max-Min,25.4754,91.7124,1.0,0.0,0.6335679999999999,183.597385602301,0.0013615000061690807
Combined Dynamic Environment,100,7,GA,25.992300000000004,85.77749999999997,1.0,0.0,0.6335679999999999,183.597385602301,0.00227419997099787
Combined Dynamic Environment,100,7,Classical,23.277300000000004,106.9342,0.85,0.15000000000000002,0.595678,120.03124593204888,0.0034702999982982874
Combined Dynamic Environment,100,7,Proposed Quantum-Inspired,21.185399999999987,184.37489999999994,0.81,0.18999999999999995,0.46360400000000007,22.9237867726953,0.00607020000461489
Combined Dynamic Environment,100,8,FCFS,22.5322,196.3545,0.8,0.19999999999999996,0.46583099999999994,7.842193570679061,0.0014038999797776341
Combined Dynamic Environment,100,8,Round Robin,22.5322,196.3545,0.8,0.19999999999999996,0.46583099999999994,7.842193570679061,0.0015092999674379826
Combined Dynamic Environment,100,8,Min-Min,18.3233,168.48830000000007,0.41,0.5900000000000001,0.5217599999999999,199.18584287042088,0.001748099981341511
Combined Dynamic Environment,100,8,Max-Min,27.631200000000007,99.7642,1.0,0.0,0.633568,199.18584287042088,0.0016357999993488193
Combined Dynamic Environment,100,8,GA,27.9359,91.03500000000001,1.0,0.0,0.6335679999999999,199.18584287042088,0.0026917000068351626
Combined Dynamic Environment,100,8,Classical,24.157799999999995,125.4534,0.74,0.26,0.5852600000000001,107.56161025198536,0.003613900044001639
Combined Dynamic Environment,100,8,Proposed Quantum-Inspired,22.3358,194.27379999999997,0.8,0.19999999999999996,0.463673,15.795568998931314,0.005778999999165535
Combined Dynamic Environment,100,9,FCFS,22.054899999999993,190.61930000000004,0.83,0.17000000000000004,0.46583099999999994,9.730750228014282,0.0012721000239253044
Combined Dynamic Environment,100,9,Round Robin,22.054899999999993,190.61930000000004,0.83,0.17000000000000004,0.46583099999999994,9.730750228014282,0.001254500006325543
Combined Dynamic Environment,100,9,Min-Min,17.944000000000003,161.88850000000005,0.62,0.38,0.52176,194.42270314960646,0.0015477000270038843
Combined Dynamic Environment,100,9,Max-Min,27.083200000000012,98.64280000000004,1.0,0.0,0.633568,194.42270314960646,0.001339099952019751
Combined Dynamic Environment,100,9,GA,27.146,90.76709999999997,1.0,0.0,0.6335679999999999,194.42270314960646,0.002237299981061369
Combined Dynamic Environment,100,9,Classical,23.967599999999997,122.23910000000002,0.83,0.17000000000000004,0.583522,108.41673071994009,0.003762899956200272
Combined Dynamic Environment,100,9,Proposed Quantum-Inspired,21.830299999999994,203.12440000000004,0.85,0.15000000000000002,0.45473700000000006,18.9917745353087,0.0059371000388637185
Combined Dynamic Environment,100,10,FCFS,23.01590000000001,198.37689999999998,0.79,0.20999999999999996,0.46583099999999994,9.33742469849155,0.0014990000054240227
Combined Dynamic Environment,100,10,Round Robin,23.01590000000001,198.37689999999998,0.79,0.20999999999999996,0.46583099999999994,9.33742469849155,0.0013493999722413719
Combined Dynamic Environment,100,10,Min-Min,18.825,173.9567,0.52,0.48,0.52176,204.81500799501973,0.0014411000302061439
Combined Dynamic Environment,100,10,Max-Min,28.38140000000001,102.23620000000001,1.0,0.0,0.6335679999999999,204.81500799501973,0.0013779000146314502
Combined Dynamic Environment,100,10,GA,28.151099999999982,94.70509999999997,1.0,0.0,0.6335679999999999,204.81500799501973,0.0030909000197425485
Combined Dynamic Environment,100,10,Classical,24.358099999999993,130.11110000000005,0.78,0.21999999999999997,0.5774809999999999,111.96958292322071,0.003208999987691641
Combined Dynamic Environment,100,10,Proposed Quantum-Inspired,22.59280000000001,196.24779999999998,0.79,0.20999999999999996,0.479534,18.833148966649205,0.005376399960368872
Combined Dynamic Environment,100,11,FCFS,21.146599999999992,182.35579999999993,0.82,0.18000000000000005,0.46583099999999994,6.684870978560469,0.0013721000286750495
Combined Dynamic Environment,100,11,Round Robin,21.146599999999992,182.35579999999993,0.82,0.18000000000000005,0.46583099999999994,6.684870978560469,0.0013339999713934958
Combined Dynamic Environment,100,11,Min-Min,17.285300000000003,156.87449999999998,0.49,0.51,0.52176,186.62847451554651,0.0017573999939486384
Combined Dynamic Environment,100,11,Max-Min,26.073800000000002,93.93340000000002,1.0,0.0,0.633568,186.62847451554651,0.001663199975155294
Combined Dynamic Environment,100,11,GA,26.0229,87.11300000000003,1.0,0.0,0.6335679999999999,186.62847451554651,0.0024801999679766595
Combined Dynamic Environment,100,11,Classical,23.000799999999984,115.64310000000003,0.77,0.22999999999999998,0.584232,107.7064877340265,0.0035933000035583973
Combined Dynamic Environment,100,11,Proposed Quantum-Inspired,20.880900000000004,182.86720000000003,0.79,0.20999999999999996,0.474874,10.80219885023415,0.005455999984405935
Combined Dynamic Environment,100,12,FCFS,22.3798,199.10770000000002,0.86,0.14,0.46583099999999994,9.974968671630002,0.0013492000289261341
Combined Dynamic Environment,100,12,Round Robin,22.3798,199.10770000000002,0.86,0.14,0.46583099999999994,9.974968671630002,0.0012939000152982771
Combined Dynamic Environment,100,12,Min-Min,18.468100000000003,170.4856,0.51,0.49,0.52176,200.91789367798975,0.0013781000161543489
Combined Dynamic Environment,100,12,Max-Min,27.844900000000017,100.37100000000004,1.0,0.0,0.633568,200.91789367798975,0.001340600021649152
Combined Dynamic Environment,100,12,GA,27.849500000000006,91.94470000000003,1.0,0.0,0.6335679999999999,200.91789367798975,0.0022484000073745847
Combined Dynamic Environment,100,12,Classical,24.1874,125.3654,0.82,0.18000000000000005,0.5847040000000001,110.0749744492362,0.0030678999610245228
Combined Dynamic Environment,100,12,Proposed Quantum-Inspired,22.556,191.81939999999997,0.84,0.16000000000000003,0.47086799999999995,18.34393632784414,0.004939300008118153
Combined Dynamic Environment,100,13,FCFS,22.738099999999996,200.70400000000004,0.81,0.18999999999999995,0.46583099999999994,6.87386354243376,0.0012668999843299389
Combined Dynamic Environment,100,13,Round Robin,22.738099999999996,200.70400000000004,0.81,0.18999999999999995,0.46583099999999994,6.87386354243376,0.0012512000394053757
Combined Dynamic Environment,100,13,Min-Min,18.263700000000007,170.14350000000002,0.52,0.48,0.52176,200.05186827420533,0.0016818000003695488
Combined Dynamic Environment,100,13,Max-Min,27.534400000000012,99.7813,1.0,0.0,0.6335679999999999,200.05186827420533,0.0014717999729327857
Combined Dynamic Environment,100,13,GA,27.98729999999999,92.7553,1.0,0.0,0.6335679999999999,200.05186827420533,0.002255600003991276
Combined Dynamic Environment,100,13,Classical,24.602599999999995,123.91199999999999,0.81,0.18999999999999995,0.5833900000000001,113.98355144493436,0.0031912000267766416
Combined Dynamic Environment,100,13,Proposed Quantum-Inspired,22.678299999999993,195.30279999999996,0.87,0.13,0.46747200000000005,14.221462653327892,0.00506860000314191
Combined Dynamic Environment,100,14,FCFS,21.367399999999996,183.22690000000003,0.86,0.14,0.46583099999999994,10.173494974687902,0.001247100008185953
Combined Dynamic Environment,100,14,Round Robin,21.367399999999996,183.22690000000003,0.86,0.14,0.46583099999999994,10.173494974687902,0.0012555000139400363
Combined Dynamic Environment,100,14,Min-Min,17.609299999999998,159.46760000000006,0.51,0.49,0.52176,190.5255888325765,0.0013615000061690807
Combined Dynamic Environment,100,14,Max-Min,26.5692,96.247,1.0,0.0,0.633568,190.5255888325765,0.00136009999550879
Combined Dynamic Environment,100,14,GA,26.23100000000001,87.7482,1.0,0.0,0.6335679999999999,190.5255888325765,0.0022281999699771404
Combined Dynamic Environment,100,14,Classical,23.178499999999996,117.0394,0.81,0.18999999999999995,0.587509,111.80339887498948,0.0030539000290445983
Combined Dynamic Environment,100,14,Proposed Quantum-Inspired,21.702099999999994,180.1005,0.82,0.18000000000000005,0.476504,25.179356624028344,0.005922799988184124
Combined Dynamic Environment,100,15,FCFS,21.303999999999995,181.46480000000005,0.83,0.17000000000000004,0.46583099999999994,1.4142135623730951,0.0013787999632768333
Combined Dynamic Environment,100,15,Round Robin,21.303999999999995,181.46480000000005,0.83,0.17000000000000004,0.46583099999999994,1.4142135623730951,0.0013043999788351357
Combined Dynamic Environment,100,15,Min-Min,17.4009,158.87900000000005,0.46,0.54,0.52176,188.79353802500762,0.001423100009560585
Combined Dynamic Environment,100,15,Max-Min,26.2475,94.9574,1.0,0.0,0.633568,188.79353802500762,0.0013941999641247094
Combined Dynamic Environment,100,15,GA,26.194999999999993,85.89840000000004,1.0,0.0,0.6335679999999999,188.79353802500762,0.002294100006110966
Combined Dynamic Environment,100,15,Classical,22.92639999999999,117.03730000000002,0.74,0.26,0.581738,105.64563407921787,0.003087199991568923
Combined Dynamic Environment,100,15,Proposed Quantum-Inspired,21.289099999999998,176.67719999999994,0.87,0.13,0.470034,10.977249200050075,0.005861800047568977
Combined Dynamic Environment,100,16,FCFS,21.075500000000005,186.9491,0.82,0.18000000000000005,0.46583099999999994,4.636809247747852,0.002266000024974346
Combined Dynamic Environment,100,16,Round Robin,21.075500000000005,186.9491,0.82,0.18000000000000005,0.46583099999999994,4.636809247747852,0.0017036999925039709
Combined Dynamic Environment,100,16,Min-Min,17.579000000000008,162.51019999999997,0.42,0.5800000000000001,0.5217600000000001,190.5255888325765,0.002045100030954927
Combined Dynamic Environment,100,16,Max-Min,26.496000000000002,94.73800000000004,1.0,0.0,0.6335679999999999,190.5255888325765,0.001529499946627766
Combined Dynamic Environment,100,16,GA,26.023299999999995,87.19989999999997,1.0,0.0,0.6335679999999999,190.5255888325765,0.002343399974051863
Combined Dynamic Environment,100,16,Classical,22.821199999999997,115.61830000000002,0.79,0.20999999999999996,0.589035,110.57124400132251,0.003537600045092404
Combined Dynamic Environment,100,16,Proposed Quantum-Inspired,21.276699999999995,179.5126,0.78,0.21999999999999997,0.468846,13.74772708486752,0.005405700008850545
Combined Dynamic Environment,100,17,FCFS,22.679899999999996,192.26380000000003,0.84,0.16000000000000003,0.46583099999999994,8.347903928532,0.0019159000366926193
Combined Dynamic Environment,100,17,Round Robin,22.679899999999996,192.26380000000003,0.84,0.16000000000000003,0.46583099999999994,8.347903928532,0.001520699996035546
Combined Dynamic Environment,100,17,Min-Min,18.237499999999994,167.7599,0.48,0.52,0.52176,197.88680476474423,0.001631299965083599
Combined Dynamic Environment,100,17,Max-Min,27.49780000000001,98.91830000000002,1.0,0.0,0.633568,197.88680476474423,0.0015991000109352171
Combined Dynamic Environment,100,17,GA,27.616999999999997,91.676,1.0,0.0,0.6335679999999999,197.88680476474423,0.0027067000046372414
Combined Dynamic Environment,100,17,Classical,24.0168,122.2818,0.78,0.21999999999999997,0.587431,116.480416809007,0.003658599976915866
Combined Dynamic Environment,100,17,Proposed Quantum-Inspired,22.1234,200.4479,0.86,0.14,0.46354,23.370654676324325,0.006235499982722104
Combined Dynamic Environment,100,18,FCFS,21.54599999999999,194.65060000000005,0.86,0.14,0.46583099999999994,8.584142356694699,0.0015028000343590975
Combined Dynamic Environment,100,18,Round Robin,21.54599999999999,194.65060000000005,0.86,0.14,0.46583099999999994,8.584142356694699,0.0014773000148124993
Combined Dynamic Environment,100,18,Min-Min,18.0037,165.3718,0.6,0.4,0.52176,195.2887285533909,0.0015851000207476318
Combined Dynamic Environment,100,18,Max-Min,27.147300000000005,97.71020000000004,1.0,0.0,0.633568,195.2887285533909,0.0015450000064447522
Combined Dynamic Environment,100,18,GA,26.918100000000003,90.13889999999996,1.0,0.0,0.6335679999999999,195.2887285533909,0.0025077000027522445
Combined Dynamic Environment,100,18,Classical,23.554599999999997,120.16610000000003,0.84,0.16000000000000003,0.583426,111.53558849084897,0.0037663999828509986
Combined Dynamic Environment,100,18,Proposed Quantum-Inspired,22.383499999999998,189.52019999999996,0.87,0.13,0.471267,25.586861863073402,0.005822000035550445
Combined Dynamic Environment,100,19,FCFS,21.229200000000002,193.31920000000008,0.81,0.18999999999999995,0.46583099999999994,13.96424004376894,0.0014912000042386353
Combined Dynamic Environment,100,19,Round Robin,21.229200000000002,193.31920000000008,0.81,0.18999999999999995,0.46583099999999994,13.96424004376894,0.0014697000151500106
Combined Dynamic Environment,100,19,Min-Min,17.5768,159.55580000000003,0.5,0.5,0.52176,190.5255888325765,0.0015926000196486712
Combined Dynamic Environment,100,19,Max-Min,26.51990000000001,96.2129,1.0,0.0,0.633568,190.5255888325765,0.0018172000418417156
Combined Dynamic Environment,100,19,GA,26.61249999999999,89.7326,1.0,0.0,0.6335679999999999,190.5255888325765,0.003154899983201176
Combined Dynamic Environment,100,19,Classical,23.5273,119.51719999999993,0.8,0.19999999999999996,0.57833,110.69552836497056,0.003915600012987852
Combined Dynamic Environment,100,19,Proposed Quantum-Inspired,22.0242,191.39839999999992,0.88,0.12,0.46325900000000003,17.507141400011598,0.006659600010607392
Combined Dynamic Environment,100,20,FCFS,23.095900000000004,198.60690000000005,0.81,0.18999999999999995,0.46583099999999994,5.931905258852336,0.0018576000002212822
Combined Dynamic Environment,100,20,Round Robin,23.095900000000004,198.60690000000005,0.81,0.18999999999999995,0.46583099999999994,5.931905258852336,0.0027430999907664955
Combined Dynamic Environment,100,20,Min-Min,18.615099999999995,174.39190000000002,0.42,0.5800000000000001,0.52176,203.9489825912353,0.0020743999630212784
Combined Dynamic Environment,100,20,Max-Min,28.05510000000001,101.26069999999999,1.0,0.0,0.633568,203.9489825912353,0.002101199992466718
Combined Dynamic Environment,100,20,GA,28.246599999999994,93.1156,1.0,0.0,0.6335679999999999,203.9489825912353,0.003222999977879226
Combined Dynamic Environment,100,20,Classical,24.129199999999994,130.281,0.7,0.30000000000000004,0.577813,106.02446651598866,0.004628000024240464
Combined Dynamic Environment,100,20,Proposed Quantum-Inspired,22.7882,188.15300000000005,0.83,0.17000000000000004,0.47595600000000005,21.1704392963396,0.0065441999468021095
Combined Dynamic Environment,100,21,FCFS,21.647299999999994,191.32140000000007,0.81,0.18999999999999995,0.46583099999999994,11.96609794377432,0.0015086000203154981
Combined Dynamic Environment,100,21,Round Robin,21.647299999999994,191.32140000000007,0.81,0.18999999999999995,0.46583099999999994,11.96609794377432,0.0014438999933190644
Combined Dynamic Environment,100,21,Min-Min,17.8134,160.216,0.56,0.43999999999999995,0.52176,192.6906523420376,0.0015890999929979444
Combined Dynamic Environment,100,21,Max-Min,26.88740000000001,97.87019999999997,1.0,0.0,0.6335679999999999,192.6906523420376,0.0016094999737106264
Combined Dynamic Environment,100,21,GA,26.572300000000002,87.77919999999999,1.0,0.0,0.6335679999999999,192.6906523420376,0.002529999997932464
Combined Dynamic Environment,100,21,Classical,23.505,116.9548,0.8,0.19999999999999996,0.5873630000000001,112.93443894578837,0.003395100007764995
Combined Dynamic Environment,100,21,Proposed Quantum-Inspired,21.6087,178.36860000000004,0.88,0.12,0.47195499999999996,10.520812706250407,0.005180699983611703
Combined Dynamic Environment,100,22,FCFS,20.6084,177.31630000000007,0.85,0.15000000000000002,0.46583099999999994,15.2540978100968,0.0012759999954141676
Combined Dynamic Environment,100,22,Round Robin,20.6084,177.31630000000007,0.85,0.15000000000000002,0.46583099999999994,15.2540978100968,0.001223200000822544
Combined Dynamic Environment,100,22,Min-Min,16.9789,155.2367,0.49,0.51,0.52176,182.29834749662433,0.001350899983663112
Combined Dynamic Environment,100,22,Max-Min,25.591200000000008,90.72540000000004,1.0,0.0,0.633568,182.29834749662433,0.0013639000244438648
Combined Dynamic Environment,100,22,GA,25.2236,82.18010000000002,1.0,0.0,0.6335679999999999,182.29834749662433,0.0022601999808102846
Combined Dynamic Environment,100,22,Classical,22.571800000000007,104.81450000000004,0.84,0.16000000000000003,0.595597,116.43533613126215,0.004260600020643324
Combined Dynamic Environment,100,22,Proposed Quantum-Inspired,20.80479999999999,166.8691,0.79,0.20999999999999996,0.47829,12.735285626950029,0.005438100022729486
Combined Dynamic Environment,100,23,FCFS,21.7192,192.4427999999999,0.83,0.17000000000000004,0.46583099999999994,12.193748398257199,0.0012928000069223344
Combined Dynamic Environment,100,23,Round Robin,21.7192,192.4427999999999,0.83,0.17000000000000004,0.46583099999999994,12.193748398257199,0.0012502999743446708
Combined Dynamic Environment,100,23,Min-Min,17.693999999999996,160.7767,0.53,0.47,0.52176,190.95860153446873,0.001409200020134449
Combined Dynamic Environment,100,23,Max-Min,26.687600000000014,95.97919999999999,1.0,0.0,0.633568,190.95860153446873,0.0014162000152282417
Combined Dynamic Environment,100,23,GA,26.54319999999999,90.02109999999999,1.0,0.0,0.6335679999999999,190.95860153446873,0.002798000001348555
Combined Dynamic Environment,100,23,Classical,23.610199999999995,115.60530000000001,0.82,0.18000000000000005,0.584601,117.41246739592862,0.003604199970141053
Combined Dynamic Environment,100,23,Proposed Quantum-Inspired,21.947499999999998,179.57609999999997,0.9,0.09999999999999998,0.47963300000000003,21.775846711436962,0.006036400038283318
Combined Dynamic Environment,100,24,FCFS,22.167399999999986,190.6279000000001,0.88,0.12,0.46583099999999994,8.926785535678562,0.0015985000063665211
Combined Dynamic Environment,100,24,Round Robin,22.167399999999986,190.6279000000001,0.88,0.12,0.46583099999999994,8.926785535678562,0.0014797000330872834
Combined Dynamic Environment,100,24,Min-Min,18.043699999999994,166.88260000000005,0.57,0.43000000000000005,0.52176,196.15475395717536,0.0014711000258103013
Combined Dynamic Environment,100,24,Max-Min,27.200300000000006,97.76810000000003,1.0,0.0,0.633568,196.15475395717536,0.0016749000060372055
Combined Dynamic Environment,100,24,GA,27.402800000000003,89.89739999999999,1.0,0.0,0.6335679999999999,196.15475395717536,0.002356700017116964
Combined Dynamic Environment,100,24,Classical,24.088599999999996,117.27399999999997,0.84,0.16000000000000003,0.592457,118.97347393431865,0.0033513999660499394
Combined Dynamic Environment,100,24,Proposed Quantum-Inspired,22.7921,177.55870000000007,0.87,0.13,0.481664,21.405314760591587,0.006272200029343367
Combined Dynamic Environment,100,25,FCFS,21.6941,194.51029999999992,0.83,0.17000000000000004,0.46583099999999994,4.031128874149275,0.0015953999827615917
Combined Dynamic Environment,100,25,Round Robin,21.6941,194.51029999999992,0.83,0.17000000000000004,0.46583099999999994,4.031128874149275,0.0015439999988302588
Combined Dynamic Environment,100,25,Min-Min,17.846900000000005,166.06150000000005,0.54,0.45999999999999996,0.52176,194.8557158514987,0.002038200036622584
Combined Dynamic Environment,100,25,Max-Min,26.90200000000001,97.0035,1.0,0.0,0.6335679999999999,194.8557158514987,0.0017729999963194132
Combined Dynamic Environment,100,25,GA,26.67389999999999,90.88640000000002,1.0,0.0,0.6335679999999999,194.8557158514987,0.0029494999907910824
Combined Dynamic Environment,100,25,Classical,23.487999999999985,121.714,0.79,0.20999999999999996,0.581991,109.17989741706117,0.0037758999969810247
Combined Dynamic Environment,100,25,Proposed Quantum-Inspired,21.602699999999995,179.3721,0.81,0.18999999999999995,0.48152100000000003,26.004807247891687,0.00554270000429824
Combined Dynamic Environment,100,26,FCFS,21.862200000000012,194.61769999999996,0.83,0.17000000000000004,0.46583099999999994,7.292976072907411,0.0013858000165782869
Combined Dynamic Environment,100,26,Round Robin,21.862200000000012,194.61769999999996,0.83,0.17000000000000004,0.46583099999999994,7.292976072907411,0.0013720999704673886
Combined Dynamic Environment,100,26,Min-Min,18.116100000000003,165.08709999999994,0.58,0.42000000000000004,0.52176,196.15475395717536,0.0014482000260613859
Combined Dynamic Environment,100,26,Max-Min,27.325800000000015,98.6411,1.0,0.0,0.633568,196.15475395717536,0.0014687000075355172
Combined Dynamic Environment,100,26,GA,26.81730000000001,91.35499999999996,1.0,0.0,0.6335679999999999,196.15475395717536,0.002674699993804097
Combined Dynamic Environment,100,26,Classical,23.498499999999996,122.03659999999996,0.8,0.19999999999999996,0.584098,114.77668535029228,0.0032887999550439417
Combined Dynamic Environment,100,26,Proposed Quantum-Inspired,21.436100000000007,195.15779999999995,0.8,0.19999999999999996,0.46572100000000005,16.63392617513977,0.005758500017691404
Combined Dynamic Environment,100,27,FCFS,22.233699999999985,200.6172000000001,0.81,0.18999999999999995,0.46583099999999994,6.684870978560469,0.0013593000476248562
Combined Dynamic Environment,100,27,Round Robin,22.233699999999985,200.6172000000001,0.81,0.18999999999999995,0.46583099999999994,6.684870978560469,0.0012646999675780535
Combined Dynamic Environment,100,27,Min-Min,18.133499999999998,166.92600000000004,0.42,0.5800000000000001,0.52176,197.02077936095978,0.0013537000049836934
Combined Dynamic Environment,100,27,Max-Min,27.3422,98.54260000000004,1.0,0.0,0.633568,197.02077936095978,0.0013435000437311828
Combined Dynamic Environment,100,27,GA,27.52189999999999,92.52489999999999,1.0,0.0,0.6335679999999999,197.02077936095978,0.0022489000111818314
Combined Dynamic Environment,100,27,Classical,23.565799999999996,130.4508,0.7,0.30000000000000004,0.571571,102.63375419422209,0.0036032000207342207
Combined Dynamic Environment,100,27,Proposed Quantum-Inspired,21.889399999999988,203.37540000000004,0.82,0.18000000000000005,0.45484700000000006,21.787324296480282,0.0056579000083729625
Combined Dynamic Environment,100,28,FCFS,19.680499999999995,170.09670000000003,0.85,0.15000000000000002,0.46583099999999994,7.794228634059948,0.0012738000368699431
Combined Dynamic Environment,100,28,Round Robin,19.680499999999995,170.09670000000003,0.85,0.15000000000000002,0.46583099999999994,7.794228634059948,0.001226700027473271
Combined Dynamic Environment,100,28,Min-Min,16.2059,145.2144,0.55,0.44999999999999996,0.52176,174.07110616067217,0.0013420999748632312
Combined Dynamic Environment,100,28,Max-Min,24.4551,88.13810000000001,1.0,0.0,0.6335679999999999,174.07110616067217,0.0013212000485509634
Combined Dynamic Environment,100,28,GA,24.041000000000004,81.10189999999997,1.0,0.0,0.6335679999999999,174.07110616067217,0.0022173000033944845
Combined Dynamic Environment,100,28,Classical,22.357499999999998,94.10440000000003,0.9,0.09999999999999998,0.6065429999999999,130.17200159788587,0.00335279997671023
Combined Dynamic Environment,100,28,Proposed Quantum-Inspired,19.4054,168.28430000000003,0.84,0.16000000000000003,0.473942,14.517231140957975,0.005551800015382469
Combined Dynamic Environment,100,29,FCFS,22.48769999999999,201.5849,0.86,0.14,0.46583099999999994,11.519006033508273,0.0013466000091284513
Combined Dynamic Environment,100,29,Round Robin,22.48769999999999,201.5849,0.86,0.14,0.46583099999999994,11.519006033508273,0.001278800016734749
Combined Dynamic Environment,100,29,Min-Min,18.607399999999995,173.92329999999998,0.6,0.4,0.52176,203.08295718745086,0.0013590999878942966
Combined Dynamic Environment,100,29,Max-Min,28.040200000000013,100.6727,1.0,0.0,0.6335679999999999,203.08295718745086,0.00134240003535524
Combined Dynamic Environment,100,29,GA,27.83959999999999,94.72800000000001,1.0,0.0,0.6335679999999999,203.08295718745086,0.002269199991133064
Combined Dynamic Environment,100,29,Classical,24.140199999999997,132.21080000000003,0.77,0.22999999999999998,0.579799,108.88382570427989,0.003114699968136847
Combined Dynamic Environment,100,29,Proposed Quantum-Inspired,23.610499999999995,192.52620000000002,0.88,0.12,0.48505400000000004,31.63364506344471,0.005198099999688566
Combined Dynamic Environment,250,0,FCFS,54.67200000000002,466.6261,0.832,0.16800000000000004,0.464646,8.774964387392123,0.003190400020685047
Combined Dynamic Environment,250,0,Round Robin,54.67200000000002,466.6261,0.832,0.16800000000000004,0.464646,8.774964387392123,0.0031237000366672873
Combined Dynamic Environment,250,0,Min-Min,44.744099999999996,411.48049999999995,0.496,0.504,0.5217496,484.9742261192856,0.003435300022829324
Combined Dynamic Environment,250,0,Max-Min,67.25359999999996,242.26149999999996,1.0,0.0,0.6335495999999999,484.9742261192856,0.003927400044631213
Combined Dynamic Environment,250,0,GA,66.95829999999997,220.59490000000008,1.0,0.0,0.6335496,484.9742261192856,0.005711899953894317
Combined Dynamic Environment,250,0,Classical,53.71730000000001,437.4732999999998,0.68,0.31999999999999995,0.49437719999999996,75.52152011181978,0.007882700010668486
Combined Dynamic Environment,250,0,Proposed Quantum-Inspired,53.7339,478.8169999999999,0.844,0.15600000000000003,0.4567924,34.63379852109786,0.013933799986261874
Combined Dynamic Environment,250,1,FCFS,52.322099999999985,464.2712,0.792,0.20799999999999996,0.464646,17.76759691123141,0.0039762999513186514
Combined Dynamic Environment,250,1,Round Robin,52.322099999999985,464.2712,0.792,0.20799999999999996,0.464646,17.76759691123141,0.0032609000336378813
Combined Dynamic Environment,250,1,Min-Min,43.2385,389.8767999999998,0.492,0.508,0.5217496000000001,466.3546799379202,0.003651200036983937
Combined Dynamic Environment,250,1,Max-Min,65.01099999999995,235.8354,1.0,0.0,0.6335496,466.3546799379202,0.0033300999784842134
Combined Dynamic Environment,250,1,GA,64.55109999999995,217.50619999999978,1.0,0.0,0.6335496,466.3546799379202,0.006131399946752936
Combined Dynamic Environment,250,1,Classical,51.7414,430.1565,0.62,0.38,0.4914776,84.81266120102588,0.00808059994596988
Combined Dynamic Environment,250,1,Proposed Quantum-Inspired,51.26189999999998,462.15919999999994,0.788,0.21199999999999997,0.4630988,58.07484395157683,0.013610600028187037
Combined Dynamic Environment,250,2,FCFS,54.45940000000003,480.0186000000001,0.804,0.19599999999999995,0.464646,9.256754290786809,0.003206100023817271
Combined Dynamic Environment,250,2,Round Robin,54.45940000000003,480.0186000000001,0.804,0.19599999999999995,0.464646,9.256754290786809,0.003670999954920262
Combined Dynamic Environment,250,2,Min-Min,44.874999999999986,413.5040000000001,0.5,0.5,0.5217496,488.0053150325312,0.0044228999759070575
Combined Dynamic Environment,250,2,Max-Min,67.45200000000001,244.06819999999993,1.0,0.0,0.6335495999999999,488.0053150325312,0.003956599975936115
Combined Dynamic Environment,250,2,GA,67.17420000000004,226.92189999999994,1.0,0.0,0.6335496,488.0053150325312,0.006812999956309795
Combined Dynamic Environment,250,2,Classical,54.166799999999974,449.61689999999993,0.676,0.32399999999999995,0.4889968,73.95057471041046,0.01059629995143041
Combined Dynamic Environment,250,2,Proposed Quantum-Inspired,54.6291,474.0015000000003,0.816,0.18400000000000005,0.46266999999999997,28.261059781968545,0.01470940001308918
Combined Dynamic Environment,250,3,FCFS,53.80029999999994,476.26779999999985,0.848,0.15200000000000002,0.464646,9.883698700385398,0.0037589999847114086
Combined Dynamic Environment,250,3,Round Robin,53.80029999999994,476.26779999999985,0.848,0.15200000000000002,0.464646,9.883698700385398,0.0035332999541424215
Combined Dynamic Environment,250,3,Min-Min,44.3795,406.5997999999997,0.552,0.44799999999999995,0.5217496,481.0771118022557,0.004043099994305521
Combined Dynamic Environment,250,3,Max-Min,66.71109999999997,241.10229999999999,1.0,0.0,0.6335495999999999,481.0771118022557,0.003394200000911951
Combined Dynamic Environment,250,3,GA,66.5457,224.6545,1.0,0.0,0.6335496,481.0771118022557,0.005736299965064973
Combined Dynamic Environment,250,3,Classical,53.73039999999998,442.85620000000006,0.72,0.28,0.4867732,70.6094009321705,0.008611900033429265
Combined Dynamic Environment,250,3,Proposed Quantum-Inspired,55.2835,455.90739999999965,0.868,0.132,0.46768280000000007,50.310908359917335,0.013523300003726035
Combined Dynamic Environment,250,4,FCFS,56.23079999999998,494.03009999999995,0.836,0.16400000000000003,0.464646,13.24764129949177,0.0032868999987840652
Combined Dynamic Environment,250,4,Round Robin,56.23079999999998,494.03009999999995,0.836,0.16400000000000003,0.464646,13.24764129949177,0.003592599998228252
Combined Dynamic Environment,250,4,Min-Min,46.0645,423.5394000000001,0.536,0.46399999999999997,0.5217496,500.5626833874055,0.0035886000259779394
Combined Dynamic Environment,250,4,Max-Min,69.24239999999999,250.6469,1.0,0.0,0.6335496,500.5626833874055,0.003917999973054975
Combined Dynamic Environment,250,4,GA,69.51079999999997,231.68980000000008,1.0,0.0,0.6335496,500.5626833874055,0.006125700019765645
Combined Dynamic Environment,250,4,Classical,55.995699999999985,464.3474999999998,0.704,0.29600000000000004,0.4848316000000001,67.38694235532579,0.008104099950287491
Combined Dynamic Environment,250,4,Proposed Quantum-Inspired,55.4858,502.95750000000015,0.828,0.17200000000000004,0.46192920000000004,55.385016024191955,0.013920299999881536
Combined Dynamic Environment,250,5,FCFS,56.3728,487.3300000000002,0.852,0.14800000000000002,0.464646,13.619838471876236,0.0038441999931819737
Combined Dynamic Environment,250,5,Round Robin,56.3728,487.3300000000002,0.852,0.14800000000000002,0.464646,13.619838471876236,0.003442399960476905
Combined Dynamic Environment,250,5,Min-Min,45.9572,419.74929999999983,0.548,0.45199999999999996,0.5217496000000001,498.8306325798367,0.0035726000205613673
Combined Dynamic Environment,250,5,Max-Min,69.08990000000001,250.93460000000002,1.0,0.0,0.6335495999999999,498.8306325798367,0.003425000002607703
Combined Dynamic Environment,250,5,GA,69.14359999999998,232.12999999999997,1.0,0.0,0.6335496,498.8306325798367,0.006286200019530952
Combined Dynamic Environment,250,5,Classical,55.69030000000001,464.5497000000001,0.7,0.30000000000000004,0.48452920000000005,67.45368781616021,0.007913800014648587
Combined Dynamic Environment,250,5,Proposed Quantum-Inspired,55.668800000000005,488.1838000000002,0.872,0.128,0.46980039999999995,26.095976701399778,0.012951100012287498
Combined Dynamic Environment,250,6,FCFS,53.99029999999999,478.0113000000001,0.82,0.18000000000000005,0.464646,21.24852936087578,0.0037565999664366245
Combined Dynamic Environment,250,6,Round Robin,53.99029999999999,478.0113000000001,0.82,0.18000000000000005,0.464646,21.24852936087578,0.003310200001578778
Combined Dynamic Environment,250,6,Min-Min,44.72240000000001,407.7206999999999,0.496,0.504,0.5217496,483.2421753117168,0.003853200003504753
Combined Dynamic Environment,250,6,Max-Min,67.22849999999997,242.5239,1.0,0.0,0.6335496,483.2421753117168,0.003571600012946874
Combined Dynamic Environment,250,6,GA,66.9003,220.18190000000004,1.0,0.0,0.6335496,483.2421753117168,0.005799399979878217
Combined Dynamic Environment,250,6,Classical,53.424499999999966,445.5572999999999,0.672,0.32799999999999996,0.48405919999999997,76.9252884297485,0.00838579999981448
Combined Dynamic Environment,250,6,Proposed Quantum-Inspired,54.61329999999999,459.28800000000007,0.832,0.16800000000000004,0.46811480000000005,36.72192805395708,0.013932099973317236
Combined Dynamic Environment,250,7,FCFS,52.49519999999997,461.1092000000004,0.812,0.18799999999999994,0.464646,8.926785535678562,0.0037962999776937068
Combined Dynamic Environment,250,7,Round Robin,52.49519999999997,461.1092000000004,0.812,0.18799999999999994,0.464646,8.926785535678562,0.0038238000124692917
Combined Dynamic Environment,250,7,Min-Min,43.7287,399.9695999999998,0.52,0.48,0.5217496,472.4168577644113,0.003502400009892881
Combined Dynamic Environment,250,7,Max-Min,65.73019999999997,236.39839999999995,1.0,0.0,0.6335495999999999,472.4168577644113,0.003910200030077249
Combined Dynamic Environment,250,7,GA,64.83319999999999,217.37229999999997,1.0,0.0,0.6335496,472.4168577644113,0.006751199951395392
Combined Dynamic Environment,250,7,Classical,52.79479999999996,418.97749999999996,0.712,0.28800000000000003,0.49399800000000005,71.44359663398814,0.008612800040282309
Combined Dynamic Environment,250,7,Proposed Quantum-Inspired,52.95599999999993,465.27210000000025,0.824,0.17600000000000005,0.4662987999999999,20.17888748172208,0.01262019999558106
Combined Dynamic Environment,250,8,FCFS,55.7643,497.6561000000003,0.808,0.19199999999999995,0.464646,16.13032857693854,0.0038658000412397087
Combined Dynamic Environment,250,8,Round Robin,55.7643,497.6561000000003,0.808,0.19199999999999995,0.464646,16.13032857693854,0.0033235999871976674
Combined Dynamic Environment,250,8,Min-Min,45.982000000000006,420.17719999999986,0.444,0.556,0.5217496,498.39761987794446,0.003490300034172833
Combined Dynamic Environment,250,8,Max-Min,69.124,250.313,1.0,0.0,0.6335496,498.39761987794446,0.003527299966663122
Combined Dynamic Environment,250,8,GA,68.56030000000004,230.79149999999998,1.0,0.0,0.6335496,498.39761987794446,0.006375099997967482
Combined Dynamic Environment,250,8,Classical,54.837700000000005,466.44770000000005,0.616,0.384,0.48243440000000004,83.57743415539866,0.00813540001399815
Combined Dynamic Environment,250,8,Proposed Quantum-Inspired,55.28230000000002,493.6053000000005,0.828,0.17200000000000004,0.469094,25.390697115282205,0.013994400040246546
Combined Dynamic Environment,250,9,FCFS,57.1325,493.3124,0.828,0.17200000000000004,0.464646,19.188212527486765,0.0035179000115022063
Combined Dynamic Environment,250,9,Round Robin,57.1325,493.3124,0.828,0.17200000000000004,0.464646,19.188212527486765,0.0036480000126175582
Combined Dynamic Environment,250,9,Min-Min,46.177499999999995,421.7488000000002,0.556,0.44399999999999995,0.5217496000000001,501.8617214930822,0.003581700031645596
Combined Dynamic Environment,250,9,Max-Min,69.42370000000001,252.74209999999994,1.0,0.0,0.6335496,501.8617214930822,0.003645499993581325
Combined Dynamic Environment,250,9,GA,70.51789999999997,230.78250000000006,1.0,0.0,0.6335496,501.8617214930822,0.006443299993406981
Combined Dynamic Environment,250,9,Classical,56.73360000000006,460.5465,0.656,0.344,0.4881284,77.05314724266621,0.008704100036993623
Combined Dynamic Environment,250,9,Proposed Quantum-Inspired,56.90459999999999,506.68380000000013,0.82,0.18000000000000005,0.45458040000000005,29.600464523382062,0.014042099996004254
Combined Dynamic Environment,250,10,FCFS,56.17599999999999,488.1981999999998,0.84,0.16000000000000003,0.464646,27.459060435491963,0.003660899994429201
Combined Dynamic Environment,250,10,Round Robin,56.17599999999999,488.1981999999998,0.84,0.16000000000000003,0.464646,27.459060435491963,0.0033395999926142395
Combined Dynamic Environment,250,10,Min-Min,45.657499999999985,418.7861,0.532,0.46799999999999997,0.5217496,495.3665309646989,0.0039163000183179975
Combined Dynamic Environment,250,10,Max-Min,68.63230000000001,248.21409999999983,1.0,0.0,0.6335495999999999,495.3665309646989,0.003693500009831041
Combined Dynamic Environment,250,10,GA,68.90230000000001,230.20049999999972,1.0,0.0,0.6335496,495.3665309646989,0.005704399954993278
Combined Dynamic Environment,250,10,Classical,55.19899999999998,463.1666999999999,0.664,0.33599999999999997,0.4823424,78.29112337934615,0.007912200002465397
Combined Dynamic Environment,250,10,Proposed Quantum-Inspired,55.35829999999999,490.3615000000002,0.8,0.19999999999999996,0.46756200000000003,36.88495628301598,0.013451599981635809
Combined Dynamic Environment,250,11,FCFS,54.673399999999994,473.6993000000003,0.824,0.17600000000000005,0.464646,6.609652033201143,0.003656200016848743
Combined Dynamic Environment,250,11,Round Robin,54.673399999999994,473.6993000000003,0.824,0.17600000000000005,0.464646,6.609652033201143,0.0037404000177048147
Combined Dynamic Environment,250,11,Min-Min,44.57219999999998,405.19949999999983,0.524,0.476,0.5217496,481.0771118022557,0.0035450999857857823
Combined Dynamic Environment,250,11,Max-Min,67.00529999999998,241.77749999999978,1.0,0.0,0.6335496,481.0771118022557,0.0035113999620079994
Combined Dynamic Environment,250,11,GA,67.2901,221.60169999999985,1.0,0.0,0.6335496,481.0771118022557,0.005884299986064434
Combined Dynamic Environment,250,11,Classical,54.435000000000045,435.8121000000001,0.672,0.32799999999999996,0.4894072,72.2958332132634,0.008013000013306737
Combined Dynamic Environment,250,11,Proposed Quantum-Inspired,54.72950000000003,464.94759999999985,0.836,0.16400000000000003,0.4716268,10.207227831296802,0.01395540003431961
Combined Dynamic Environment,250,12,FCFS,55.379699999999985,491.59750000000014,0.86,0.14,0.464646,19.48557158514987,0.003949600039049983
Combined Dynamic Environment,250,12,Round Robin,55.379699999999985,491.59750000000014,0.86,0.14,0.464646,19.48557158514987,0.004182599950581789
Combined Dynamic Environment,250,12,Min-Min,45.42840000000001,420.5586999999998,0.5,0.5,0.5217496,494.9335182628067,0.0035603000433184206
Combined Dynamic Environment,250,12,Max-Min,68.28000000000003,246.95169999999985,1.0,0.0,0.6335496,494.9335182628067,0.0037688000011257827
Combined Dynamic Environment,250,12,GA,68.38949999999998,228.6000999999999,1.0,0.0,0.6335496,494.9335182628067,0.006238700007088482
Combined Dynamic Environment,250,12,Classical,55.40490000000003,454.4787000000001,0.672,0.32799999999999996,0.4879,62.59143311987672,0.008504700032062829
Combined Dynamic Environment,250,12,Proposed Quantum-Inspired,56.58500000000001,467.1584,0.852,0.14800000000000002,0.47401519999999997,47.488814472462884,0.01414929999737069
Combined Dynamic Environment,250,13,FCFS,56.63250000000001,499.1303,0.82,0.18000000000000005,0.464646,8.728545125048045,0.0034869000082835555
Combined Dynamic Environment,250,13,Round Robin,56.63250000000001,499.1303,0.82,0.18000000000000005,0.464646,8.728545125048045,0.003231600043363869
Combined Dynamic Environment,250,13,Min-Min,46.439799999999984,431.03490000000005,0.5,0.5,0.5217496,506.1918485120044,0.003973299986682832
Combined Dynamic Environment,250,13,Max-Min,69.79729999999998,252.11789999999988,1.0,0.0,0.6335495999999999,506.1918485120044,0.003611200023442507
Combined Dynamic Environment,250,13,GA,69.73930000000004,232.9756999999999,1.0,0.0,0.6335496,506.1918485120044,0.005940700008068234
Combined Dynamic Environment,250,13,Classical,56.44460000000004,466.0447,0.688,0.31200000000000006,0.4858368,59.93903152370749,0.008653500000946224
Combined Dynamic Environment,250,13,Proposed Quantum-Inspired,56.40369999999999,490.8806999999999,0.84,0.16000000000000003,0.474074,23.40272420040026,0.013640000019222498
Combined Dynamic Environment,250,14,FCFS,55.05740000000002,467.2265000000003,0.844,0.15600000000000003,0.464646,17.014699527173555,0.0034118000185117126
Combined Dynamic Environment,250,14,Round Robin,55.05740000000002,467.2265000000003,0.844,0.15600000000000003,0.464646,17.014699527173555,0.003195700002834201
Combined Dynamic Environment,250,14,Min-Min,45.327999999999996,413.53449999999975,0.528,0.472,0.5217496000000001,490.17037854199225,0.0033829999738372862
Combined Dynamic Environment,250,14,Max-Min,68.13919999999999,246.0205999999998,1.0,0.0,0.6335496,490.17037854199225,0.0037474999553523958
Combined Dynamic Environment,250,14,GA,67.48949999999999,224.0049,1.0,0.0,0.6335496,490.17037854199225,0.006249799975194037
Combined Dynamic Environment,250,14,Classical,54.3852,449.0584000000003,0.688,0.31200000000000006,0.4879696,65.9128212110512,0.007897200004663318
Combined Dynamic Environment,250,14,Proposed Quantum-Inspired,55.20449999999999,463.90430000000015,0.808,0.19199999999999995,0.47609440000000003,29.57194616524249,0.013810499978717417
Combined Dynamic Environment,250,15,FCFS,56.67180000000002,492.76850000000036,0.86,0.14,0.464646,7.790218225441442,0.0037459000013768673
Combined Dynamic Environment,250,15,Round Robin,56.67180000000002,492.76850000000036,0.86,0.14,0.464646,7.790218225441442,0.0033393000485375524
Combined Dynamic Environment,250,15,Min-Min,46.548399999999994,430.89780000000013,0.504,0.496,0.5217496,506.1918485120044,0.003493500000331551
Combined Dynamic Environment,250,15,Max-Min,69.96010000000003,252.17269999999985,1.0,0.0,0.6335495999999999,506.1918485120044,0.003454199992120266
Combined Dynamic Environment,250,15,GA,69.634,231.92589999999987,1.0,0.0,0.6335496,506.1918485120044,0.007657399983145297
Combined Dynamic Environment,250,15,Classical,55.606399999999994,475.05459999999994,0.652,0.348,0.48205760000000003,74.13627654529192,0.008792600012384355
Combined Dynamic Environment,250,15,Proposed Quantum-Inspired,55.54550000000006,495.52860000000004,0.816,0.18400000000000005,0.4625640000000001,37.19122880465231,0.01434500003233552
Combined Dynamic Environment,250,16,FCFS,55.66689999999999,491.59800000000007,0.824,0.17600000000000005,0.464646,11.903255857117413,0.0034460999886505306
Combined Dynamic Environment,250,16,Round Robin,55.66689999999999,491.59800000000007,0.824,0.17600000000000005,0.464646,11.903255857117413,0.003799900005105883
Combined Dynamic Environment,250,16,Min-Min,45.85449999999999,424.1104000000001,0.444,0.556,0.5217496,498.39761987794446,0.003995999984908849
Combined Dynamic Environment,250,16,Max-Min,68.9179,248.36289999999988,1.0,0.0,0.6335496,498.39761987794446,0.003565099963452667
Combined Dynamic Environment,250,16,GA,68.91169999999998,229.0916,1.0,0.0,0.6335496,498.39761987794446,0.007049100007861853
Combined Dynamic Environment,250,16,Classical,55.715800000000016,453.7548000000001,0.656,0.344,0.4857984,68.78726262906527,0.008484400052111596
Combined Dynamic Environment,250,16,Proposed Quantum-Inspired,56.0487,467.55229999999995,0.768,0.23199999999999998,0.47695,48.976397376695644,0.014071899990085512
Combined Dynamic Environment,250,17,FCFS,53.59380000000001,476.6097000000002,0.844,0.15600000000000003,0.464646,3.082207001484488,0.003671900019980967
Combined Dynamic Environment,250,17,Round Robin,53.59380000000001,476.6097000000002,0.844,0.15600000000000003,0.464646,3.082207001484488,0.0034835999831557274
Combined Dynamic Environment,250,17,Min-Min,44.455699999999986,405.36359999999996,0.508,0.492,0.5217496,481.5101245041479,0.003915199951734394
Combined Dynamic Environment,250,17,Max-Min,66.83059999999998,242.1152999999999,1.0,0.0,0.6335496,481.5101245041479,0.004498799971770495
Combined Dynamic Environment,250,17,GA,65.98780000000002,223.79209999999992,1.0,0.0,0.6335496,481.5101245041479,0.006776399968657643
Combined Dynamic Environment,250,17,Classical,53.32619999999999,438.57980000000026,0.652,0.348,0.4899452,77.96473561809852,0.007805800007190555
Combined Dynamic Environment,250,17,Proposed Quantum-Inspired,53.591499999999996,473.8107000000003,0.848,0.15200000000000002,0.46809680000000004,14.19506956657839,0.01317290001315996
Combined Dynamic Environment,250,18,FCFS,55.71979999999999,492.7769999999999,0.876,0.124,0.464646,11.20267825120404,0.0038296999991871417
Combined Dynamic Environment,250,18,Round Robin,55.71979999999999,492.7769999999999,0.876,0.124,0.464646,11.20267825120404,0.003322299977298826
Combined Dynamic Environment,250,18,Min-Min,46.29049999999999,426.92570000000006,0.576,0.42400000000000004,0.5217495999999999,502.2947341949744,0.003976500011049211
Combined Dynamic Environment,250,18,Max-Min,69.57479999999998,250.54589999999988,1.0,0.0,0.6335495999999999,502.2947341949744,0.004343600012362003
Combined Dynamic Environment,250,18,GA,68.70429999999999,231.1972999999998,1.0,0.0,0.6335496,502.2947341949744,0.007079300004988909
Combined Dynamic Environment,250,18,Classical,55.6909,462.7145999999998,0.716,0.28400000000000003,0.48292319999999994,58.61740355901138,0.010350199998356402
Combined Dynamic Environment,250,18,Proposed Quantum-Inspired,56.73050000000002,496.1904999999999,0.856,0.14400000000000002,0.458042,45.92385001282014,0.016021099989302456
Combined Dynamic Environment,250,19,FCFS,54.62910000000004,478.44410000000005,0.828,0.17200000000000004,0.464646,16.80029761641144,0.0035292000393383205
Combined Dynamic Environment,250,19,Round Robin,54.62910000000004,478.44410000000005,0.828,0.17200000000000004,0.464646,16.80029761641144,0.0034235999919474125
Combined Dynamic Environment,250,19,Min-Min,45.27929999999999,412.39040000000006,0.496,0.504,0.5217496,489.30435313820783,0.0034708999446593225
Combined Dynamic Environment,250,19,Max-Min,68.06769999999997,245.78899999999993,1.0,0.0,0.6335496,489.30435313820783,0.004209500038996339
Combined Dynamic Environment,250,19,GA,67.66760000000002,224.57480000000004,1.0,0.0,0.6335496,489.30435313820783,0.005770499992650002
Combined Dynamic Environment,250,19,Classical,54.485199999999985,449.4247000000002,0.66,0.33999999999999997,0.4835888,71.80006963784923,0.008124399988446385
Combined Dynamic Environment,250,19,Proposed Quantum-Inspired,55.75809999999997,473.3379000000002,0.844,0.15600000000000003,0.4638584,27.518175811634027,0.013778600026853383
Combined Dynamic Environment,250,20,FCFS,57.36560000000001,508.31969999999984,0.804,0.19599999999999995,0.464646,12.891373084353738,0.004351700015831739
Combined Dynamic Environment,250,20,Round Robin,57.36560000000001,508.31969999999984,0.804,0.19599999999999995,0.464646,12.891373084353738,0.003908700018655509
Combined Dynamic Environment,250,20,Min-Min,46.813699999999976,437.1150000000002,0.452,0.548,0.5217496,510.52197553092657,0.004651599971111864
Combined Dynamic Environment,250,20,Max-Min,70.34930000000004,253.08139999999986,1.0,0.0,0.6335496,510.52197553092657,0.004733200010377914
Combined Dynamic Environment,250,20,GA,70.73229999999998,235.81219999999988,1.0,0.0,0.6335496,510.52197553092657,0.007581099984236062
Combined Dynamic Environment,250,20,Classical,56.99239999999999,470.72869999999995,0.628,0.372,0.48535680000000003,69.75089605159205,0.01115660002687946
Combined Dynamic Environment,250,20,Proposed Quantum-Inspired,56.4483,496.37469999999973,0.804,0.19599999999999995,0.4727624,49.27156888104945,0.01813189999666065
Combined Dynamic Environment,250,21,FCFS,52.995599999999975,473.4110000000003,0.86,0.14,0.464646,11.07925990308017,0.004441299999598414
Combined Dynamic Environment,250,21,Round Robin,52.995599999999975,473.4110000000003,0.86,0.14,0.464646,11.07925990308017,0.004220200004056096
Combined Dynamic Environment,250,21,Min-Min,43.9552,399.7051999999999,0.548,0.45199999999999996,0.5217496,475.44794667765683,0.004365000000689179
Combined Dynamic Environment,250,21,Max-Min,66.08049999999999,239.33689999999993,1.0,0.0,0.6335495999999999,475.44794667765683,0.003903700038790703
Combined Dynamic Environment,250,21,GA,65.50210000000001,220.04550000000003,1.0,0.0,0.6335496,475.44794667765683,0.00607609999133274
Combined Dynamic Environment,250,21,Classical,52.602900000000005,444.07450000000017,0.704,0.29600000000000004,0.4850756,64.80933574725172,0.008404099964536726
Combined Dynamic Environment,250,21,Proposed Quantum-Inspired,53.597899999999996,450.75339999999994,0.836,0.16400000000000003,0.47809840000000003,25.124689052802225,0.013432400010060519
Combined Dynamic Environment,250,22,FCFS,54.41999999999997,486.8372000000003,0.84,0.16000000000000003,0.464646,14.972892172189045,0.003628699982073158
Combined Dynamic Environment,250,22,Round Robin,54.41999999999997,486.8372000000003,0.84,0.16000000000000003,0.464646,14.972892172189045,0.0035269000218249857
Combined Dynamic Environment,250,22,Min-Min,45.41190000000002,417.46359999999993,0.548,0.45199999999999996,0.5217496000000001,491.46941664766894,0.003452800039667636
Combined Dynamic Environment,250,22,Max-Min,68.25399999999996,245.26169999999985,1.0,0.0,0.6335496,491.46941664766894,0.004035299993120134
Combined Dynamic Environment,250,22,GA,67.32729999999997,225.55610000000001,1.0,0.0,0.6335496,491.46941664766894,0.005970700003672391
Combined Dynamic Environment,250,22,Classical,54.67410000000002,445.66670000000016,0.72,0.28,0.4919556,54.41679428264771,0.008600500004831702
Combined Dynamic Environment,250,22,Proposed Quantum-Inspired,54.5645,469.8417000000001,0.836,0.16400000000000003,0.47317960000000003,15.801503093060482,0.01401579997036606
Combined Dynamic Environment,250,23,FCFS,52.28469999999996,460.28290000000015,0.848,0.15200000000000002,0.464646,9.86154146165801,0.0038965999847278
Combined Dynamic Environment,250,23,Round Robin,52.28469999999996,460.28290000000015,0.848,0.15200000000000002,0.464646,9.86154146165801,0.004267600015737116
Combined Dynamic Environment,250,23,Min-Min,43.0547,393.0239999999998,0.54,0.45999999999999996,0.5217496,463.32359102467467,0.004686200001742691
Combined Dynamic Environment,250,23,Max-Min,64.71309999999997,231.45070000000007,1.0,0.0,0.6335496,463.32359102467467,0.005112899991218001
Combined Dynamic Environment,250,23,GA,64.38999999999999,214.25439999999992,1.0,0.0,0.6335496,463.32359102467467,0.007102700008545071
Combined Dynamic Environment,250,23,Classical,52.21530000000001,418.5152999999998,0.692,0.30800000000000005,0.48695960000000005,70.13023598990667,0.009718499961309135
Combined Dynamic Environment,250,23,Proposed Quantum-Inspired,52.536800000000014,447.14669999999995,0.872,0.128,0.4678192,14.326548781894402,0.015193499973975122
Combined Dynamic Environment,250,24,FCFS,54.690900000000006,485.01600000000025,0.88,0.12,0.464646,18.9917745353087,0.00384780002059415
Combined Dynamic Environment,250,24,Round Robin,54.690900000000006,485.01600000000025,0.88,0.12,0.464646,18.9917745353087,0.003596099966671318
Combined Dynamic Environment,250,24,Min-Min,45.25939999999999,414.11410000000006,0.568,0.43200000000000005,0.5217496,490.6033912438845,0.0037859000149182975
Combined Dynamic Environment,250,24,Max-Min,68.03559999999999,246.14519999999993,1.0,0.0,0.6335495999999999,490.6033912438845,0.00415729999076575
Combined Dynamic Environment,250,24,GA,67.15479999999997,225.4040999999999,1.0,0.0,0.6335496,490.6033912438845,0.006633799988776445
Combined Dynamic Environment,250,24,Classical,54.483400000000024,451.79580000000016,0.728,0.272,0.4820156,52.06906471216859,0.008586100011598319
Combined Dynamic Environment,250,24,Proposed Quantum-Inspired,55.27499999999999,470.0820000000002,0.868,0.132,0.47102560000000004,26.31895704620531,0.015206400013994426
Combined Dynamic Environment,250,25,FCFS,56.22070000000003,486.1043000000002,0.848,0.15200000000000002,0.464646,10.012492197250394,0.0038580000400543213
Combined Dynamic Environment,250,25,Round Robin,56.22070000000003,486.1043000000002,0.848,0.15200000000000002,0.464646,10.012492197250394,0.0039858000236563385
Combined Dynamic Environment,250,25,Min-Min,45.22119999999997,418.47629999999987,0.496,0.504,0.5217496,492.76845475334557,0.00441960000898689
Combined Dynamic Environment,250,25,Max-Min,67.9705,245.99389999999977,1.0,0.0,0.6335496,492.76845475334557,0.0050202999846078455
Combined Dynamic Environment,250,25,GA,68.92410000000002,228.5467999999998,1.0,0.0,0.6335496,492.76845475334557,0.007342899974901229
Combined Dynamic Environment,250,25,Classical,55.52419999999999,455.4137,0.64,0.36,0.48723,75.1681448487323,0.012558799993712455
Combined Dynamic Environment,250,25,Proposed Quantum-Inspired,55.94400000000001,475.8135000000002,0.796,0.20399999999999996,0.46694240000000004,22.096379793984354,0.016038700006902218
Combined Dynamic Environment,250,26,FCFS,54.46779999999998,477.55380000000036,0.832,0.16800000000000004,0.464646,12.891373084353738,0.0037737000384368002
Combined Dynamic Environment,250,26,Round Robin,54.46779999999998,477.55380000000036,0.832,0.16800000000000004,0.464646,12.891373084353738,0.003346600045915693
Combined Dynamic Environment,250,26,Min-Min,44.4019,400.6902999999999,0.568,0.43200000000000005,0.5217496000000001,480.21108639847125,0.0047018000041134655
Combined Dynamic Environment,250,26,Max-Min,66.7639,243.24289999999993,1.0,0.0,0.6335496,480.21108639847125,0.0037586999824270606
Combined Dynamic Environment,250,26,GA,67.00760000000001,222.72169999999986,1.0,0.0,0.6335496,480.21108639847125,0.007400000002235174
Combined Dynamic Environment,250,26,Classical,54.138899999999964,445.40340000000015,0.704,0.29600000000000004,0.4829328,60.75102879787305,0.009935899986885488
Combined Dynamic Environment,250,26,Proposed Quantum-Inspired,54.06469999999996,475.4263000000003,0.864,0.136,0.4608556,24.31434761617099,0.015654199989512563
Combined Dynamic Environment,250,27,FCFS,55.40649999999997,486.6167000000002,0.848,0.15200000000000002,0.464646,3.1622776601683795,0.003949600039049983
Combined Dynamic Environment,250,27,Round Robin,55.40649999999997,486.6167000000002,0.848,0.15200000000000002,0.464646,3.1622776601683795,0.0036059999838471413
Combined Dynamic Environment,250,27,Min-Min,45.52109999999998,420.6266,0.448,0.552,0.5217495999999999,493.63448015713004,0.003969600016716868
Combined Dynamic Environment,250,27,Max-Min,68.41390000000001,245.69189999999986,1.0,0.0,0.6335496,493.63448015713004,0.0038117000367492437
Combined Dynamic Environment,250,27,GA,68.22529999999993,228.46209999999994,1.0,0.0,0.6335496,493.63448015713004,0.006219600036274642
Combined Dynamic Environment,250,27,Classical,54.831900000000005,460.5729,0.62,0.38,0.4810908,73.76652357268844,0.008451499976217747
Combined Dynamic Environment,250,27,Proposed Quantum-Inspired,55.06030000000001,473.8141999999999,0.836,0.16400000000000003,0.47651319999999997,34.26368339802363,0.014668299991171807
Combined Dynamic Environment,250,28,FCFS,50.15309999999999,439.2550000000001,0.84,0.16000000000000003,0.464646,11.562331079847178,0.004005100054200739
Combined Dynamic Environment,250,28,Round Robin,50.15309999999999,439.2550000000001,0.84,0.16000000000000003,0.464646,11.562331079847178,0.0043061000178568065
Combined Dynamic Environment,250,28,Min-Min,41.36620000000001,371.40759999999966,0.532,0.46799999999999997,0.5217496000000001,444.70404484330925,0.005369800026528537
Combined Dynamic Environment,250,28,Max-Min,62.19769999999999,225.05420000000015,1.0,0.0,0.6335496,444.70404484330925,0.004877600003965199
Combined Dynamic Environment,250,28,GA,61.6147,205.7109999999999,1.0,0.0,0.6335496,444.70404484330925,0.007738200016319752
Combined Dynamic Environment,250,28,Classical,50.167799999999986,395.75739999999996,0.7,0.30000000000000004,0.49717160000000005,69.78672868103219,0.010000500013120472
Combined Dynamic Environment,250,28,Proposed Quantum-Inspired,49.67769999999999,434.98069999999996,0.844,0.15600000000000003,0.4611744,18.38987493160299,0.014189999958034605
Combined Dynamic Environment,250,29,FCFS,56.31569999999998,494.71350000000007,0.852,0.14800000000000002,0.464646,15.811388300841896,0.0038282000459730625
Combined Dynamic Environment,250,29,Round Robin,56.31569999999998,494.71350000000007,0.852,0.14800000000000002,0.464646,15.811388300841896,0.0033378999796696007
Combined Dynamic Environment,250,29,Min-Min,45.7948,423.7884999999999,0.544,0.45599999999999996,0.5217496,497.0985817722678,0.004009400028735399
Combined Dynamic Environment,250,29,Max-Min,68.82450000000001,247.31659999999982,1.0,0.0,0.6335496,497.0985817722678,0.0036670000408776104
Combined Dynamic Environment,250,29,GA,69.45139999999999,230.13059999999984,1.0,0.0,0.6335496,497.0985817722678,0.005876999988686293
Combined Dynamic Environment,250,29,Classical,55.961,461.7971,0.668,0.33199999999999996,0.47798599999999997,67.14908785679818,0.008901699970010668
Combined Dynamic Environment,250,29,Proposed Quantum-Inspired,56.53529999999998,478.5463999999999,0.84,0.16000000000000003,0.47250079999999994,13.601470508735444,0.018634499981999397
Combined Dynamic Environment,500,0,FCFS,110.05879999999996,962.2724999999992,0.818,0.18200000000000005,0.4658444,20.753011829611623,0.009194199985358864
Combined Dynamic Environment,500,0,Round Robin,110.05879999999996,962.2724999999992,0.818,0.18200000000000005,0.4658444,20.753011829611623,0.007415899948682636
Combined Dynamic Environment,500,0,Min-Min,90.21479999999994,827.545999999999,0.512,0.488,0.5217480000000001,977.309668170739,0.007623900019098073
Combined Dynamic Environment,500,0,Max-Min,135.46370000000002,489.0277000000003,1.0,0.0,0.6335491999999999,977.309668170739,0.00814890000037849
Combined Dynamic Environment,500,0,GA,134.7503999999999,452.3246000000002,1.0,0.0,0.6335491999999999,977.309668170739,0.012752500013448298
Combined Dynamic Environment,500,0,Classical,105.4773999999999,1005.0887999999995,0.632,0.368,0.4633138,177.6659435570025,0.017399099946487695
Combined Dynamic Environment,500,0,Proposed Quantum-Inspired,109.2023,958.3672000000009,0.844,0.15600000000000003,0.4662126000000001,31.877695964420013,0.030750100035220385
Combined Dynamic Environment,500,1,FCFS,108.83370000000006,939.8234000000007,0.812,0.18799999999999994,0.4658444,26.818836663807772,0.007394100015517324
Combined Dynamic Environment,500,1,Round Robin,108.83370000000006,939.8234000000007,0.812,0.18799999999999994,0.4658444,26.818836663807772,0.007495300029404461
Combined Dynamic Environment,500,1,Min-Min,88.80979999999994,804.2954999999996,0.498,0.502,0.5217480000000001,958.6901219893736,0.008414999989327043
Combined Dynamic Environment,500,1,Max-Min,133.3672000000001,483.43290000000036,1.0,0.0,0.6335491999999999,958.6901219893736,0.007719299988821149
Combined Dynamic Environment,500,1,GA,133.66180000000003,440.6074000000004,1.0,0.0,0.6335491999999999,958.6901219893736,0.012528099992778152
Combined Dynamic Environment,500,1,Classical,104.98669999999996,979.4566,0.628,0.372,0.45540980000000003,165.75509041957054,0.01647270005196333
Combined Dynamic Environment,500,1,Proposed Quantum-Inspired,107.51869999999997,946.2985,0.808,0.19199999999999995,0.46116199999999996,44.21820891895103,0.03371230000630021
Combined Dynamic Environment,500,2,FCFS,111.52580000000012,963.8765999999998,0.82,0.18000000000000005,0.4658444,22.15287791687572,0.010944299981929362
Combined Dynamic Environment,500,2,Round Robin,111.52580000000012,963.8765999999998,0.82,0.18000000000000005,0.4658444,22.15287791687572,0.00892690004548058
Combined Dynamic Environment,500,2,Min-Min,91.0365,837.4328999999993,0.5,0.5,0.5217480000000001,989.8670365256133,0.00966460001654923
Combined Dynamic Environment,500,2,Max-Min,136.6994000000001,495.70570000000055,1.0,0.0,0.6335492,989.8670365256133,0.008357300015632063
Combined Dynamic Environment,500,2,GA,137.70039999999997,456.1384000000002,1.0,0.0,0.6335491999999999,989.8670365256133,0.013691100000869483
Combined Dynamic Environment,500,2,Classical,108.19750000000005,1015.8594000000002,0.652,0.348,0.458246,170.41933575741928,0.017042400024365634
Combined Dynamic Environment,500,2,Proposed Quantum-Inspired,110.93579999999997,966.7310999999986,0.836,0.16400000000000003,0.4635076,44.52808102759426,0.028743500006385148
Combined Dynamic Environment,500,3,FCFS,105.13910000000006,922.5307999999987,0.842,0.15800000000000003,0.4658444,17.32591988899868,0.007327500032261014
Combined Dynamic Environment,500,3,Round Robin,105.13910000000006,922.5307999999987,0.842,0.15800000000000003,0.4658444,17.32591988899868,0.007756700040772557
Combined Dynamic Environment,500,3,Min-Min,86.56629999999993,786.1838000000004,0.524,0.476,0.5217480000000001,934.0083979815171,0.00803200004156679
Combined Dynamic Environment,500,3,Max-Min,129.99330000000012,469.68649999999997,1.0,0.0,0.6335492,934.0083979815171,0.008340300002600998
Combined Dynamic Environment,500,3,GA,129.65620000000004,435.5274000000002,1.0,0.0,0.6335491999999999,934.0083979815171,0.013175999978557229
Combined Dynamic Environment,500,3,Classical,102.34090000000002,950.5806999999998,0.662,0.33799999999999997,0.4633814,147.31322920905643,0.017131500004325062
Combined Dynamic Environment,500,3,Proposed Quantum-Inspired,106.94939999999995,903.4710000000002,0.856,0.14400000000000002,0.46489480000000005,53.71859547679928,0.028774699952919036
Combined Dynamic Environment,500,4,FCFS,106.55090000000008,949.0020999999996,0.84,0.16000000000000003,0.4658444,20.40067400847335,0.007479599968064576
Combined Dynamic Environment,500,4,Round Robin,106.55090000000008,949.0020999999996,0.84,0.16000000000000003,0.4658444,20.40067400847335,0.008852400002069771
Combined Dynamic Environment,500,4,Min-Min,88.55759999999985,808.4618999999998,0.534,0.46599999999999997,0.5217480000000001,956.5250584799124,0.008369999995920807
Combined Dynamic Environment,500,4,Max-Min,132.97740000000002,479.35280000000057,1.0,0.0,0.6335492,956.5250584799124,0.00842729996656999
Combined Dynamic Environment,500,4,GA,131.82650000000004,445.3275000000004,1.0,0.0,0.6335491999999999,956.5250584799124,0.013988599996082485
Combined Dynamic Environment,500,4,Classical,104.45249999999989,974.9168000000005,0.67,0.32999999999999996,0.4657522,141.14952178452467,0.022295399976428598
Combined Dynamic Environment,500,4,Proposed Quantum-Inspired,106.24409999999997,961.6325000000003,0.838,0.16200000000000003,0.46364879999999997,35.64670391494843,0.03208229999290779
Combined Dynamic Environment,500,5,FCFS,110.53119999999998,950.8672999999999,0.826,0.17400000000000004,0.4658444,20.0124960961895,0.007332600012887269
Combined Dynamic Environment,500,5,Round Robin,110.53119999999998,950.8672999999999,0.826,0.17400000000000004,0.4658444,20.0124960961895,0.008015799976419657
Combined Dynamic Environment,500,5,Min-Min,90.24559999999991,824.0389999999994,0.524,0.476,0.5217480000000001,975.1446046612779,0.0075520999962463975
Combined Dynamic Environment,500,5,Max-Min,135.51220000000006,488.76650000000035,1.0,0.0,0.6335491999999999,975.1446046612779,0.007855300034862012
Combined Dynamic Environment,500,5,GA,135.5870000000001,451.94970000000035,1.0,0.0,0.6335491999999999,975.1446046612779,0.011403199983760715
Combined Dynamic Environment,500,5,Classical,106.57319999999994,994.4967999999992,0.642,0.358,0.46167240000000004,163.68109237172143,0.016326799988746643
Combined Dynamic Environment,500,5,Proposed Quantum-Inspired,109.42150000000001,960.8391999999992,0.84,0.16000000000000003,0.4669484,26.842131062939096,0.030274799966719
Combined Dynamic Environment,500,6,FCFS,110.67549999999994,980.9402999999993,0.83,0.17000000000000004,0.4658444,29.966648127543394,0.007517699967138469
Combined Dynamic Environment,500,6,Round Robin,110.67549999999994,980.9402999999993,0.83,0.17000000000000004,0.4658444,29.966648127543394,0.006485899968538433
Combined Dynamic Environment,500,6,Min-Min,91.40829999999987,837.1583999999991,0.514,0.486,0.5217479999999999,990.7330619293978,0.006939200044143945
Combined Dynamic Environment,500,6,Max-Min,137.259,496.6248000000006,1.0,0.0,0.6335492,990.7330619293978,0.006922199972905219
Combined Dynamic Environment,500,6,GA,136.63959999999986,455.1122999999995,1.0,0.0,0.6335491999999999,990.7330619293978,0.011539400031324476
Combined Dynamic Environment,500,6,Classical,107.26969999999989,1009.4760999999994,0.662,0.33799999999999997,0.4649692,170.08821240756222,0.01616140000987798
Combined Dynamic Environment,500,6,Proposed Quantum-Inspired,111.20939999999999,963.2775000000005,0.844,0.15600000000000003,0.46826080000000003,24.779023386727733,0.026634300011210144
Combined Dynamic Environment,500,7,FCFS,107.17810000000007,944.4589,0.822,0.17800000000000005,0.4658444,8.870597499605086,0.007181200024206191
Combined Dynamic Environment,500,7,Round Robin,107.17810000000007,944.4589,0.822,0.17800000000000005,0.4658444,8.870597499605086,0.006906100024934858
Combined Dynamic Environment,500,7,Min-Min,88.74769999999991,808.8954999999999,0.502,0.498,0.5217480000000001,958.2571092874814,0.00721840001642704
Combined Dynamic Environment,500,7,Max-Min,133.26470000000006,480.73410000000035,1.0,0.0,0.6335492,958.2571092874814,0.007274400035385042
Combined Dynamic Environment,500,7,GA,132.09149999999994,442.6842999999999,1.0,0.0,0.6335491999999999,958.2571092874814,0.012206400046125054
Combined Dynamic Environment,500,7,Classical,103.93800000000003,978.6881999999998,0.652,0.348,0.4586744,161.78747633855966,0.016779700003098696
Combined Dynamic Environment,500,7,Proposed Quantum-Inspired,107.37719999999992,969.7859999999996,0.822,0.17800000000000005,0.4582614,79.6692381035491,0.02718879998428747
Combined Dynamic Environment,500,8,FCFS,113.73000000000013,999.6562000000005,0.832,0.16800000000000004,0.4658444,20.474068965401088,0.008372000011149794
Combined Dynamic Environment,500,8,Round Robin,113.73000000000013,999.6562000000005,0.832,0.16800000000000004,0.4658444,20.474068965401088,0.008956900041084737
Combined Dynamic Environment,500,8,Min-Min,93.09239999999991,855.871899999999,0.512,0.488,0.5217480000000001,1010.2186335145477,0.008250500017311424
Combined Dynamic Environment,500,8,Max-Min,139.78339999999986,505.2752000000005,1.0,0.0,0.6335491999999999,1010.2186335145477,0.007678599969949573
Combined Dynamic Environment,500,8,GA,139.99690000000012,465.7289000000005,1.0,0.0,0.6335491999999999,1010.2186335145477,0.015666699968278408
Combined Dynamic Environment,500,8,Classical,110.40990000000012,1026.109,0.66,0.33999999999999997,0.4653506,157.39659303809597,0.015898099984042346
Combined Dynamic Environment,500,8,Proposed Quantum-Inspired,113.58719999999997,988.5499000000004,0.856,0.14400000000000002,0.4699502,42.949825377991935,0.026685599994380027
Combined Dynamic Environment,500,9,FCFS,110.43769999999996,975.0661,0.83,0.17000000000000004,0.4658444,23.13547060251855,0.007357099966611713
Combined Dynamic Environment,500,9,Round Robin,110.43769999999996,975.0661,0.83,0.17000000000000004,0.4658444,23.13547060251855,0.0069129999610595405
Combined Dynamic Environment,500,9,Min-Min,91.05219999999994,833.6921999999987,0.52,0.48,0.5217480000000001,988.1349857180445,0.007565799984149635
Combined Dynamic Environment,500,9,Max-Min,136.72709999999998,495.96450000000056,1.0,0.0,0.6335491999999999,988.1349857180445,0.008108300040476024
Combined Dynamic Environment,500,9,GA,136.1113999999999,456.4442000000004,1.0,0.0,0.6335491999999999,988.1349857180445,0.011791599972639233
Combined Dynamic Environment,500,9,Classical,106.90920000000006,1012.5240999999996,0.632,0.368,0.45897180000000004,170.3738536278381,0.017696100054308772
Combined Dynamic Environment,500,9,Proposed Quantum-Inspired,110.22040000000007,990.1199999999998,0.828,0.17200000000000004,0.4593276,31.12474899497183,0.030675899994093925
Combined Dynamic Environment,500,10,FCFS,113.10129999999987,964.2872999999998,0.83,0.17000000000000004,0.4658444,37.97614382740828,0.007300900004338473
Combined Dynamic Environment,500,10,Round Robin,113.10129999999987,964.2872999999998,0.83,0.17000000000000004,0.4658444,37.97614382740828,0.0077745000016875565
Combined Dynamic Environment,500,10,Min-Min,91.62099999999988,840.584199999999,0.502,0.498,0.5217479999999999,993.7641508426434,0.008505999983754009
Combined Dynamic Environment,500,10,Max-Min,137.57700000000006,497.7159000000005,1.0,0.0,0.6335492,993.7641508426434,0.007920200005173683
Combined Dynamic Environment,500,10,GA,138.17800000000008,458.42669999999964,1.0,0.0,0.6335491999999999,993.7641508426434,0.016317999979946762
Combined Dynamic Environment,500,10,Classical,108.12629999999999,1018.7796999999999,0.63,0.37,0.45725299999999997,178.62023261657677,0.019637699995655566
Combined Dynamic Environment,500,10,Proposed Quantum-Inspired,112.46249999999999,972.5787000000007,0.81,0.18999999999999995,0.4693476,24.159625411003375,0.033505900006275624
Combined Dynamic Environment,500,11,FCFS,114.60560000000017,997.412,0.838,0.16200000000000003,0.4658444,17.95132307101624,0.00668639998184517
Combined Dynamic Environment,500,11,Round Robin,114.60560000000017,997.412,0.838,0.16200000000000003,0.4658444,17.95132307101624,0.007556500029750168
Combined Dynamic Environment,500,11,Min-Min,93.80959999999988,864.2569999999988,0.532,0.46799999999999997,0.5217480000000001,1019.3119002542843,0.009206100017763674
Combined Dynamic Environment,500,11,Max-Min,140.8593,509.4900000000003,1.0,0.0,0.6335491999999999,1019.3119002542843,0.007779300038237125
Combined Dynamic Environment,500,11,GA,141.5319,465.25629999999984,1.0,0.0,0.6335491999999999,1019.3119002542843,0.011590999958571047
Combined Dynamic Environment,500,11,Classical,111.42060000000009,1031.0521,0.658,0.34199999999999997,0.45724159999999997,168.82757476194462,0.017499800014775246
Combined Dynamic Environment,500,11,Proposed Quantum-Inspired,114.24529999999997,993.6914999999999,0.828,0.17200000000000004,0.46840859999999995,49.063734060913056,0.027849000005517155
Combined Dynamic Environment,500,12,FCFS,112.38990000000001,980.3225000000004,0.854,0.14600000000000002,0.4658444,33.0681115275729,0.009499599982518703
Combined Dynamic Environment,500,12,Round Robin,112.38990000000001,980.3225000000004,0.854,0.14600000000000002,0.4658444,33.0681115275729,0.007735100050922483
Combined Dynamic Environment,500,12,Min-Min,91.26969999999993,843.9140999999992,0.52,0.48,0.5217480000000001,994.1971635445356,0.009081800002604723
Combined Dynamic Environment,500,12,Max-Min,137.04419999999996,496.4746000000006,1.0,0.0,0.6335492,994.1971635445356,0.00930879998486489
Combined Dynamic Environment,500,12,GA,138.7479000000001,459.6779999999998,1.0,0.0,0.6335491999999999,994.1971635445356,0.01353429997107014
Combined Dynamic Environment,500,12,Classical,108.6926,1023.5353999999995,0.652,0.348,0.4579638,176.3689315043894,0.017352900002151728
Combined Dynamic Environment,500,12,Proposed Quantum-Inspired,112.82829999999991,970.9256000000001,0.856,0.14400000000000002,0.4625682,47.765049984271975,0.030853700009174645
Combined Dynamic Environment,500,13,FCFS,112.57630000000007,989.7986000000008,0.816,0.18400000000000005,0.4658444,14.747881203752625,0.007659199996851385
Combined Dynamic Environment,500,13,Round Robin,112.57630000000007,989.7986000000008,0.816,0.18400000000000005,0.4658444,14.747881203752625,0.007511799980420619
Combined Dynamic Environment,500,13,Min-Min,92.18310000000002,850.4859999999994,0.52,0.48,0.5217480000000001,1001.125366774811,0.00829260004684329
Combined Dynamic Environment,500,13,Max-Min,138.41469999999995,499.57310000000047,1.0,0.0,0.6335491999999999,1001.125366774811,0.007223699998576194
Combined Dynamic Environment,500,13,GA,138.85120000000012,464.1639,1.0,0.0,0.6335491999999999,1001.125366774811,0.012383699999190867
Combined Dynamic Environment,500,13,Classical,109.5962999999999,1019.9370000000005,0.66,0.33999999999999997,0.4671028,158.61746436001303,0.016972499957773834
Combined Dynamic Environment,500,13,Proposed Quantum-Inspired,112.1081,992.8324000000014,0.84,0.16000000000000003,0.460789,25.98076211353316,0.02763789996970445
Combined Dynamic Environment,500,14,FCFS,110.76669999999991,953.8705999999997,0.854,0.14600000000000002,0.4658444,35.64758056306206,0.007410700025502592
Combined Dynamic Environment,500,14,Round Robin,110.76669999999991,953.8705999999997,0.854,0.14600000000000002,0.4658444,35.64758056306206,0.007252000039443374
Combined Dynamic Environment,500,14,Min-Min,91.07809999999992,833.4133999999989,0.544,0.45599999999999996,0.5217479999999999,986.4029349104757,0.008260699978563935
Combined Dynamic Environment,500,14,Max-Min,136.76389999999995,494.4928000000007,1.0,0.0,0.6335491999999999,986.4029349104757,0.007845899963285774
Combined Dynamic Environment,500,14,GA,136.40559999999994,455.01850000000013,1.0,0.0,0.6335491999999999,986.4029349104757,0.013489099976141006
Combined Dynamic Environment,500,14,Classical,107.37939999999995,1011.3344999999994,0.692,0.30800000000000005,0.4596179999999999,163.84520133345376,0.01608299999497831
Combined Dynamic Environment,500,14,Proposed Quantum-Inspired,111.55639999999995,953.3025999999983,0.836,0.16400000000000003,0.4670454,24.046829312822098,0.02904990001115948
Combined Dynamic Environment,500,15,FCFS,108.69769999999997,959.6548000000003,0.836,0.16400000000000003,0.4658444,13.988834833537782,0.007257699966430664
Combined Dynamic Environment,500,15,Round Robin,108.69769999999997,959.6548000000003,0.836,0.16400000000000003,0.4658444,13.988834833537782,0.007128600031137466
Combined Dynamic Environment,500,15,Min-Min,89.39549999999997,813.5568999999995,0.472,0.528,0.5217480000000001,966.0513379215413,0.008560899994336069
Combined Dynamic Environment,500,15,Max-Min,134.2407,485.6082000000005,1.0,0.0,0.6335491999999999,966.0513379215413,0.007889100001193583
Combined Dynamic Environment,500,15,GA,133.36389999999992,452.46080000000086,1.0,0.0,0.6335491999999999,966.0513379215413,0.013436399982310832
Combined Dynamic Environment,500,15,Classical,105.09359999999998,995.3845999999996,0.626,0.374,0.4629856,155.27455522396448,0.016819799959193915
Combined Dynamic Environment,500,15,Proposed Quantum-Inspired,107.36540000000002,968.4814000000007,0.794,0.20599999999999996,0.46348259999999997,39.334304366544984,0.027746299980208278
Combined Dynamic Environment,500,16,FCFS,113.03339999999999,997.2628999999995,0.842,0.15800000000000003,0.4658444,24.631027181179434,0.007343500037677586
Combined Dynamic Environment,500,16,Round Robin,113.03339999999999,997.2628999999995,0.842,0.15800000000000003,0.4658444,24.631027181179434,0.006662300031166524
Combined Dynamic Environment,500,16,Min-Min,93.23569999999994,860.4372999999993,0.476,0.524,0.5217480000000001,1013.6827351296854,0.006882599962409586
Combined Dynamic Environment,500,16,Max-Min,139.99609999999998,506.2038000000004,1.0,0.0,0.6335491999999999,1013.6827351296854,0.007701599970459938
Combined Dynamic Environment,500,16,GA,140.0313,467.35540000000015,1.0,0.0,0.6335491999999999,1013.6827351296854,0.0118023999966681
Combined Dynamic Environment,500,16,Classical,109.93279999999997,1041.8990000000001,0.652,0.348,0.45502519999999996,173.61793542143047,0.0172385000041686
Combined Dynamic Environment,500,16,Proposed Quantum-Inspired,114.14329999999998,970.0693999999993,0.828,0.17200000000000004,0.4693686,55.67483722472837,0.027358399995137006
Combined Dynamic Environment,500,17,FCFS,109.94559999999998,959.5311000000002,0.84,0.16000000000000003,0.4658444,13.285330255586423,0.006909700052347034
Combined Dynamic Environment,500,17,Round Robin,109.94559999999998,959.5311000000002,0.84,0.16000000000000003,0.4658444,13.285330255586423,0.006493999972008169
Combined Dynamic Environment,500,17,Min-Min,89.58479999999987,819.8514999999992,0.514,0.486,0.5217480000000001,969.9484522385712,0.007813200005330145
Combined Dynamic Environment,500,17,Max-Min,134.51990000000004,486.07170000000036,1.0,0.0,0.6335491999999999,969.9484522385712,0.0077132000005804
Combined Dynamic Environment,500,17,GA,135.3312999999998,449.4214999999999,1.0,0.0,0.6335491999999999,969.9484522385712,0.013074699963908643
Combined Dynamic Environment,500,17,Classical,107.1180000000001,983.7949000000003,0.662,0.33799999999999997,0.46209300000000003,141.93484420676975,0.017902499996125698
Combined Dynamic Environment,500,17,Proposed Quantum-Inspired,108.64799999999988,948.9748000000006,0.84,0.16000000000000003,0.46818360000000003,41.32190702278877,0.02882750000571832
Combined Dynamic Environment,500,18,FCFS,110.54900000000009,970.0814999999998,0.852,0.14800000000000002,0.4658444,12.298373876248844,0.006859599961899221
Combined Dynamic Environment,500,18,Round Robin,110.54900000000009,970.0814999999998,0.852,0.14800000000000002,0.4658444,12.298373876248844,0.00716789998114109
Combined Dynamic Environment,500,18,Min-Min,90.4146999999999,829.3607999999991,0.542,0.45799999999999996,0.5217480000000001,977.7426808726312,0.006956100056413561
Combined Dynamic Environment,500,18,Max-Min,135.76039999999995,488.51040000000046,1.0,0.0,0.6335491999999999,977.7426808726312,0.007657399983145297
Combined Dynamic Environment,500,18,GA,135.83770000000004,455.84320000000054,1.0,0.0,0.6335491999999999,977.7426808726312,0.012170800007879734
Combined Dynamic Environment,500,18,Classical,106.79769999999998,1006.1245999999986,0.664,0.33599999999999997,0.46006640000000004,163.89859669930064,0.017283799999859184
Combined Dynamic Environment,500,18,Proposed Quantum-Inspired,110.84229999999994,965.0167999999994,0.82,0.18000000000000005,0.4700552,11.280514172678478,0.03325340000446886
Combined Dynamic Environment,500,19,FCFS,110.32020000000007,970.3807999999997,0.824,0.17600000000000005,0.4658444,15.562374497485916,0.00791029998799786
Combined Dynamic Environment,500,19,Round Robin,110.32020000000007,970.3807999999997,0.824,0.17600000000000005,0.4658444,15.562374497485916,0.007626199978403747
Combined Dynamic Environment,500,19,Min-Min,91.49169999999988,834.9681999999987,0.484,0.516,0.5217480000000001,989.4340238237212,0.008254300046246499
Combined Dynamic Environment,500,19,Max-Min,137.38569999999999,496.5065000000008,1.0,0.0,0.6335491999999999,989.4340238237212,0.007915700029116124
Combined Dynamic Environment,500,19,GA,136.37879999999998,457.04760000000056,1.0,0.0,0.6335491999999999,989.4340238237212,0.012574199994560331
Combined Dynamic Environment,500,19,Classical,107.14609999999996,1003.9531999999996,0.634,0.366,0.45923620000000004,169.11589960734028,0.0174546999623999
Combined Dynamic Environment,500,19,Proposed Quantum-Inspired,111.37270000000004,973.7395,0.836,0.16400000000000003,0.45993559999999994,35.47798613224826,0.027718299999833107
Combined Dynamic Environment,500,20,FCFS,111.24759999999998,984.5358000000009,0.806,0.19399999999999995,0.4658444,21.924586655168667,0.007572000031359494
Combined Dynamic Environment,500,20,Round Robin,111.24759999999998,984.5358000000009,0.806,0.19399999999999995,0.4658444,21.924586655168667,0.007541199971456081
Combined Dynamic Environment,500,20,Min-Min,90.81039999999996,837.5000999999991,0.498,0.502,0.5217480000000001,987.7019730161522,0.00849120004568249
Combined Dynamic Environment,500,20,Max-Min,136.3560999999999,493.67340000000064,1.0,0.0,0.6335492,987.7019730161522,0.007846999971661717
Combined Dynamic Environment,500,20,GA,137.05689999999998,457.7574999999999,1.0,0.0,0.6335491999999999,987.7019730161522,0.014185999985784292
Combined Dynamic Environment,500,20,Classical,107.9898999999999,1013.1811000000001,0.644,0.356,0.4625474,159.04618040053649,0.01714950002497062
Combined Dynamic Environment,500,20,Proposed Quantum-Inspired,109.95589999999993,952.9232000000005,0.818,0.18200000000000005,0.47535879999999997,94.26922880770798,0.027970299997832626
Combined Dynamic Environment,500,21,FCFS,110.2,964.0485,0.842,0.15800000000000003,0.4658444,19.06567596493762,0.009414000029210001
Combined Dynamic Environment,500,21,Round Robin,110.2,964.0485,0.842,0.15800000000000003,0.4658444,19.06567596493762,0.009075100009795278
Combined Dynamic Environment,500,21,Min-Min,90.21839999999997,821.8818999999988,0.534,0.46599999999999997,0.5217480000000001,976.8766554688468,0.009430199977941811
Combined Dynamic Environment,500,21,Max-Min,135.47850000000003,491.4567000000003,1.0,0.0,0.6335491999999999,976.8766554688468,0.007968700025230646
Combined Dynamic Environment,500,21,GA,135.97910000000007,449.37469999999996,1.0,0.0,0.6335491999999999,976.8766554688468,0.013626900035887957
Combined Dynamic Environment,500,21,Classical,106.69979999999997,995.9113000000002,0.672,0.32799999999999996,0.462519,167.60519085040295,0.01996930001769215
Combined Dynamic Environment,500,21,Proposed Quantum-Inspired,110.86269999999999,942.4095000000002,0.848,0.15200000000000002,0.4729824,26.22022120425379,0.02814159996341914
Combined Dynamic Environment,500,22,FCFS,108.16379999999998,971.8897999999996,0.846,0.15400000000000003,0.4658444,25.0099980007996,0.008850499987602234
Combined Dynamic Environment,500,22,Round Robin,108.16379999999998,971.8897999999996,0.846,0.15400000000000003,0.4658444,25.0099980007996,0.007658699993044138
Combined Dynamic Environment,500,22,Min-Min,90.37889999999993,832.0663999999995,0.53,0.47,0.5217480000000001,978.6087062764157,0.008314100035931915
Combined Dynamic Environment,500,22,Max-Min,135.70320000000007,487.9649000000004,1.0,0.0,0.6335492,978.6087062764157,0.007229499984532595
Combined Dynamic Environment,500,22,GA,133.8431,452.78200000000055,1.0,0.0,0.6335491999999999,978.6087062764157,0.012348599964752793
Combined Dynamic Environment,500,22,Classical,105.68560000000004,985.6841000000003,0.656,0.344,0.4754504,153.23021895174594,0.017969499982427806
Combined Dynamic Environment,500,22,Proposed Quantum-Inspired,108.29839999999997,953.0643000000005,0.81,0.18999999999999995,0.46761579999999997,37.52998800959041,0.0287802999955602
Combined Dynamic Environment,500,23,FCFS,108.35090000000004,937.9015999999998,0.838,0.16200000000000003,0.4658444,13.102957681378658,0.00725100003182888
Combined Dynamic Environment,500,23,Round Robin,108.35090000000004,937.9015999999998,0.838,0.16200000000000003,0.4658444,13.102957681378658,0.007402600022032857
Combined Dynamic Environment,500,23,Min-Min,88.53009999999992,806.1897999999998,0.54,0.45999999999999996,0.5217480000000001,953.9269822685592,0.007842999999411404
Combined Dynamic Environment,500,23,Max-Min,132.93590000000006,478.0757000000004,1.0,0.0,0.6335491999999999,953.9269822685592,0.007493200013414025
Combined Dynamic Environment,500,23,GA,133.45820000000015,437.76870000000014,1.0,0.0,0.6335491999999999,953.9269822685592,0.01337140001123771
Combined Dynamic Environment,500,23,Classical,104.65899999999988,967.6937000000004,0.652,0.348,0.4567062,165.3471726398731,0.017443599994294345
Combined Dynamic Environment,500,23,Proposed Quantum-Inspired,108.04929999999993,938.0465000000005,0.854,0.14600000000000002,0.4652407999999999,26.61179249881526,0.028584100014995784
Combined Dynamic Environment,500,24,FCFS,108.68080000000005,962.4379000000001,0.88,0.12,0.4658444,14.359230480774379,0.007673599990084767
Combined Dynamic Environment,500,24,Round Robin,108.68080000000005,962.4379000000001,0.88,0.12,0.4658444,14.359230480774379,0.04826489998959005
Combined Dynamic Environment,500,24,Min-Min,89.48059999999987,817.7385999999993,0.556,0.44399999999999995,0.5217480000000001,968.6494141328947,0.008085599984042346
Combined Dynamic Environment,500,24,Max-Min,134.36509999999993,485.92680000000036,1.0,0.0,0.6335491999999999,968.6494141328947,0.008534299966413528
Combined Dynamic Environment,500,24,GA,133.9576,450.33290000000045,1.0,0.0,0.6335491999999999,968.6494141328947,0.013532200013287365
Combined Dynamic Environment,500,24,Classical,106.40710000000004,982.3975999999998,0.694,0.30600000000000005,0.46799599999999997,132.65816032193422,0.018297300033736974
Combined Dynamic Environment,500,24,Proposed Quantum-Inspired,110.1723,951.9179000000001,0.852,0.14800000000000002,0.4684884,44.36425926351075,0.029130199982319027
Combined Dynamic Environment,500,25,FCFS,112.27419999999995,967.9504000000006,0.852,0.14800000000000002,0.4658444,23.43608329051593,0.007212999975308776
Combined Dynamic Environment,500,25,Round Robin,112.27419999999995,967.9504000000006,0.852,0.14800000000000002,0.4658444,23.43608329051593,0.00772799999685958
Combined Dynamic Environment,500,25,Min-Min,91.74640000000004,849.3766999999999,0.522,0.478,0.5217480000000001,1000.2593413710266,0.007556899974588305
Combined Dynamic Environment,500,25,Max-Min,137.75919999999982,499.3490000000006,1.0,0.0,0.6335491999999999,1000.2593413710266,0.007876399962697178
Combined Dynamic Environment,500,25,GA,137.65120000000002,459.6805000000001,1.0,0.0,0.6335491999999999,1000.2593413710266,0.0122675999882631
Combined Dynamic Environment,500,25,Classical,108.82509999999989,1007.3340999999998,0.64,0.36,0.46784900000000007,152.97467110603637,0.018938800028990954
Combined Dynamic Environment,500,25,Proposed Quantum-Inspired,111.99479999999993,954.6618000000007,0.82,0.18000000000000005,0.47254500000000005,49.20619879649311,0.03175199998077005
Combined Dynamic Environment,500,26,FCFS,111.76410000000001,976.5639,0.852,0.14800000000000002,0.4658444,18.280795934531955,0.007974600011948496
Combined Dynamic Environment,500,26,Round Robin,111.76410000000001,976.5639,0.852,0.14800000000000002,0.4658444,18.280795934531955,0.008835700049530715
Combined Dynamic Environment,500,26,Min-Min,91.90349999999988,838.3831999999989,0.556,0.44399999999999995,0.5217480000000001,997.2282524577811,0.008431100053712726
Combined Dynamic Environment,500,26,Max-Min,138.01079999999985,502.0180000000002,1.0,0.0,0.6335492,997.2282524577811,0.008565599971916527
Combined Dynamic Environment,500,26,GA,137.4534999999999,456.69349999999963,1.0,0.0,0.6335491999999999,997.2282524577811,0.013309000001754612
Combined Dynamic Environment,500,26,Classical,108.25999999999993,1008.6974000000001,0.674,0.32599999999999996,0.4626074,162.82256446819648,0.01701950002461672
Combined Dynamic Environment,500,26,Proposed Quantum-Inspired,110.6140999999999,980.2963000000003,0.848,0.15200000000000002,0.4603854,28.951468011138918,0.03159060003235936
Combined Dynamic Environment,500,27,FCFS,110.2267,965.221499999999,0.844,0.15600000000000003,0.4658444,10.685855136581255,0.008247199992183596
Combined Dynamic Environment,500,27,Round Robin,110.2267,965.221499999999,0.844,0.15600000000000003,0.4658444,10.685855136581255,0.0076431999914348125
Combined Dynamic Environment,500,27,Min-Min,90.37779999999991,831.5188999999995,0.476,0.524,0.5217480000000001,979.0417189783079,0.007424200011882931
Combined Dynamic Environment,500,27,Max-Min,135.70329999999998,488.6413000000006,1.0,0.0,0.6335491999999999,979.0417189783079,0.008365399960894138
Combined Dynamic Environment,500,27,GA,135.63730000000004,453.6135999999997,1.0,0.0,0.6335491999999999,979.0417189783079,0.012403700035065413
Combined Dynamic Environment,500,27,Classical,107.09310000000002,993.5199999999995,0.624,0.376,0.468908,151.92494034884464,0.01786819996777922
Combined Dynamic Environment,500,27,Proposed Quantum-Inspired,109.1909,962.5151000000006,0.816,0.18400000000000005,0.46285979999999993,32.5681976781031,0.03125650004949421
Combined Dynamic Environment,500,28,FCFS,102.49349999999991,894.1856999999999,0.842,0.15800000000000003,0.4658444,27.299267389437397,0.0071375000406987965
Combined Dynamic Environment,500,28,Round Robin,102.49349999999991,894.1856999999999,0.842,0.15800000000000003,0.4658444,27.299267389437397,0.007073800021316856
Combined Dynamic Environment,500,28,Min-Min,84.3752,759.0635999999995,0.534,0.46599999999999997,0.5217480000000001,906.7285977623072,0.008339499996509403
Combined Dynamic Environment,500,28,Max-Min,126.71020000000009,458.0259000000002,1.0,0.0,0.6335491999999999,906.7285977623072,0.007718799985013902
Combined Dynamic Environment,500,28,GA,125.67280000000002,416.9666000000002,1.0,0.0,0.6335491999999999,906.7285977623072,0.012939599982928485
Combined Dynamic Environment,500,28,Classical,99.03699999999996,918.7754000000003,0.66,0.33999999999999997,0.46092700000000003,147.16912040234527,0.018095400009769946
Combined Dynamic Environment,500,28,Proposed Quantum-Inspired,101.22880000000004,886.4800000000001,0.85,0.15000000000000002,0.46535000000000004,37.446628686705566,0.02928090002387762
Combined Dynamic Environment,500,29,FCFS,109.3338000000002,969.5821000000008,0.854,0.14600000000000002,0.4658444,27.325583250865844,0.007813400006853044
Combined Dynamic Environment,500,29,Round Robin,109.3338000000002,969.5821000000008,0.854,0.14600000000000002,0.4658444,27.325583250865844,0.007298200041987002
Combined Dynamic Environment,500,29,Min-Min,89.82119999999996,824.6094999999989,0.552,0.44799999999999995,0.5217480000000001,973.8455665556013,0.009789099975023419
Combined Dynamic Environment,500,29,Max-Min,134.87240000000006,487.30020000000064,1.0,0.0,0.6335491999999999,973.8455665556013,0.009335800015833229
Combined Dynamic Environment,500,29,GA,134.78299999999993,450.12810000000025,1.0,0.0,0.6335491999999999,973.8455665556013,0.01402050000615418
Combined Dynamic Environment,500,29,Classical,106.76400000000005,982.088700000001,0.668,0.33199999999999996,0.47229099999999996,141.83154620887413,0.017978999996557832
Combined Dynamic Environment,500,29,Proposed Quantum-Inspired,109.13989999999991,953.3249999999998,0.852,0.14800000000000002,0.465433,37.265097611572145,0.02741849998710677
Combined Dynamic Environment,1000,0,FCFS,218.49769999999975,1922.4983000000007,0.833,0.16700000000000004,0.46584390000000003,29.819247140060394,0.014136999961920083
Combined Dynamic Environment,1000,0,Round Robin,218.49769999999975,1922.4983000000007,0.833,0.16700000000000004,0.46584390000000003,29.819247140060394,0.013159699970856309
Combined Dynamic Environment,1000,0,Min-Min,179.85409999999976,1647.4424999999992,0.516,0.484,0.5217466000000001,1947.2581204093103,0.015870200004428625
Combined Dynamic Environment,1000,0,Max-Min,269.9229999999997,975.077700000001,1.0,0.0,0.6335486000000001,1947.2581204093103,0.014373700018040836
Combined Dynamic Environment,1000,0,GA,268.3498999999999,901.4807,1.0,0.0,0.6335486,1947.2581204093103,0.023649599985219538
Combined Dynamic Environment,1000,0,Classical,222.3787999999997,1822.1791000000007,0.7,0.30000000000000004,0.5135204999999999,335.26137191749365,0.0339051999617368
Combined Dynamic Environment,1000,0,Proposed Quantum-Inspired,217.62089999999952,1901.3746000000008,0.839,0.16100000000000003,0.46876890000000004,54.26036767291574,0.06070079997880384
Combined Dynamic Environment,1000,1,FCFS,223.12399999999988,1955.3970999999954,0.827,0.17300000000000004,0.46584390000000003,41.5052707496289,0.014413699973374605
Combined Dynamic Environment,1000,1,Round Robin,223.12399999999988,1955.3970999999954,0.827,0.17300000000000004,0.46584390000000003,41.5052707496289,0.014354199985973537
Combined Dynamic Environment,1000,1,Min-Min,183.3374999999999,1682.1567999999984,0.503,0.497,0.5217466,1990.5593905985322,0.01508420001482591
Combined Dynamic Environment,1000,1,Max-Min,275.1530999999997,997.7373000000009,1.0,0.0,0.6335486,1990.5593905985322,0.01594349998049438
Combined Dynamic Environment,1000,1,GA,275.5212999999998,911.7424000000013,1.0,0.0,0.6335486,1990.5593905985322,0.025055699981749058
Combined Dynamic Environment,1000,1,Classical,230.56610000000006,1811.5657999999999,0.704,0.29600000000000004,0.5134438,378.18472668789786,0.036027500056661665
Combined Dynamic Environment,1000,1,Proposed Quantum-Inspired,222.79940000000008,1930.1680999999992,0.81,0.18999999999999995,0.4707127,72.60294415517872,0.06443889997899532
Combined Dynamic Environment,1000,2,FCFS,220.26349999999977,1934.3166999999994,0.823,0.17700000000000005,0.46584390000000003,19.11151485361639,0.017014000040944666
Combined Dynamic Environment,1000,2,Round Robin,220.26349999999977,1934.3166999999994,0.823,0.17700000000000005,0.46584390000000003,19.11151485361639,0.0142916000331752
Combined Dynamic Environment,1000,2,Min-Min,181.64139999999983,1667.4215999999988,0.494,0.506,0.5217466,1971.9398444171668,0.015775000036228448
Combined Dynamic Environment,1000,2,Max-Min,272.60669999999965,987.9042000000004,1.0,0.0,0.6335486000000001,1971.9398444171668,0.01669490005588159
Combined Dynamic Environment,1000,2,GA,271.6564,910.4525000000008,1.0,0.0,0.6335486,1971.9398444171668,0.02469690004363656
Combined Dynamic Environment,1000,2,Classical,224.3012999999999,1849.6481000000026,0.709,0.29100000000000004,0.5110306,331.6930056543249,0.03435400000307709
Combined Dynamic Environment,1000,2,Proposed Quantum-Inspired,219.66849999999968,1928.0458,0.826,0.17400000000000004,0.46814410000000006,63.017854612800015,0.05671460001030937
Combined Dynamic Environment,1000,3,FCFS,217.3271999999999,1865.193099999998,0.834,0.16600000000000004,0.46584390000000003,15.256146302392358,0.015317800047341734
Combined Dynamic Environment,1000,3,Round Robin,217.3271999999999,1865.193099999998,0.834,0.16600000000000004,0.46584390000000003,15.256146302392358,0.015841999964322895
Combined Dynamic Environment,1000,3,Min-Min,177.55599999999978,1619.5567999999978,0.518,0.482,0.5217466,1918.2462693825316,0.01675219996832311
Combined Dynamic Environment,1000,3,Max-Min,266.4769999999998,962.2085000000006,1.0,0.0,0.6335486,1918.2462693825316,0.016668999975081533
Combined Dynamic Environment,1000,3,GA,267.1389999999998,879.903999999999,1.0,0.0,0.6335486,1918.2462693825316,0.02541080000810325
Combined Dynamic Environment,1000,3,Classical,224.9034,1732.9275999999988,0.736,0.264,0.5156012000000001,379.83450343537777,0.03367859998252243
Combined Dynamic Environment,1000,3,Proposed Quantum-Inspired,219.56800000000004,1856.7286000000001,0.847,0.15300000000000002,0.4643754,84.75405595014318,0.06156519998330623
Combined Dynamic Environment,1000,4,FCFS,214.72539999999992,1889.3520000000008,0.828,0.17200000000000004,0.46584390000000003,37.84838173555112,0.017393700021784753
Combined Dynamic Environment,1000,4,Round Robin,214.72539999999992,1889.3520000000008,0.828,0.17200000000000004,0.46584390000000003,37.84838173555112,0.014163099986035377
Combined Dynamic Environment,1000,4,Min-Min,176.98439999999985,1619.7460999999992,0.523,0.477,0.5217466,1913.9161423636094,0.01632429996971041
Combined Dynamic Environment,1000,4,Max-Min,265.6152999999997,958.1195000000009,1.0,0.0,0.6335486000000001,1913.9161423636094,0.016297200054395944
Combined Dynamic Environment,1000,4,GA,265.52380000000016,885.2327000000012,1.0,0.0,0.6335486,1913.9161423636094,0.025784700002986938
Combined Dynamic Environment,1000,4,Classical,221.27899999999988,1780.3964999999998,0.728,0.272,0.5126499999999999,328.55212676225364,0.0418554000207223
Combined Dynamic Environment,1000,4,Proposed Quantum-Inspired,214.16039999999995,1881.9963999999995,0.833,0.16700000000000004,0.47029630000000006,68.47262226612911,0.06055480003124103
Combined Dynamic Environment,1000,5,FCFS,222.46120000000008,1928.0798999999972,0.831,0.16900000000000004,0.46584390000000003,10.709224995301948,0.014068500022403896
Combined Dynamic Environment,1000,5,Round Robin,222.46120000000008,1928.0798999999972,0.831,0.16900000000000004,0.46584390000000003,10.709224995301948,0.013913200004026294
Combined Dynamic Environment,1000,5,Min-Min,181.62399999999977,1664.9288000000004,0.521,0.479,0.5217466,1965.4446538887835,0.015199400018900633
Combined Dynamic Environment,1000,5,Max-Min,272.5775999999998,983.1318000000008,1.0,0.0,0.6335486,1965.4446538887835,0.014961899956688285
Combined Dynamic Environment,1000,5,GA,273.6149000000001,906.7575000000005,1.0,0.0,0.6335486,1965.4446538887835,0.024710600031539798
Combined Dynamic Environment,1000,5,Classical,228.56620000000007,1805.0920000000028,0.729,0.271,0.5129511,369.57162702242175,0.03433070000028238
Combined Dynamic Environment,1000,5,Proposed Quantum-Inspired,221.91519999999988,1934.3403999999998,0.841,0.15900000000000003,0.46427300000000005,34.16412592179112,0.05734679999295622
Combined Dynamic Environment,1000,6,FCFS,214.93669999999972,1909.8124999999986,0.827,0.17300000000000004,0.46584390000000003,40.42508503392417,0.014795000024605542
Combined Dynamic Environment,1000,6,Round Robin,214.93669999999972,1909.8124999999986,0.827,0.17300000000000004,0.46584390000000003,40.42508503392417,0.014608800003770739
Combined Dynamic Environment,1000,6,Min-Min,177.1794999999997,1617.6552999999972,0.515,0.485,0.5217466,1914.3491550655017,0.015065699990373105
Combined Dynamic Environment,1000,6,Max-Min,265.9102999999997,959.5597000000005,1.0,0.0,0.6335486,1914.3491550655017,0.01666229998227209
Combined Dynamic Environment,1000,6,GA,264.94319999999965,889.2952999999994,1.0,0.0,0.6335486,1914.3491550655017,0.024884099955670536
Combined Dynamic Environment,1000,6,Classical,223.4654999999999,1756.9601999999995,0.733,0.267,0.5219406,378.9177846182467,0.033156300021801144
Combined Dynamic Environment,1000,6,Proposed Quantum-Inspired,215.61859999999996,1889.145000000001,0.838,0.16200000000000003,0.46607439999999994,20.29008378494283,0.10077610000735149
Combined Dynamic Environment,1000,7,FCFS,221.05379999999965,1917.9646000000016,0.828,0.17200000000000004,0.46584390000000003,12.449899597988733,0.01568129996303469
Combined Dynamic Environment,1000,7,Round Robin,221.05379999999965,1917.9646000000016,0.828,0.17200000000000004,0.46584390000000003,12.449899597988733,0.015530600037891418
Combined Dynamic Environment,1000,7,Min-Min,180.9696999999997,1658.2547999999988,0.516,0.484,0.5217466,1958.9494633604002,0.016606900026090443
Combined Dynamic Environment,1000,7,Max-Min,271.5965999999999,980.4707000000006,1.0,0.0,0.6335486,1958.9494633604002,0.015814999991562217
Combined Dynamic Environment,1000,7,GA,271.8476000000003,902.8250000000005,1.0,0.0,0.6335486,1958.9494633604002,0.024346799997147173
Combined Dynamic Environment,1000,7,Classical,227.8443,1792.4126999999974,0.72,0.28,0.5159434,370.81262114442654,0.03360869997413829
Combined Dynamic Environment,1000,7,Proposed Quantum-Inspired,222.40999999999983,1927.9763000000003,0.835,0.16500000000000004,0.46698829999999997,51.29814811472242,0.0552828999934718
Combined Dynamic Environment,1000,8,FCFS,221.43279999999987,1945.3133,0.845,0.15500000000000003,0.46584390000000003,26.836309358777335,0.014825200021732599
Combined Dynamic Environment,1000,8,Round Robin,221.43279999999987,1945.3133,0.845,0.15500000000000003,0.46584390000000003,26.836309358777335,0.014584299991838634
Combined Dynamic Environment,1000,8,Min-Min,181.32229999999984,1654.4638999999988,0.533,0.46699999999999997,0.5217466,1963.7126030812146,0.01671120000537485
Combined Dynamic Environment,1000,8,Max-Min,272.13269999999955,986.7689000000005,1.0,0.0,0.6335486000000001,1963.7126030812146,0.016016599955037236
Combined Dynamic Environment,1000,8,GA,271.8804000000002,913.2629000000009,1.0,0.0,0.6335486,1963.7126030812146,0.02510440000332892
Combined Dynamic Environment,1000,8,Classical,231.02820000000003,1788.6657999999986,0.758,0.242,0.5227263000000001,421.2554895784742,0.03349660005187616
Combined Dynamic Environment,1000,8,Proposed Quantum-Inspired,220.88729999999978,1926.2701000000009,0.862,0.138,0.47027589999999997,67.54396716213817,0.05412710004020482
Combined Dynamic Environment,1000,9,FCFS,221.2621,1934.5603999999985,0.843,0.15700000000000003,0.46584390000000003,30.75203245315665,0.014983200002461672
Combined Dynamic Environment,1000,9,Round Robin,221.2621,1934.5603999999985,0.843,0.15700000000000003,0.46584390000000003,30.75203245315665,0.013619299978017807
Combined Dynamic Environment,1000,9,Min-Min,181.61619999999974,1665.0546999999997,0.527,0.473,0.5217466,1965.4446538887835,0.015208999975584447
Combined Dynamic Environment,1000,9,Max-Min,272.56569999999965,983.0695000000007,1.0,0.0,0.6335486000000001,1965.4446538887835,0.01596859999699518
Combined Dynamic Environment,1000,9,GA,272.3678,909.8138000000012,1.0,0.0,0.6335486,1965.4446538887835,0.02560779999475926
Combined Dynamic Environment,1000,9,Classical,225.73159999999982,1829.0675000000022,0.701,0.29900000000000004,0.5147666999999999,367.35022458139315,0.034122199984267354
Combined Dynamic Environment,1000,9,Proposed Quantum-Inspired,220.8178,1961.8605999999975,0.84,0.16000000000000003,0.46287740000000005,57.798680780792914,0.05580570001620799
Combined Dynamic Environment,1000,10,FCFS,226.56439999999978,1955.051700000002,0.836,0.16400000000000003,0.46584390000000003,53.46201922860752,0.01679079997120425
Combined Dynamic Environment,1000,10,Round Robin,226.56439999999978,1955.051700000002,0.836,0.16400000000000003,0.46584390000000003,53.46201922860752,0.014233099995180964
Combined Dynamic Environment,1000,10,Min-Min,184.61479999999992,1698.7584,0.499,0.501,0.5217466,2003.5497716552989,0.016163599968422204
Combined Dynamic Environment,1000,10,Max-Min,277.06460000000004,1001.4338000000008,1.0,0.0,0.6335486,2003.5497716552989,0.016327599994838238
Combined Dynamic Environment,1000,10,GA,277.39569999999986,925.3698999999983,1.0,0.0,0.6335486,2003.5497716552989,0.03545379999559373
Combined Dynamic Environment,1000,10,Classical,229.6199,1863.8331,0.707,0.29300000000000004,0.5115333,370.3615632054709,0.03600179997738451
Combined Dynamic Environment,1000,10,Proposed Quantum-Inspired,224.92639999999975,1960.268800000001,0.82,0.18000000000000005,0.4683053,75.77722283113839,0.05648510000901297
Combined Dynamic Environment,1000,11,FCFS,222.58799999999948,1964.0300999999977,0.847,0.15300000000000002,0.46584390000000003,37.04304928053305,0.013708699960261583
Combined Dynamic Environment,1000,11,Round Robin,222.58799999999948,1964.0300999999977,0.847,0.15300000000000002,0.46584390000000003,37.04304928053305,0.01397739996900782
Combined Dynamic Environment,1000,11,Min-Min,183.87519999999992,1693.4461999999992,0.532,0.46799999999999997,0.5217466000000001,1995.755543021239,0.014803800033405423
Combined Dynamic Environment,1000,11,Max-Min,275.9539999999998,996.8903000000007,1.0,0.0,0.6335486000000001,1995.755543021239,0.015467700024601072
Combined Dynamic Environment,1000,11,GA,274.94319999999965,923.1042000000007,1.0,0.0,0.6335486,1995.755543021239,0.024371800012886524
Combined Dynamic Environment,1000,11,Classical,230.7001999999999,1830.6809999999987,0.728,0.272,0.5173819000000001,389.5531895646601,0.03233290003845468
Combined Dynamic Environment,1000,11,Proposed Quantum-Inspired,222.21119999999976,1967.2160999999999,0.834,0.16600000000000004,0.4677442,68.87443284702967,0.0609171999967657
Combined Dynamic Environment,1000,12,FCFS,224.23789999999985,1957.7744999999977,0.849,0.15100000000000002,0.46584390000000003,50.39841267341661,0.015159000002313405
Combined Dynamic Environment,1000,12,Round Robin,224.23789999999985,1957.7744999999977,0.849,0.15100000000000002,0.46584390000000003,50.39841267341661,0.016393299971241504
Combined Dynamic Environment,1000,12,Min-Min,184.0409999999998,1700.6426999999999,0.514,0.486,0.5217466,2000.5186827420532,0.015420200012158602
Combined Dynamic Environment,1000,12,Max-Min,276.1999999999998,997.7011000000008,1.0,0.0,0.6335486,2000.5186827420532,0.017602499981876463
Combined Dynamic Environment,1000,12,GA,276.3486000000001,922.3455000000004,1.0,0.0,0.6335486,2000.5186827420532,0.0291033000103198
Combined Dynamic Environment,1000,12,Classical,230.6866,1841.5057999999983,0.711,0.28900000000000003,0.5170149,378.93996886050434,0.04184309998527169
Combined Dynamic Environment,1000,12,Proposed Quantum-Inspired,225.3167,1968.6475999999989,0.848,0.15200000000000002,0.46207190000000004,31.13679495388053,0.05844160000560805
Combined Dynamic Environment,1000,13,FCFS,223.07659999999942,1949.1923999999985,0.828,0.17200000000000004,0.46584390000000003,9.730750228014282,0.015850599971599877
Combined Dynamic Environment,1000,13,Round Robin,223.07659999999942,1949.1923999999985,0.828,0.17200000000000004,0.46584390000000003,9.730750228014282,0.01427390001481399
Combined Dynamic Environment,1000,13,Min-Min,182.49119999999985,1676.6934999999999,0.516,0.484,0.5217466,1978.4350349455501,0.016034800035413355
Combined Dynamic Environment,1000,13,Max-Min,273.87859999999944,989.260200000001,1.0,0.0,0.6335486000000001,1978.4350349455501,0.017175499990116805
Combined Dynamic Environment,1000,13,GA,274.4450999999997,915.4649000000004,1.0,0.0,0.6335486,1978.4350349455501,0.02697850001277402
Combined Dynamic Environment,1000,13,Classical,228.2894,1831.7482999999993,0.724,0.276,0.5164904,369.2630329453518,0.0350899999612011
Combined Dynamic Environment,1000,13,Proposed Quantum-Inspired,222.30309999999972,1942.2344000000023,0.848,0.15200000000000002,0.4685691,109.49514829434224,0.0592983000096865
Combined Dynamic Environment,1000,14,FCFS,221.20739999999947,1913.5991999999965,0.846,0.15400000000000003,0.46584390000000003,29.483045975611137,0.01826069998787716
Combined Dynamic Environment,1000,14,Round Robin,221.20739999999947,1913.5991999999965,0.846,0.15400000000000003,0.46584390000000003,29.483045975611137,0.014400599990040064
Combined Dynamic Environment,1000,14,Min-Min,180.67749999999967,1653.8119999999994,0.543,0.45699999999999996,0.5217466,1954.619336341478,0.016135099984239787
Combined Dynamic Environment,1000,14,Max-Min,271.1585999999998,978.6890000000005,1.0,0.0,0.6335486,1954.619336341478,0.01624299999093637
Combined Dynamic Environment,1000,14,GA,271.90190000000007,905.4927000000017,1.0,0.0,0.6335486,1954.619336341478,0.06664249999448657
Combined Dynamic Environment,1000,14,Classical,228.5847999999999,1784.2293000000025,0.743,0.257,0.5187583,393.33859459758077,0.03294750000350177
Combined Dynamic Environment,1000,14,Proposed Quantum-Inspired,221.15669999999994,1903.040699999999,0.838,0.16200000000000003,0.4688559,39.474675426151386,0.056528299988713115
Combined Dynamic Environment,1000,15,FCFS,218.8734999999998,1885.0163999999986,0.829,0.17100000000000004,0.46584390000000003,13.790848414800301,0.014279900002293289
Combined Dynamic Environment,1000,15,Round Robin,218.8734999999998,1885.0163999999986,0.829,0.17100000000000004,0.46584390000000003,13.790848414800301,0.015065799991134554
Combined Dynamic Environment,1000,15,Min-Min,178.25729999999982,1620.6860000000004,0.492,0.508,0.5217466,1929.0715869298372,0.015562899992801249
Combined Dynamic Environment,1000,15,Max-Min,267.5378999999998,971.6534000000006,1.0,0.0,0.6335486000000001,1929.0715869298372,0.015112199995201081
Combined Dynamic Environment,1000,15,GA,268.9611999999998,890.2476999999996,1.0,0.0,0.6335486,1929.0715869298372,0.025453399983234704
Combined Dynamic Environment,1000,15,Classical,221.87180000000004,1799.9233999999992,0.695,0.30500000000000005,0.5103229,348.1209380373436,0.0339864999987185
Combined Dynamic Environment,1000,15,Proposed Quantum-Inspired,216.17459999999986,1915.9362999999992,0.807,0.19299999999999995,0.4635006,82.60258773186226,0.061398199992254376
Combined Dynamic Environment,1000,16,FCFS,217.97139999999993,1940.5440000000003,0.846,0.15400000000000003,0.46584390000000003,19.00657780874821,0.016976000042632222
Combined Dynamic Environment,1000,16,Round Robin,217.97139999999993,1940.5440000000003,0.846,0.15400000000000003,0.46584390000000003,19.00657780874821,0.015617800003383309
Combined Dynamic Environment,1000,16,Min-Min,180.53709999999978,1656.8248999999996,0.494,0.506,0.5217466,1954.619336341478,0.015564500004984438
Combined Dynamic Environment,1000,16,Max-Min,270.9454999999995,977.1863000000008,1.0,0.0,0.6335486000000001,1954.619336341478,0.01522790000308305
Combined Dynamic Environment,1000,16,GA,269.02890000000014,909.3707999999989,1.0,0.0,0.6335486,1954.619336341478,0.024728699994739145
Combined Dynamic Environment,1000,16,Classical,224.22820000000044,1817.622599999999,0.727,0.273,0.5191093,367.54217445076966,0.032332500035408884
Combined Dynamic Environment,1000,16,Proposed Quantum-Inspired,217.81600000000012,1915.0796999999998,0.819,0.18100000000000005,0.466968,45.047197471096915,0.051947399973869324
Combined Dynamic Environment,1000,17,FCFS,219.36579999999967,1905.9941999999974,0.826,0.17400000000000004,0.46584390000000003,36.61283927804562,0.014873399981297553
Combined Dynamic Environment,1000,17,Round Robin,219.36579999999967,1905.9941999999974,0.826,0.17400000000000004,0.46584390000000003,36.61283927804562,0.015141000039875507
Combined Dynamic Environment,1000,17,Min-Min,179.65979999999996,1652.001,0.498,0.502,0.5217466,1946.825107707418,0.015281900006812066
Combined Dynamic Environment,1000,17,Max-Min,269.62789999999967,972.4032000000009,1.0,0.0,0.6335486,1946.825107707418,0.01629780000075698
Combined Dynamic Environment,1000,17,GA,269.03489999999994,898.5887000000006,1.0,0.0,0.6335486,1946.825107707418,0.03015349997440353
Combined Dynamic Environment,1000,17,Classical,224.31220000000005,1805.6939000000007,0.72,0.28,0.5117914000000001,335.95609832238495,0.04270330001600087
Combined Dynamic Environment,1000,17,Proposed Quantum-Inspired,218.5917999999996,1897.5143999999991,0.833,0.16700000000000004,0.4672062,69.38299503480663,0.06098270002985373
Combined Dynamic Environment,1000,18,FCFS,223.49669999999986,1948.3883000000008,0.842,0.15800000000000003,0.46584390000000003,34.0697813318489,0.013750600046478212
Combined Dynamic Environment,1000,18,Round Robin,223.49669999999986,1948.3883000000008,0.842,0.15800000000000003,0.46584390000000003,34.0697813318489,0.013841499981936067
Combined Dynamic Environment,1000,18,Min-Min,183.24059999999994,1683.4155999999998,0.525,0.475,0.5217466,1985.7962508777177,0.01459229999454692
Combined Dynamic Environment,1000,18,Max-Min,275.00249999999966,992.6968000000008,1.0,0.0,0.6335486000000001,1985.7962508777177,0.01411519997054711
Combined Dynamic Environment,1000,18,GA,275.2185000000001,915.2244000000007,1.0,0.0,0.6335486,1985.7962508777177,0.024524300009943545
Combined Dynamic Environment,1000,18,Classical,227.7292,1846.3459000000016,0.715,0.28500000000000003,0.5105763,356.61919466007436,0.03416699997615069
Combined Dynamic Environment,1000,18,Proposed Quantum-Inspired,224.6459,1938.030499999999,0.825,0.17500000000000004,0.4666955999999999,66.23254487032791,0.05727629998000339
Combined Dynamic Environment,1000,19,FCFS,220.02059999999997,1923.8481999999997,0.828,0.17200000000000004,0.46584390000000003,7.084313657652377,0.013523600006010383
Combined Dynamic Environment,1000,19,Round Robin,220.02059999999997,1923.8481999999997,0.828,0.17200000000000004,0.46584390000000003,7.084313657652377,0.01394029997754842
Combined Dynamic Environment,1000,19,Min-Min,180.98919999999978,1651.4695,0.486,0.514,0.5217466,1956.784399850939,0.014660900051239878
Combined Dynamic Environment,1000,19,Max-Min,271.6304999999997,981.8565000000002,1.0,0.0,0.6335486,1956.784399850939,0.014301499992143363
Combined Dynamic Environment,1000,19,GA,271.18870000000004,906.4840000000003,1.0,0.0,0.6335486,1956.784399850939,0.02466300001833588
Combined Dynamic Environment,1000,19,Classical,227.24750000000006,1802.8251000000027,0.71,0.29000000000000004,0.515674,377.55090716352413,0.03365629998734221
Combined Dynamic Environment,1000,19,Proposed Quantum-Inspired,221.57589999999988,1923.371900000002,0.828,0.17200000000000004,0.4643079,74.29459939995638,0.056423400004860014
Combined Dynamic Environment,1000,20,FCFS,221.15320000000008,1945.6107000000006,0.815,0.18500000000000005,0.46584390000000003,27.343874999714288,0.014878600020892918
Combined Dynamic Environment,1000,20,Round Robin,221.15320000000008,1945.6107000000006,0.815,0.18500000000000005,0.46584390000000003,27.343874999714288,0.013975600013509393
Combined Dynamic Environment,1000,20,Min-Min,181.0249999999999,1660.0392999999995,0.507,0.493,0.5217466,1961.9805522736458,0.015390500018838793
Combined Dynamic Environment,1000,20,Max-Min,271.68039999999974,982.3853000000008,1.0,0.0,0.6335486000000001,1961.9805522736458,0.014832700020633638
Combined Dynamic Environment,1000,20,GA,272.5623000000001,907.232200000001,1.0,0.0,0.6335486,1961.9805522736458,0.023846999974921346
Combined Dynamic Environment,1000,20,Classical,227.92020000000002,1807.4361000000013,0.713,0.28700000000000003,0.5160426,364.956418631047,0.03551369998604059
Combined Dynamic Environment,1000,20,Proposed Quantum-Inspired,220.35370000000023,1901.6434999999983,0.825,0.17500000000000004,0.4699308,79.16557016784506,0.05528619996039197
Combined Dynamic Environment,1000,21,FCFS,212.8605999999999,1888.4412000000004,0.843,0.15700000000000003,0.46584390000000003,38.75886995256699,0.014937700005248189
Combined Dynamic Environment,1000,21,Round Robin,212.8605999999999,1888.4412000000004,0.843,0.15700000000000003,0.46584390000000003,38.75886995256699,0.014318900008220226
Combined Dynamic Environment,1000,21,Min-Min,175.97149999999957,1596.2671999999968,0.54,0.45999999999999996,0.5217466,1900.9257613068428,0.015975399990566075
Combined Dynamic Environment,1000,21,Max-Min,264.1070999999998,957.8529000000009,1.0,0.0,0.6335486000000001,1900.9257613068428,0.015927600034046918
Combined Dynamic Environment,1000,21,GA,262.3392000000001,881.0253,1.0,0.0,0.6335486,1900.9257613068428,0.02451020001899451
Combined Dynamic Environment,1000,21,Classical,217.6136000000001,1777.9229000000034,0.728,0.272,0.5139263,330.980739620903,0.03433619998395443
Combined Dynamic Environment,1000,21,Proposed Quantum-Inspired,213.26880000000006,1866.164300000001,0.84,0.16000000000000003,0.4721516,13.124404748406688,0.05669110000599176
Combined Dynamic Environment,1000,22,FCFS,218.4194999999996,1930.1926000000008,0.842,0.15800000000000003,0.46584390000000003,21.0535032714273,0.014626700023654848
Combined Dynamic Environment,1000,22,Round Robin,218.4194999999996,1930.1926000000008,0.842,0.15800000000000003,0.46584390000000003,21.0535032714273,0.053602100000716746
Combined Dynamic Environment,1000,22,Min-Min,179.59879999999995,1650.7315000000006,0.535,0.46499999999999997,0.5217466000000001,1945.9590823036337,0.016163399966899306
Combined Dynamic Environment,1000,22,Max-Min,269.53609999999975,972.2371000000012,1.0,0.0,0.6335486000000001,1945.9590823036337,0.014985500019975007
Combined Dynamic Environment,1000,22,GA,268.9037999999999,903.2399000000006,1.0,0.0,0.6335486,1945.9590823036337,0.02502140001161024
Combined Dynamic Environment,1000,22,Classical,223.31079999999992,1818.4020999999975,0.726,0.274,0.5160361,345.0192023641583,0.033300000010058284
Combined Dynamic Environment,1000,22,Proposed Quantum-Inspired,218.26039999999986,1917.7128999999993,0.823,0.17700000000000005,0.4663629,71.93573520858739,0.05655569996451959
Combined Dynamic Environment,1000,23,FCFS,212.06129999999976,1870.937199999999,0.844,0.15600000000000003,0.46584390000000003,27.35415873317986,0.015590699971653521
Combined Dynamic Environment,1000,23,Round Robin,212.06129999999976,1870.937199999999,0.844,0.15600000000000003,0.46584390000000003,27.35415873317986,0.013917999982368201
Combined Dynamic Environment,1000,23,Min-Min,175.4577999999998,1594.192999999997,0.54,0.45999999999999996,0.5217466,1892.2655072689984,0.015261900029145181
Combined Dynamic Environment,1000,23,Max-Min,263.33109999999994,950.8813000000011,1.0,0.0,0.6335486,1892.2655072689984,0.015487500000745058
Combined Dynamic Environment,1000,23,GA,261.9329,875.5140000000004,1.0,0.0,0.6335486,1892.2655072689984,0.024485900008585304
Combined Dynamic Environment,1000,23,Classical,218.50540000000015,1757.0671999999968,0.711,0.28900000000000003,0.5129312,329.79880230225217,0.03409949998604134
Combined Dynamic Environment,1000,23,Proposed Quantum-Inspired,212.87700000000004,1857.6346,0.847,0.15300000000000002,0.46895820000000005,25.811818998280614,0.05608330003451556
Combined Dynamic Environment,1000,24,FCFS,217.63419999999982,1899.6652999999997,0.864,0.136,0.46584390000000003,14.428704030508076,0.014775299991015345
Combined Dynamic Environment,1000,24,Round Robin,217.63419999999982,1899.6652999999997,0.864,0.136,0.46584390000000003,14.428704030508076,0.014119100000243634
Combined Dynamic Environment,1000,24,Min-Min,178.43769999999972,1629.4207999999985,0.536,0.46399999999999997,0.5217466,1929.9376123336215,0.016737899975851178
Combined Dynamic Environment,1000,24,Max-Min,267.80039999999974,968.0828000000005,1.0,0.0,0.6335486000000001,1929.9376123336215,0.015551799966488034
Combined Dynamic Environment,1000,24,GA,267.7143999999998,892.6179000000002,1.0,0.0,0.6335486,1929.9376123336215,0.025844299991149455
Combined Dynamic Environment,1000,24,Classical,222.25359999999984,1788.5630000000024,0.733,0.267,0.5144911,363.20061605123965,0.03457640000851825
Combined Dynamic Environment,1000,24,Proposed Quantum-Inspired,217.83939999999944,1891.416199999998,0.848,0.15200000000000002,0.46983410000000003,31.03526220285564,0.06012490001739934
Combined Dynamic Environment,1000,25,FCFS,219.57749999999996,1915.7037000000003,0.857,0.14300000000000002,0.46584390000000003,22.74862633215465,0.017154399945866317
Combined Dynamic Environment,1000,25,Round Robin,219.57749999999996,1915.7037000000003,0.857,0.14300000000000002,0.46584390000000003,22.74862633215465,0.015844999987166375
Combined Dynamic Environment,1000,25,Min-Min,180.1482,1652.4838999999988,0.517,0.483,0.5217466,1955.4853617452625,0.01696280000032857
Combined Dynamic Environment,1000,25,Max-Min,270.36639999999966,980.1716000000006,1.0,0.0,0.6335486,1955.4853617452625,0.017422700009774417
Combined Dynamic Environment,1000,25,GA,269.6285000000001,908.5783000000007,1.0,0.0,0.6335486,1955.4853617452625,0.030974699999205768
Combined Dynamic Environment,1000,25,Classical,223.45810000000017,1834.5159000000008,0.706,0.29400000000000004,0.5156497000000001,346.8825449629889,0.03581460000714287
Combined Dynamic Environment,1000,25,Proposed Quantum-Inspired,218.67749999999978,1908.0172999999984,0.827,0.17300000000000004,0.46565520000000005,41.62331077653482,0.057613099983427674
Combined Dynamic Environment,1000,26,FCFS,222.46040000000013,1948.9281999999987,0.843,0.15700000000000003,0.46584390000000003,15.890248582070704,0.014770900015719235
Combined Dynamic Environment,1000,26,Round Robin,222.46040000000013,1948.9281999999987,0.843,0.15700000000000003,0.46584390000000003,15.890248582070704,0.015779900015331805
Combined Dynamic Environment,1000,26,Min-Min,181.94530000000006,1657.587099999999,0.542,0.45799999999999996,0.5217466,1971.0738190133823,0.015616699995007366
Combined Dynamic Environment,1000,26,Max-Min,273.07099999999986,992.0088000000006,1.0,0.0,0.6335486000000001,1971.0738190133823,0.01616300002206117
Combined Dynamic Environment,1000,26,GA,273.81120000000027,913.2498000000002,1.0,0.0,0.6335486,1971.0738190133823,0.026121900009457022
Combined Dynamic Environment,1000,26,Classical,229.05620000000013,1814.2998000000023,0.731,0.269,0.5172007,387.35190718518476,0.03581179998582229
Combined Dynamic Environment,1000,26,Proposed Quantum-Inspired,222.13760000000033,1942.2152999999996,0.848,0.15200000000000002,0.4637061,34.09545424246464,0.05862249998608604
Combined Dynamic Environment,1000,27,FCFS,218.29989999999992,1909.5823999999975,0.842,0.15800000000000003,0.46584390000000003,35.33411948810951,0.015386899991426617
Combined Dynamic Environment,1000,27,Round Robin,218.29989999999992,1909.5823999999975,0.842,0.15800000000000003,0.46584390000000003,35.33411948810951,0.014416199992410839
Combined Dynamic Environment,1000,27,Min-Min,179.27729999999977,1642.5231999999999,0.486,0.514,0.5217466,1939.8969044771425,0.015613699972163886
Combined Dynamic Environment,1000,27,Max-Min,269.05609999999956,970.7341000000005,1.0,0.0,0.6335486,1939.8969044771425,0.015844699984882027
Combined Dynamic Environment,1000,27,GA,268.1063000000001,898.1346000000003,1.0,0.0,0.6335486,1939.8969044771425,0.02534590003779158
Combined Dynamic Environment,1000,27,Classical,220.58900000000023,1825.1617999999996,0.686,0.31399999999999995,0.511337,343.3809837483724,0.03360379999503493
Combined Dynamic Environment,1000,27,Proposed Quantum-Inspired,216.74679999999998,1911.0645999999977,0.818,0.18200000000000005,0.47028539999999996,81.16957558100202,0.05994959996314719
Combined Dynamic Environment,1000,28,FCFS,209.28759999999943,1825.6021999999996,0.842,0.15800000000000003,0.46584390000000003,27.83433131943356,0.016016400011722
Combined Dynamic Environment,1000,28,Round Robin,209.28759999999943,1825.6021999999996,0.842,0.15800000000000003,0.46584390000000003,27.83433131943356,0.014703800028655678
Combined Dynamic Environment,1000,28,Min-Min,172.50309999999976,1563.1284999999987,0.524,0.476,0.5217466,1857.624491117621,0.01571239996701479
Combined Dynamic Environment,1000,28,Max-Min,258.89849999999984,934.4055000000017,1.0,0.0,0.6335486000000001,1857.624491117621,0.015346999978646636
Combined Dynamic Environment,1000,28,GA,256.94480000000016,853.7073999999999,1.0,0.0,0.6335486,1857.624491117621,0.02472940000006929
Combined Dynamic Environment,1000,28,Classical,214.75319999999974,1702.4439000000004,0.724,0.276,0.514192,339.065259205363,0.033454100019298494
Combined Dynamic Environment,1000,28,Proposed Quantum-Inspired,207.22279999999975,1843.275900000001,0.837,0.16300000000000003,0.46064829999999996,69.85878613317011,0.056206900044344366
Combined Dynamic Environment,1000,29,FCFS,218.76489999999976,1931.8979999999995,0.849,0.15100000000000002,0.46584390000000003,44.94093345715017,0.01648010005010292
Combined Dynamic Environment,1000,29,Round Robin,218.76489999999976,1931.8979999999995,0.849,0.15100000000000002,0.46584390000000003,44.94093345715017,0.01455530000384897
Combined Dynamic Environment,1000,29,Min-Min,179.1453999999999,1642.1585999999986,0.529,0.471,0.5217466,1941.1959425828193,0.015719500021077693
Combined Dynamic Environment,1000,29,Max-Min,268.86009999999965,972.1246000000007,1.0,0.0,0.6335486,1941.1959425828193,0.016709899995476007
Combined Dynamic Environment,1000,29,GA,269.47369999999984,897.0867999999999,1.0,0.0,0.6335486,1941.1959425828193,0.025550900027155876
Combined Dynamic Environment,1000,29,Classical,225.60659999999993,1781.5307,0.729,0.271,0.5168631,378.79570681305245,0.033022799994796515
Combined Dynamic Environment,1000,29,Proposed Quantum-Inspired,220.20780000000008,1898.1624999999997,0.844,0.15600000000000003,0.4671983,34.97409755805001,0.0546131000155583
Combined Dynamic Environment,2000,0,FCFS,435.8306000000001,3808.5633999999955,0.8395,0.16049999999999998,0.46584555,19.253246479490155,0.07217459997627884
Combined Dynamic Environment,2000,0,Round Robin,435.8306000000001,3808.5633999999955,0.8395,0.16049999999999998,0.46584555,19.253246479490155,0.027569299971219152
Combined Dynamic Environment,2000,0,Min-Min,357.9411000000005,3272.1937000000007,0.5275,0.47250000000000003,0.5217463999999999,3871.566567618333,0.03119949996471405
Combined Dynamic Environment,2000,0,Max-Min,537.0531999999993,1940.2988999999957,1.0,0.0,0.6335499,3871.566567618333,0.03359269996872172
Combined Dynamic Environment,2000,0,GA,536.1295999999984,1792.9022000000032,1.0,0.0,0.6335499,3871.566567618333,0.060905300022568554
Combined Dynamic Environment,2000,0,Classical,452.1841999999985,3306.5590999999977,0.7445,0.25549999999999995,0.54035895,1290.6016765447037,0.0717964000068605
Combined Dynamic Environment,2000,0,Proposed Quantum-Inspired,432.88579999999996,3824.025999999999,0.838,0.16200000000000003,0.4643146,165.44239934188576,0.11007599998265505
Combined Dynamic Environment,2000,1,FCFS,440.79089999999985,3891.1553999999956,0.8345,0.16549999999999998,0.46584555,40.786027019066225,0.03161000000545755
Combined Dynamic Environment,2000,1,Round Robin,440.79089999999985,3891.1553999999956,0.8345,0.16549999999999998,0.46584555,40.786027019066225,0.0315052000223659
Combined Dynamic Environment,2000,1,Min-Min,363.0175999999994,3330.0610000000015,0.511,0.489,0.5217463999999999,3935.219434796489,0.03366379998624325
Combined Dynamic Environment,2000,1,Max-Min,544.6676999999997,1970.1777999999972,1.0,0.0,0.6335499,3935.219434796489,0.03248579998034984
Combined Dynamic Environment,2000,1,GA,542.9041999999997,1820.9253999999992,1.0,0.0,0.6335499,3935.219434796489,0.053677699994295835
Combined Dynamic Environment,2000,1,Classical,452.5669000000006,3413.2772,0.7175,0.2825,0.5357038500000001,1295.8846399274898,0.06866659998195246
Combined Dynamic Environment,2000,1,Proposed Quantum-Inspired,438.4837,3862.2699999999945,0.8185,0.1815,0.46642655,109.21309445300047,0.11655600002268329
Combined Dynamic Environment,2000,2,FCFS,437.4772000000003,3826.9523000000036,0.83,0.17000000000000004,0.46584555,40.263972729972885,0.031784199993126094
Combined Dynamic Environment,2000,2,Round Robin,437.4772000000003,3826.9523000000036,0.83,0.17000000000000004,0.46584555,40.263972729972885,0.028532200027257204
Combined Dynamic Environment,2000,2,Min-Min,358.7220000000001,3282.443200000004,0.499,0.501,0.5217463999999999,3884.5569486750996,0.02999519999139011
Combined Dynamic Environment,2000,2,Max-Min,538.2252999999997,1947.1802999999952,1.0,0.0,0.6335499,3884.5569486750996,0.03186879999702796
Combined Dynamic Environment,2000,2,GA,538.786199999999,1800.8543999999995,1.0,0.0,0.6335499,3884.5569486750996,0.050516199960839
Combined Dynamic Environment,2000,2,Classical,455.06149999999917,3328.244900000001,0.7295,0.27049999999999996,0.5384929,1269.1432887976046,0.10867340001277626
Combined Dynamic Environment,2000,2,Proposed Quantum-Inspired,438.3127999999995,3790.219700000004,0.8345,0.16549999999999998,0.46920734999999997,85.25366561034194,0.1106959999888204
Combined Dynamic Environment,2000,3,FCFS,431.85709999999966,3754.666500000003,0.8425,0.15749999999999997,0.46584555,32.080952292598795,0.030292299983557314
Combined Dynamic Environment,2000,3,Round Robin,431.85709999999966,3754.666500000003,0.8425,0.15749999999999997,0.46584555,32.080952292598795,0.028599999961443245
Combined Dynamic Environment,2000,3,Min-Min,355.70770000000033,3246.970499999998,0.516,0.484,0.5217463999999999,3847.317856312369,0.03155519999563694
Combined Dynamic Environment,2000,3,Max-Min,533.7039999999989,1930.509999999997,1.0,0.0,0.6335499,3847.317856312369,0.03196549997664988
Combined Dynamic Environment,2000,3,GA,530.9646999999998,1774.5308,1.0,0.0,0.6335499,3847.317856312369,0.05151060002390295
Combined Dynamic Environment,2000,3,Classical,444.95059999999927,3305.0177999999996,0.7305,0.26949999999999996,0.53405115,1256.7040970331877,0.06999389996053651
Combined Dynamic Environment,2000,3,Proposed Quantum-Inspired,432.3512999999987,3753.7657000000013,0.8465,0.15349999999999997,0.4667035,44.58348909630111,0.10860859998501837
Combined Dynamic Environment,2000,4,FCFS,430.0133000000001,3765.6171000000045,0.829,0.17100000000000004,0.46584555,25.183079636930824,0.029486500017810613
Combined Dynamic Environment,2000,4,Round Robin,430.0133000000001,3765.6171000000045,0.829,0.17100000000000004,0.46584555,25.183079636930824,0.027882999973371625
Combined Dynamic Environment,2000,4,Min-Min,354.4355000000006,3237.0306000000023,0.508,0.492,0.5217463999999999,3830.8633736404645,0.030495299957692623
Combined Dynamic Environment,2000,4,Max-Min,531.7936999999989,1920.2760999999955,1.0,0.0,0.6335499,3830.8633736404645,0.031532399996649474
Combined Dynamic Environment,2000,4,GA,530.0288999999995,1769.7694999999999,1.0,0.0,0.6335499,3830.8633736404645,0.05013660003896803
Combined Dynamic Environment,2000,4,Classical,440.2826999999996,3338.2832999999955,0.724,0.276,0.5324057,1230.3447433544795,0.06725650001317263
Combined Dynamic Environment,2000,4,Proposed Quantum-Inspired,426.2086999999999,3751.0284999999994,0.824,0.17600000000000005,0.4692115,190.8368085564208,0.10763470001984388
Combined Dynamic Environment,2000,5,FCFS,434.40719999999936,3815.153400000001,0.835,0.16500000000000004,0.46584555,33.24154027718932,0.0295876000309363
Combined Dynamic Environment,2000,5,Round Robin,434.40719999999936,3815.153400000001,0.835,0.16500000000000004,0.46584555,33.24154027718932,0.027632399986032397
Combined Dynamic Environment,2000,5,Min-Min,357.4998000000001,3261.1274999999973,0.528,0.472,0.5217463999999999,3865.937402493734,0.07505769998533651
Combined Dynamic Environment,2000,5,Max-Min,536.3940999999988,1940.630299999996,1.0,0.0,0.6335499,3865.937402493734,0.031350200006272644
Combined Dynamic Environment,2000,5,GA,535.2993999999997,1788.8650000000007,1.0,0.0,0.6335499,3865.937402493734,0.05253779998747632
Combined Dynamic Environment,2000,5,Classical,439.6445999999999,3407.2399000000005,0.708,0.29200000000000004,0.53023235,1310.4113857869215,0.06983609998133034
Combined Dynamic Environment,2000,5,Proposed Quantum-Inspired,434.872699999999,3815.696999999997,0.8425,0.15749999999999997,0.46695145000000005,65.11144292672371,0.11306149995652959
Combined Dynamic Environment,2000,6,FCFS,436.31569999999994,3821.1982,0.8265,0.1735,0.46584555,30.894983411550815,0.03239070001291111
Combined Dynamic Environment,2000,6,Round Robin,436.31569999999994,3821.1982,0.8265,0.1735,0.46584555,30.894983411550815,0.029363000008743256
Combined Dynamic Environment,2000,6,Min-Min,358.74740000000025,3281.0114999999983,0.514,0.486,0.5217463999999999,3879.793808954285,0.032349999994039536
Combined Dynamic Environment,2000,6,Max-Min,538.2616999999993,1943.4887999999976,1.0,0.0,0.6335499,3879.793808954285,0.03336300002411008
Combined Dynamic Environment,2000,6,GA,537.172599999999,1788.5313999999996,1.0,0.0,0.6335499,3879.793808954285,0.05281219998141751
Combined Dynamic Environment,2000,6,Classical,452.2689999999999,3305.04949999999,0.734,0.266,0.5383346,1283.3481600875111,0.06703769997693598
Combined Dynamic Environment,2000,6,Proposed Quantum-Inspired,434.4363999999996,3784.9419999999964,0.829,0.17100000000000004,0.46856885,99.24464721081938,0.11048319999827072
Combined Dynamic Environment,2000,7,FCFS,446.8031999999989,3874.2160000000013,0.829,0.17100000000000004,0.46584555,37.45330426010501,0.03064979996997863
Combined Dynamic Environment,2000,7,Round Robin,446.8031999999989,3874.2160000000013,0.829,0.17100000000000004,0.46584555,37.45330426010501,0.02731490001315251
Combined Dynamic Environment,2000,7,Min-Min,366.5290999999995,3361.3958999999986,0.5075,0.49250000000000005,0.5217463999999999,3974.190577966789,0.032399100018665195
Combined Dynamic Environment,2000,7,Max-Min,549.9371999999994,1990.511299999998,1.0,0.0,0.6335499,3974.190577966789,0.030584399995859712
Combined Dynamic Environment,2000,7,GA,549.1405999999995,1829.1773000000012,1.0,0.0,0.6335499,3974.190577966789,0.04884269996546209
Combined Dynamic Environment,2000,7,Classical,455.30379999999997,3442.709100000003,0.715,0.28500000000000003,0.5321582499999999,1341.919613836835,0.06838240002980456
Combined Dynamic Environment,2000,7,Proposed Quantum-Inspired,445.4220000000001,3871.2313000000045,0.8255,0.1745,0.4686311,63.33442981506978,0.10745489998953417
Combined Dynamic Environment,2000,8,FCFS,436.89390000000014,3821.1958999999893,0.841,0.15900000000000003,0.46584555,52.112258634605354,0.0737997000105679
Combined Dynamic Environment,2000,8,Round Robin,436.89390000000014,3821.1958999999893,0.841,0.15900000000000003,0.46584555,52.112258634605354,0.0342042000265792
Combined Dynamic Environment,2000,8,Min-Min,357.57180000000005,3257.0452,0.5295,0.47050000000000003,0.5217463999999999,3864.6383643880577,0.030801299959421158
Combined Dynamic Environment,2000,8,Max-Min,536.5034999999989,1941.4679999999955,1.0,0.0,0.6335499,3864.6383643880577,0.03435539995552972
Combined Dynamic Environment,2000,8,GA,537.1942999999986,1792.801300000001,1.0,0.0,0.6335499,3864.6383643880577,0.050105699978303164
Combined Dynamic Environment,2000,8,Classical,445.27019999999936,3388.915999999998,0.7305,0.26949999999999996,0.53326755,1247.0249345943328,0.06561669998336583
Combined Dynamic Environment,2000,8,Proposed Quantum-Inspired,435.87209999999936,3781.5904999999916,0.844,0.15600000000000003,0.46921494999999996,151.72075500734894,0.11199930001748726
Combined Dynamic Environment,2000,9,FCFS,441.8082000000002,3841.0531,0.839,0.16100000000000003,0.46584555,42.15744299646268,0.029597100045066327
Combined Dynamic Environment,2000,9,Round Robin,441.8082000000002,3841.0531,0.839,0.16100000000000003,0.46584555,42.15744299646268,0.027924900001380593
Combined Dynamic Environment,2000,9,Min-Min,361.1058,3310.098500000003,0.5285,0.47150000000000003,0.5217463999999999,3910.1046980867404,0.03186819999245927
Combined Dynamic Environment,2000,9,Max-Min,541.7993,1956.9527999999964,1.0,0.0,0.6335499,3910.1046980867404,0.03186980000464246
Combined Dynamic Environment,2000,9,GA,543.0222999999992,1807.044800000001,1.0,0.0,0.6335499,3910.1046980867404,0.050908399978652596
Combined Dynamic Environment,2000,9,Classical,451.92530000000005,3379.1375999999987,0.72,0.28,0.5353081500000001,1328.6567464924867,0.06668059999356046
Combined Dynamic Environment,2000,9,Proposed Quantum-Inspired,442.6693999999998,3847.8998999999967,0.8345,0.16549999999999998,0.46853745,66.15701021055894,0.11153950000880286
Combined Dynamic Environment,2000,10,FCFS,437.80819999999954,3837.3774999999905,0.8395,0.16049999999999998,0.46584555,59.95571282204891,0.028947999991942197
Combined Dynamic Environment,2000,10,Round Robin,437.80819999999954,3837.3774999999905,0.8395,0.16049999999999998,0.46584555,59.95571282204891,0.029533500026445836
Combined Dynamic Environment,2000,10,Min-Min,359.4496000000008,3291.768,0.5035,0.49650000000000005,0.5217463999999999,3888.887075694022,0.03139770001871511
Combined Dynamic Environment,2000,10,Max-Min,539.3141999999993,1946.513199999997,1.0,0.0,0.6335499,3888.887075694022,0.031090999953448772
Combined Dynamic Environment,2000,10,GA,538.1468999999998,1810.3677999999977,1.0,0.0,0.6335499,3888.887075694022,0.09651170001598075
Combined Dynamic Environment,2000,10,Classical,444.3778999999997,3426.093699999997,0.706,0.29400000000000004,0.5332388000000001,1304.4930768309964,0.0669859999907203
Combined Dynamic Environment,2000,10,Proposed Quantum-Inspired,436.89590000000027,3802.608000000006,0.821,0.17900000000000005,0.4702663,127.03616611028531,0.10990420001326129
Combined Dynamic Environment,2000,11,FCFS,441.985199999999,3858.688399999995,0.8415,0.15849999999999997,0.46584555,49.30770730829005,0.028140499955043197
Combined Dynamic Environment,2000,11,Round Robin,441.985199999999,3858.688399999995,0.8415,0.15849999999999997,0.46584555,49.30770730829005,0.03021569998236373
Combined Dynamic Environment,2000,11,Min-Min,362.73130000000003,3325.173399999999,0.5375,0.4625,0.5217463999999999,3929.1572569699983,0.03426789998775348
Combined Dynamic Environment,2000,11,Max-Min,544.2378999999999,1967.0169999999966,1.0,0.0,0.6335499,3929.1572569699983,0.03199829999357462
Combined Dynamic Environment,2000,11,GA,544.2628999999981,1824.8229000000006,1.0,0.0,0.6335499,3929.1572569699983,0.0515406999620609
Combined Dynamic Environment,2000,11,Classical,457.6082999999995,3377.0169999999944,0.7455,0.25449999999999995,0.53853385,1308.437522390733,0.06780499999877065
Combined Dynamic Environment,2000,11,Proposed Quantum-Inspired,441.1841999999987,3899.012299999996,0.848,0.15200000000000002,0.4656408,63.43697659882602,0.11083289998350665
Combined Dynamic Environment,2000,12,FCFS,445.0087999999993,3910.749599999987,0.852,0.14800000000000002,0.46584555,50.19213085733659,0.030542900029104203
Combined Dynamic Environment,2000,12,Round Robin,445.0087999999993,3910.749599999987,0.852,0.14800000000000002,0.46584555,50.19213085733659,0.029284500051289797
Combined Dynamic Environment,2000,12,Min-Min,365.7401999999995,3362.1255,0.538,0.46199999999999997,0.5217463999999999,3965.5303239289447,0.03237430000444874
Combined Dynamic Environment,2000,12,Max-Min,548.7499999999999,1982.1466999999977,1.0,0.0,0.6335499,3965.5303239289447,0.031480400008149445
Combined Dynamic Environment,2000,12,GA,548.0146999999989,1835.3414999999982,1.0,0.0,0.6335499,3965.5303239289447,0.05154799995943904
Combined Dynamic Environment,2000,12,Classical,453.89199999999903,3460.026499999991,0.718,0.28200000000000003,0.5339276,1318.2898960395623,0.08630760002415627
Combined Dynamic Environment,2000,12,Proposed Quantum-Inspired,445.8488,3892.871199999999,0.8445,0.15549999999999997,0.4659484,25.59785147234041,0.11854400002630427
Combined Dynamic Environment,2000,13,FCFS,440.51810000000006,3856.899399999998,0.834,0.16600000000000004,0.46584555,61.37792762874941,0.03269409999484196
Combined Dynamic Environment,2000,13,Round Robin,440.51810000000006,3856.899399999998,0.834,0.16600000000000004,0.46584555,61.37792762874941,0.07418799999868497
Combined Dynamic Environment,2000,13,Min-Min,360.4175000000004,3303.5129,0.5155,0.48450000000000004,0.5217463999999999,3903.176494856465,0.03611159999854863
Combined Dynamic Environment,2000,13,Max-Min,540.7662999999999,1953.846399999995,1.0,0.0,0.6335499,3903.176494856465,0.03307399997720495
Combined Dynamic Environment,2000,13,GA,541.6841000000002,1807.0498000000014,1.0,0.0,0.6335499,3903.176494856465,0.051547400013078004
Combined Dynamic Environment,2000,13,Classical,442.2531999999995,3463.1379999999995,0.697,0.30300000000000005,0.52882655,1332.8791205506973,0.06990339996991679
Combined Dynamic Environment,2000,13,Proposed Quantum-Inspired,440.0126999999995,3804.0180999999984,0.8425,0.15749999999999997,0.46910889999999994,110.23724416003876,0.10996870003873482
Combined Dynamic Environment,2000,14,FCFS,441.82449999999926,3840.9427999999984,0.833,0.16700000000000004,0.46584555,55.17868700866305,0.028182599984575063
Combined Dynamic Environment,2000,14,Round Robin,441.82449999999926,3840.9427999999984,0.833,0.16700000000000004,0.46584555,55.17868700866305,0.02954609994776547
Combined Dynamic Environment,2000,14,Min-Min,362.3124,3321.2706000000017,0.528,0.472,0.5217463999999999,3921.7960410378305,0.03197800001362339
Combined Dynamic Environment,2000,14,Max-Min,543.6082999999999,1962.1647999999961,1.0,0.0,0.6335499,3921.7960410378305,0.03351679997285828
Combined Dynamic Environment,2000,14,GA,543.0612000000002,1810.471800000001,1.0,0.0,0.6335499,3921.7960410378305,0.05596810003044084
Combined Dynamic Environment,2000,14,Classical,450.48159999999916,3420.2600999999904,0.724,0.276,0.5327388,1272.7655665911143,0.0682327999966219
Combined Dynamic Environment,2000,14,Proposed Quantum-Inspired,442.5417999999995,3805.4933999999967,0.8405,0.15949999999999998,0.4696905,73.89646473275971,0.11075449996860698
Combined Dynamic Environment,2000,15,FCFS,437.1553999999995,3773.6857000000045,0.8405,0.15949999999999998,0.46584555,36.50599265874029,0.033878999995067716
Combined Dynamic Environment,2000,15,Round Robin,437.1553999999995,3773.6857000000045,0.8405,0.15949999999999998,0.46584555,36.50599265874029,0.032788600015919656
Combined Dynamic Environment,2000,15,Min-Min,357.1268,3257.0019999999995,0.511,0.489,0.5217463999999999,3865.5043897918417,0.03362479998031631
Combined Dynamic Environment,2000,15,Max-Min,535.8361000000004,1942.2981999999959,1.0,0.0,0.6335499,3865.5043897918417,0.03108580003026873
Combined Dynamic Environment,2000,15,GA,537.2357999999989,1783.5175999999997,1.0,0.0,0.6335499,3865.5043897918417,0.052345699979923666
Combined Dynamic Environment,2000,15,Classical,452.9571999999996,3279.6464000000055,0.7305,0.26949999999999996,0.5383438000000001,1320.8976824493259,0.11382730002515018
Combined Dynamic Environment,2000,15,Proposed Quantum-Inspired,431.8469000000003,3806.3919000000005,0.8205,0.1795,0.46698860000000003,186.42877326206917,0.10842400003457442
Combined Dynamic Environment,2000,16,FCFS,436.1351999999989,3829.296999999998,0.8485,0.15149999999999997,0.46584555,31.212978070027216,0.030052100017201155
Combined Dynamic Environment,2000,16,Round Robin,436.1351999999989,3829.296999999998,0.8485,0.15149999999999997,0.46584555,31.212978070027216,0.02775649999966845
Combined Dynamic Environment,2000,16,Min-Min,357.92760000000027,3269.8014000000003,0.516,0.484,0.5217463999999999,3871.999580320225,0.030978100025095046
Combined Dynamic Environment,2000,16,Max-Min,537.0336999999995,1941.8956999999962,1.0,0.0,0.6335499,3871.999580320225,0.03212249994976446
Combined Dynamic Environment,2000,16,GA,537.6831999999981,1795.7472,1.0,0.0,0.6335499,3871.999580320225,0.055529600009322166
Combined Dynamic Environment,2000,16,Classical,447.23429999999956,3362.6350000000007,0.719,0.281,0.5358274000000001,1297.6728208604818,0.07245680002961308
Combined Dynamic Environment,2000,16,Proposed Quantum-Inspired,438.93019999999893,3779.526700000002,0.837,0.16300000000000003,0.4667272,75.45362814338354,0.11221190000651404
Combined Dynamic Environment,2000,17,FCFS,440.10829999999976,3817.0608000000034,0.833,0.16700000000000004,0.46584555,50.06246098625196,0.0298975000041537
Combined Dynamic Environment,2000,17,Round Robin,440.10829999999976,3817.0608000000034,0.833,0.16700000000000004,0.46584555,50.06246098625196,0.029502300021704286
Combined Dynamic Environment,2000,17,Min-Min,359.7362000000003,3297.4458999999983,0.5015,0.49850000000000005,0.5217463999999999,3896.2482916261893,0.030179399996995926
Combined Dynamic Environment,2000,17,Max-Min,539.7443999999999,1950.480599999996,1.0,0.0,0.6335499,3896.2482916261893,0.031286099983844906
Combined Dynamic Environment,2000,17,GA,540.4656999999992,1802.086399999996,1.0,0.0,0.6335499,3896.2482916261893,0.05030319996876642
Combined Dynamic Environment,2000,17,Classical,452.31089999999926,3370.761399999999,0.7185,0.2815,0.5328361,1250.773860455998,0.06771539995679632
Combined Dynamic Environment,2000,17,Proposed Quantum-Inspired,438.02399999999926,3806.2661000000057,0.8285,0.17149999999999999,0.46967475000000003,72.6997248963158,0.11466439999639988
Combined Dynamic Environment,2000,18,FCFS,438.3304999999999,3878.017700000002,0.8445,0.15549999999999997,0.46584555,54.83327001009515,0.03057709999848157
Combined Dynamic Environment,2000,18,Round Robin,438.3304999999999,3878.017700000002,0.8445,0.15549999999999997,0.46584555,54.83327001009515,0.0281787000130862
Combined Dynamic Environment,2000,18,Min-Min,361.7203000000002,3308.805000000001,0.534,0.46599999999999997,0.5217463999999999,3914.0018124037706,0.032725099998060614
Combined Dynamic Environment,2000,18,Max-Min,542.7222999999998,1961.195099999996,1.0,0.0,0.6335499,3914.0018124037706,0.07644939998863265
Combined Dynamic Environment,2000,18,GA,540.4462999999988,1812.6532999999995,1.0,0.0,0.6335499,3914.0018124037706,0.05223520001163706
Combined Dynamic Environment,2000,18,Classical,448.5590999999992,3426.9829999999956,0.716,0.28400000000000003,0.53265435,1256.9131582969446,0.07125929999165237
Combined Dynamic Environment,2000,18,Proposed Quantum-Inspired,441.6931999999994,3829.2866999999965,0.8385,0.16149999999999998,0.46606695000000004,92.11779144117601,0.10899759997846559
Combined Dynamic Environment,2000,19,FCFS,440.6735999999991,3851.7467000000056,0.8245,0.1755,0.46584555,32.89756829919196,0.03254799998831004
Combined Dynamic Environment,2000,19,Round Robin,440.6735999999991,3851.7467000000056,0.8245,0.1755,0.46584555,32.89756829919196,0.030880499980412424
Combined Dynamic Environment,2000,19,Min-Min,362.3520000000001,3314.675899999998,0.5015,0.49850000000000005,0.5217463999999999,3918.764952124585,0.03294439997989684
Combined Dynamic Environment,2000,19,Max-Min,543.6694999999994,1962.6563999999976,1.0,0.0,0.6335499,3918.764952124585,0.03311580000445247
Combined Dynamic Environment,2000,19,GA,543.4245999999989,1808.3055999999997,1.0,0.0,0.6335499,3918.764952124585,0.051268499984871596
Combined Dynamic Environment,2000,19,Classical,458.168099999999,3326.0389000000046,0.723,0.277,0.5383143,1325.4170098501074,0.06896489998325706
Combined Dynamic Environment,2000,19,Proposed Quantum-Inspired,441.9678999999998,3840.8821000000057,0.8295,0.17049999999999998,0.46575945,21.80022935659164,0.1117206999915652
Combined Dynamic Environment,2000,20,FCFS,441.70409999999924,3841.7385999999897,0.826,0.17400000000000004,0.46584555,28.331740151286155,0.029920500004664063
Combined Dynamic Environment,2000,20,Round Robin,441.70409999999924,3841.7385999999897,0.826,0.17400000000000004,0.46584555,28.331740151286155,0.02916509995702654
Combined Dynamic Environment,2000,20,Min-Min,360.92260000000005,3305.420700000001,0.5115,0.48850000000000005,0.5217463999999999,3908.805659981064,0.031938900006935
Combined Dynamic Environment,2000,20,Max-Min,541.5253999999999,1958.0922999999968,1.0,0.0,0.6335499,3908.805659981064,0.030953200010117143
Combined Dynamic Environment,2000,20,GA,543.3281999999997,1803.0736000000004,1.0,0.0,0.6335499,3908.805659981064,0.05352469999343157
Combined Dynamic Environment,2000,20,Classical,456.2551000000005,3332.760099999998,0.725,0.275,0.53653755,1320.2521302766377,0.07276170002296567
Combined Dynamic Environment,2000,20,Proposed Quantum-Inspired,439.82990000000103,3813.0284999999903,0.827,0.17300000000000004,0.46924235,87.10446314627052,0.11827080004150048
Combined Dynamic Environment,2000,21,FCFS,440.59719999999965,3826.0083999999874,0.8425,0.15749999999999997,0.46584555,33.818449106959356,0.029777499963529408
Combined Dynamic Environment,2000,21,Round Robin,440.59719999999965,3826.0083999999874,0.8425,0.15749999999999997,0.46584555,33.818449106959356,0.07220059999963269
Combined Dynamic Environment,2000,21,Min-Min,360.5394999999996,3296.4058000000005,0.527,0.473,0.5217463999999999,3899.279380539435,0.03258020000066608
Combined Dynamic Environment,2000,21,Max-Min,540.9515999999995,1953.7919999999963,1.0,0.0,0.6335499,3899.279380539435,0.031677399994805455
Combined Dynamic Environment,2000,21,GA,541.8651999999992,1795.5486999999991,1.0,0.0,0.6335499,3899.279380539435,0.055860200023744255
Combined Dynamic Environment,2000,21,Classical,457.97539999999987,3289.880799999998,0.747,0.253,0.53896985,1340.3727793043247,0.06836580001981929
Combined Dynamic Environment,2000,21,Proposed Quantum-Inspired,440.3243999999994,3838.6009000000054,0.8465,0.15349999999999997,0.4687078,44.24576250896802,0.11169370001880452
Combined Dynamic Environment,2000,22,FCFS,439.2926999999996,3836.3347999999964,0.8365,0.16349999999999998,0.46584555,13.038404810405298,0.029411599971354008
Combined Dynamic Environment,2000,22,Round Robin,439.2926999999996,3836.3347999999964,0.8365,0.16349999999999998,0.46584555,13.038404810405298,0.027675599965732545
Combined Dynamic Environment,2000,22,Min-Min,359.9892000000003,3301.7103999999995,0.5245,0.47550000000000003,0.5217463999999999,3900.5784186451115,0.030515800055582076
Combined Dynamic Environment,2000,22,Max-Min,540.1228000000001,1952.350299999996,1.0,0.0,0.6335499,3900.5784186451115,0.03168170002754778
Combined Dynamic Environment,2000,22,GA,541.1367000000001,1804.0633999999973,1.0,0.0,0.6335499,3900.5784186451115,0.049506799958180636
Combined Dynamic Environment,2000,22,Classical,446.7497000000007,3411.6428,0.711,0.28900000000000003,0.5325745500000001,1304.712803646841,0.06579319998854771
Combined Dynamic Environment,2000,22,Proposed Quantum-Inspired,437.97819999999996,3849.793000000004,0.8195,0.1805,0.46525700000000003,70.32780389006896,0.10856469999998808
Combined Dynamic Environment,2000,23,FCFS,435.26349999999917,3803.046799999997,0.8435,0.15649999999999997,0.46584555,48.015622457696,0.029858199995942414
Combined Dynamic Environment,2000,23,Round Robin,435.26349999999917,3803.046799999997,0.8435,0.15649999999999997,0.46584555,48.015622457696,0.02830619999440387
Combined Dynamic Environment,2000,23,Min-Min,358.0139999999999,3269.4205999999995,0.5385,0.4615,0.5217463999999999,3872.8656057240096,0.03189450001809746
Combined Dynamic Environment,2000,23,Max-Min,537.1640999999994,1942.8859999999959,1.0,0.0,0.6335499,3872.8656057240096,0.03278919996228069
Combined Dynamic Environment,2000,23,GA,537.0007999999988,1781.0505000000005,1.0,0.0,0.6335499,3872.8656057240096,0.05228270002407953
Combined Dynamic Environment,2000,23,Classical,447.11199999999906,3336.721400000002,0.7235,0.27649999999999997,0.5323029,1295.380446046643,0.11007639998570085
Combined Dynamic Environment,2000,23,Proposed Quantum-Inspired,437.2794999999996,3764.357700000001,0.8415,0.15849999999999997,0.46824105,78.29112337934615,0.11263570003211498
Combined Dynamic Environment,2000,24,FCFS,439.86869999999954,3805.260699999998,0.8475,0.15249999999999997,0.46584555,21.0282548015759,0.031119899998884648
Combined Dynamic Environment,2000,24,Round Robin,439.86869999999954,3805.260699999998,0.8475,0.15249999999999997,0.46584555,21.0282548015759,0.029533300024922937
Combined Dynamic Environment,2000,24,Min-Min,359.57850000000025,3291.3871000000017,0.5145,0.48550000000000004,0.5217463999999999,3894.083228116728,0.03236280003329739
Combined Dynamic Environment,2000,24,Max-Min,539.5092,1951.5087999999957,1.0,0.0,0.6335499,3894.083228116728,0.035049600002821535
Combined Dynamic Environment,2000,24,GA,540.6759999999994,1794.2557999999967,1.0,0.0,0.6335499,3894.083228116728,0.05457520001800731
Combined Dynamic Environment,2000,24,Classical,455.09099999999944,3309.041799999997,0.739,0.261,0.53702165,1321.0840955442618,0.06836780003504828
Combined Dynamic Environment,2000,24,Proposed Quantum-Inspired,438.0438999999993,3835.8725000000027,0.8355,0.16449999999999998,0.46573450000000005,60.371247295380606,0.11797100002877414
Combined Dynamic Environment,2000,25,FCFS,443.8825999999991,3817.4371000000037,0.8385,0.16149999999999998,0.46584555,35.54838252297846,0.030998899950645864
Combined Dynamic Environment,2000,25,Round Robin,443.8825999999991,3817.4371000000037,0.8385,0.16149999999999998,0.46584555,35.54838252297846,0.029122899984940886
Combined Dynamic Environment,2000,25,Min-Min,360.4039999999999,3304.0774000000033,0.514,0.486,0.5217463999999999,3909.6716853848484,0.031855100009124726
Combined Dynamic Environment,2000,25,Max-Min,540.7478999999997,1959.5731999999964,1.0,0.0,0.6335499,3909.6716853848484,0.03256989998044446
Combined Dynamic Environment,2000,25,GA,545.1574,1805.8205000000012,1.0,0.0,0.6335499,3909.6716853848484,0.056077799992635846
Combined Dynamic Environment,2000,25,Classical,462.50590000000005,3302.7100999999966,0.7365,0.26349999999999996,0.5401604500000001,1324.3164982359767,0.07423670002026483
Combined Dynamic Environment,2000,25,Proposed Quantum-Inspired,444.5760999999992,3774.0894000000003,0.8385,0.16149999999999998,0.47161525,127.15812007103597,0.11534150002989918
Combined Dynamic Environment,2000,26,FCFS,439.69950000000046,3846.591500000005,0.8375,0.16249999999999998,0.46584555,25.495097567963924,0.031255400041118264
Combined Dynamic Environment,2000,26,Round Robin,439.69950000000046,3846.591500000005,0.8375,0.16249999999999998,0.46584555,25.495097567963924,0.07562690001213923
Combined Dynamic Environment,2000,26,Min-Min,361.14399999999944,3292.0272999999993,0.518,0.482,0.5217463999999999,3909.238672682956,0.03423679998377338
Combined Dynamic Environment,2000,26,Max-Min,541.8636000000001,1965.1851999999951,1.0,0.0,0.6335499,3909.238672682956,0.034962400037329644
Combined Dynamic Environment,2000,26,GA,541.7868000000004,1805.204899999999,1.0,0.0,0.6335499,3909.238672682956,0.05648330005351454
Combined Dynamic Environment,2000,26,Classical,453.9220000000001,3358.0379000000053,0.733,0.267,0.5356137999999999,1293.0558765962128,0.07175260002259165
Combined Dynamic Environment,2000,26,Proposed Quantum-Inspired,439.7323999999997,3833.505300000005,0.836,0.16400000000000003,0.4641228,12.24744871391589,0.11260870000114664
Combined Dynamic Environment,2000,27,FCFS,435.55989999999895,3812.114799999995,0.8355,0.16449999999999998,0.46584555,49.31721301939111,0.030658299976494163
Combined Dynamic Environment,2000,27,Round Robin,435.55989999999895,3812.114799999995,0.8355,0.16449999999999998,0.46584555,49.31721301939111,0.028539900027681142
Combined Dynamic Environment,2000,27,Min-Min,356.4254000000009,3256.6477,0.5035,0.49650000000000005,0.5217463999999999,3854.246059542644,0.034754799969960004
Combined Dynamic Environment,2000,27,Max-Min,534.7787999999993,1932.0701999999958,1.0,0.0,0.6335499,3854.246059542644,0.031909899960737675
Combined Dynamic Environment,2000,27,GA,536.0493999999998,1784.1805999999967,1.0,0.0,0.6335499,3854.246059542644,0.05090619996190071
Combined Dynamic Environment,2000,27,Classical,452.4222000000003,3266.6701000000003,0.7385,0.26149999999999995,0.5394459,1323.9600399936548,0.0735526000498794
Combined Dynamic Environment,2000,27,Proposed Quantum-Inspired,431.95589999999964,3792.465900000002,0.8245,0.1755,0.4694172,154.0184648021139,0.10798570001497865
Combined Dynamic Environment,2000,28,FCFS,427.34709999999933,3728.5507999999973,0.844,0.15600000000000003,0.46584555,24.097458372201828,0.028982000018004328
Combined Dynamic Environment,2000,28,Round Robin,427.34709999999933,3728.5507999999973,0.844,0.15600000000000003,0.46584555,24.097458372201828,0.028548099973704666
Combined Dynamic Environment,2000,28,Min-Min,351.78040000000124,3203.8047,0.523,0.477,0.5217463999999999,3799.6864591042245,0.030802300025243312
Combined Dynamic Environment,2000,28,Max-Min,527.8127999999996,1908.084899999996,1.0,0.0,0.6335499,3799.6864591042245,0.03294239996466786
Combined Dynamic Environment,2000,28,GA,525.5879999999987,1749.3241000000025,1.0,0.0,0.6335499,3799.6864591042245,0.05131700000492856
Combined Dynamic Environment,2000,28,Classical,438.05689999999976,3263.0675999999944,0.7245,0.27549999999999997,0.5343633999999999,1304.4746787500324,0.11252209998201579
Combined Dynamic Environment,2000,28,Proposed Quantum-Inspired,424.95550000000014,3751.4943,0.8325,0.16749999999999998,0.4653604,73.97423537962389,0.11030759999994189
Combined Dynamic Environment,2000,29,FCFS,442.20119999999946,3849.0193999999974,0.843,0.15700000000000003,0.46584555,42.55290824373817,0.03277589997742325
Combined Dynamic Environment,2000,29,Round Robin,442.20119999999946,3849.0193999999974,0.843,0.15700000000000003,0.46584555,42.55290824373817,0.02845260000322014
Combined Dynamic Environment,2000,29,Min-Min,361.0178999999997,3310.674599999999,0.5165,0.48350000000000004,0.5217463999999999,3910.1046980867404,0.03173890005564317
Combined Dynamic Environment,2000,29,Max-Min,541.6666,1956.6659999999974,1.0,0.0,0.6335499,3910.1046980867404,0.03144719998817891
Combined Dynamic Environment,2000,29,GA,543.4248000000001,1803.4388000000008,1.0,0.0,0.6335499,3910.1046980867404,0.05196669994620606
Combined Dynamic Environment,2000,29,Classical,455.57040000000006,3342.398799999991,0.7275,0.27249999999999996,0.5355117,1317.737170303699,0.06995060003828257
Combined Dynamic Environment,2000,29,Proposed Quantum-Inspired,441.8571000000004,3809.483299999995,0.846,0.15400000000000003,0.46740625,68.08267033540915,0.11515519995009527
